frame_idx,gps_dist,log_gps,log_semantic,log_corridor,corridor_dist,corridor_heading_misalign,correct_hits,incorrect_hits,no_hits,weight,gps_weight_used,corridor_weight_used,num_background_used,num_observations,semantic_model_used,semantic_classes_mode,gps_enabled,semantic_enabled,corridor_enabled,background_enabled,dynamic_gps_enabled,pose_smoothing_enabled
0,0.9882881045341492,-0.4036005437374115,-508.3171081542969,-0.7512664794921875,1.8378220796585083,0.013010501861572266,29,0,98,0.027711717411875725,0.5415162454873647,0.3,116,127,wall,both,1,1,1,1,1,1
4,2.389871120452881,-2.360117197036743,-244.4298858642578,-0.11828328669071198,0.7127199769020081,0.03637683391571045,131,2,28,0.024003224447369576,0.48231511254019294,0.3,120,161,wall,both,1,1,1,1,1,1
8,1.8142592906951904,-1.3601391315460205,-220.919189453125,-0.14306646585464478,0.7955139875411987,0.02442389726638794,124,0,17,0.010641859844326973,0.5154639175257733,0.3,120,141,wall,both,1,1,1,1,1,1
12,1.4631857872009277,-0.8846745491027832,-157.3858642578125,-0.1333853304386139,0.7663860321044922,0.02648758888244629,111,0,15,0.019931292161345482,0.5434782608695653,0.3,115,126,wall,both,1,1,1,1,1,1
16,2.7226388454437256,-3.063124656677246,-282.4293212890625,-0.19551897048950195,0.9370335340499878,0.009909093379974365,109,0,26,0.02600681595504284,0.5263157894736842,0.3,120,135,wall,both,1,1,1,1,1,1
20,3.9414732456207275,-6.419508457183838,-207.4998016357422,-0.19438877701759338,0.9352265000343323,0.0023432374000549316,104,0,26,0.008181062527000904,0.5357142857142857,0.3,104,130,wall,both,1,1,1,1,1,1
24,2.643037796020508,-2.886631488800049,-421.5101318359375,-0.2287869155406952,1.012664556503296,0.014852285385131836,94,10,20,0.030636124312877655,0.5474452554744526,0.3,91,124,wall,both,1,1,1,1,1,1
28,0.5520462989807129,-0.12593185901641846,-277.7799377441406,-0.28063440322875977,1.123718500137329,0.002464473247528076,126,7,21,0.026858795434236526,0.49342105263157904,0.3,120,154,wall,both,1,1,1,1,1,1
32,0.8930590748786926,-0.32956796884536743,-313.9829406738281,-0.24822472035884857,1.0239001512527466,0.061131417751312256,110,0,39,0.027952831238508224,0.5016722408026756,0.3,120,149,wall,both,1,1,1,1,1,1
36,2.0288336277008057,-1.7008949518203735,-302.12237548828125,-0.09277244657278061,0.6454131007194519,0.0070694684982299805,70,0,35,0.015353046357631683,0.5882352941176471,0.3,96,105,wall,both,1,1,1,1,1,1
40,1.0707217454910278,-0.47373759746551514,-245.06527709960938,-0.7944118976593018,1.7367088794708252,0.1744072437286377,51,0,27,0.012011495418846607,0.6578947368421053,0.3,78,78,wall,both,1,1,1,1,1,1
44,2.4992849826812744,-2.581167459487915,-569.3219604492188,-0.06112352013587952,0.5007016062736511,0.03641325235366821,34,4,38,0.020082835108041763,0.663716814159292,0.3,61,76,wall,both,1,1,1,1,1,1
48,1.0317684412002563,-0.43989506363868713,-369.9051513671875,-0.026303663849830627,0.3313792943954468,0.021580815315246582,73,0,21,0.011607850901782513,0.6147540983606558,0.3,79,94,wall,both,1,1,1,1,1,1
52,0.9951557517051697,-0.4092293083667755,-235.9413299560547,-0.12060129642486572,0.6471774578094482,0.08212113380432129,80,0,31,0.014260996133089066,0.5747126436781609,0.3,96,111,wall,both,1,1,1,1,1,1
56,0.60390305519104,-0.15070201456546783,-279.4800109863281,-0.08937814086675644,0.25599175691604614,0.1353875994682312,80,0,6,0.0163581483066082,0.6355932203389831,0.3,71,86,wall,both,1,1,1,1,1,1
60,0.46474626660346985,-0.08925168961286545,-265.0956726074219,-0.3890874981880188,1.1933999061584473,0.13336598873138428,68,0,37,0.008786944672465324,0.5882352941176471,0.3,105,105,wall,both,1,1,1,1,1,1
64,1.7953362464904785,-1.3319140672683716,-262.7209167480469,-0.4259012043476105,1.0852413177490234,0.20055902004241943,90,5,8,0.018133733421564102,0.5928853754940712,0.3,98,103,wall,both,1,1,1,1,1,1
68,0.8399244546890259,-0.29151779413223267,-199.57705688476562,-0.39386340975761414,1.3309783935546875,0.006929278373718262,76,0,30,0.01157338172197342,0.5859375,0.3,93,106,wall,both,1,1,1,1,1,1
72,0.7479039430618286,-0.2311406135559082,-249.25856018066406,-0.7949364185333252,0.7145423889160156,0.40860944986343384,114,0,16,0.01633438467979431,0.5357142857142857,0.3,117,130,wall,both,1,1,1,1,1,1
76,2.8133151531219482,-3.270554304122925,-316.5428466796875,-0.3655845522880554,1.2786149978637695,0.0236508846282959,79,0,41,0.01039930060505867,0.5555555555555556,0.3,105,120,wall,both,1,1,1,1,1,1
80,1.1773767471313477,-0.5728164911270142,-409.5069274902344,-0.13111545145511627,0.7681272625923157,4.3332576751708984e-05,67,0,66,0.010465189814567566,0.5300353356890459,0.3,120,133,wall,both,1,1,1,1,1,1
84,2.3641889095306396,-2.3096649646759033,-250.31198120117188,-0.32945436239242554,1.2175010442733765,0.0035840868949890137,108,0,24,0.017096441239118576,0.5319148936170213,0.3,120,132,wall,both,1,1,1,1,1,1
88,2.3207614421844482,-2.2255923748016357,0.0,-0.47863829135894775,1.3372162580490112,0.14110881090164185,0,0,0,0.011459368281066418,0.5,0.3,0,0,wall,both,1,1,1,1,1,1
92,0.5078071355819702,-0.10655704885721207,0.0,-0.38826996088027954,1.2896478176116943,0.06763583421707153,0,0,0,0.0072613731026649475,0.5,0.3,0,0,wall,both,1,1,1,1,1,1
96,0.10139254480600357,-0.004248118959367275,0.0,-0.7592145204544067,1.8481738567352295,0.0062552690505981445,0,0,0,0.010083042085170746,0.5,0.3,0,0,wall,both,1,1,1,1,1,1
100,3.84425687789917,-6.106739521026611,0.0,-1.0973061323165894,2.178166627883911,0.10263162851333618,0,0,0,0.01446706335991621,0.5,0.3,0,0,wall,both,1,1,1,1,1,1
104,0.9851702451705933,-0.40105801820755005,-624.2255249023438,-2.434828281402588,3.29715895652771,0.06821554899215698,3,0,117,0.035139888525009155,0.5555555555555556,0.3,120,120,wall,both,1,1,1,1,1,1
108,2.5076966285705566,-2.5985710620880127,-704.5848999023438,-3.859537124633789,3.540010929107666,0.5131338834762573,4,0,120,0.029971692711114883,0.5474452554744526,0.3,120,124,wall,both,1,1,1,1,1,1
112,0.37761545181274414,-0.0589229017496109,-790.010986328125,-2.4476311206817627,3.3172926902770996,0.02322697639465332,3,2,126,0.030793918296694756,0.5338078291814947,0.3,120,131,wall,both,1,1,1,1,1,1
116,3.149904489517212,-4.099957466125488,-758.2145385742188,-0.6956765055656433,1.763428807258606,0.03370267152786255,37,4,118,0.02352137304842472,0.4854368932038835,0.3,120,159,wall,both,1,1,1,1,1,1
120,2.8630545139312744,-3.387223482131958,-1048.548583984375,-0.941870927810669,2.053420066833496,0.03451836109161377,24,7,135,0.026342786848545074,0.4746835443037975,0.3,120,166,wall,both,1,1,1,1,1,1
124,1.547924280166626,-0.9901112914085388,-720.9116821289062,-0.7930638194084167,1.889043927192688,0.004041492938995361,15,0,112,0.05790839344263077,0.5415162454873647,0.3,120,127,wall,both,1,1,1,1,1,1
128,0.5666976571083069,-0.13270504772663116,-572.26513671875,-0.6066798567771912,1.6519938707351685,0.007288157939910889,24,2,98,0.02291543409228325,0.5474452554744526,0.3,119,124,wall,both,1,1,1,1,1,1
132,1.9089897871017456,-1.5058850049972534,-288.5188293457031,-0.17601022124290466,0.8899695873260498,5.251169204711914e-05,86,0,50,0.02849443256855011,0.5244755244755245,0.3,120,136,wall,both,1,1,1,1,1,1
136,1.0589118003845215,-0.4633447229862213,-541.4951782226562,-0.17298805713653564,0.8822023272514343,0.0029996633529663086,75,2,70,0.014379583299160004,0.5050505050505051,0.3,120,147,wall,both,1,1,1,1,1,1
140,1.8066030740737915,-1.3486837148666382,-620.4940185546875,-0.006000713910907507,0.08565574139356613,0.032721877098083496,58,5,80,0.013817432336509228,0.5119453924914675,0.3,108,143,wall,both,1,1,1,1,1,1
144,1.9110651016235352,-1.5091609954833984,-756.9580078125,-0.010746786370873451,0.15644370019435883,0.03606182336807251,81,21,34,0.012684437446296215,0.5244755244755245,0.3,94,136,wall,both,1,1,1,1,1,1
148,1.0310218334197998,-0.4392586648464203,-780.3980712890625,-0.03588951379060745,0.40187138319015503,0.00034749507904052734,117,22,42,0.011626949533820152,0.4531722054380664,0.3,120,181,wall,both,1,1,1,1,1,1
152,0.5276345014572144,-0.11504055559635162,-701.5445556640625,-0.04131609573960304,0.43036285042762756,0.006218433380126953,111,0,66,0.01039743609726429,0.4587155963302753,0.3,120,177,wall,both,1,1,1,1,1,1
156,2.4956982135772705,-2.5737640857696533,-139.8015594482422,-0.014675498008728027,0.2279156744480133,0.027701079845428467,130,1,9,0.014144415967166424,0.5172413793103449,0.3,120,140,wall,both,1,1,1,1,1,1
160,2.201801061630249,-2.0032758712768555,-259.5209655761719,-0.0019229864701628685,1.8519833247410133e-05,0.021705567836761475,133,3,6,0.009601041674613953,0.5136986301369862,0.3,120,142,wall,both,1,1,1,1,1,1
164,0.7363503575325012,-0.2240544557571411,-309.4825134277344,-0.3070678114891052,0.876562774181366,0.18275272846221924,148,0,8,0.028823547065258026,0.49019607843137253,0.3,120,156,wall,both,1,1,1,1,1,1
168,0.2503017783164978,-0.025888832286000252,-760.3466186523438,-0.03241044655442238,0.3794987201690674,0.009975433349609375,123,32,18,0.010875054635107517,0.46439628482972134,0.3,120,173,wall,both,1,1,1,1,1,1
172,1.523862361907959,-0.9595687389373779,-815.3411865234375,-0.11753877997398376,0.7272719144821167,3.910064697265625e-05,89,20,36,0.010049505159258842,0.5084745762711864,0.3,84,145,wall,both,1,1,1,1,1,1
176,0.16135182976722717,-0.010758020915091038,-356.7606201171875,-0.16593582928180695,0.7182719111442566,0.11209636926651001,119,4,21,0.01093664113432169,0.5102040816326531,0.3,83,144,wall,both,1,1,1,1,1,1
180,1.6985749006271362,-1.1922134160995483,-100.70320892333984,-0.023998375982046127,0.2859000265598297,0.03780710697174072,146,0,4,0.022626670077443123,0.5,0.3,120,150,wall,both,1,1,1,1,1,1
184,1.1107114553451538,-0.5097850561141968,-528.884521484375,-0.0011365774553269148,0.04333915188908577,0.013274013996124268,155,14,8,0.012436438351869583,0.4587155963302753,0.3,120,177,wall,both,1,1,1,1,1,1
188,3.5291802883148193,-5.146740913391113,-316.8230285644531,-0.05649033933877945,0.45968303084373474,0.048327624797821045,120,9,10,0.0115564726293087,0.5190311418685121,0.3,120,139,wall,both,1,1,1,1,1,1
192,0.8555195331573486,-0.30244365334510803,-634.4102172851562,-0.11748135834932327,0.722252607345581,0.019546151161193848,125,29,11,0.010419720783829689,0.47619047619047616,0.3,120,165,wall,both,1,1,1,1,1,1
196,0.14551512897014618,-0.008749855682253838,-809.3811645507812,-0.033994466066360474,0.3911202847957611,2.2411346435546875e-05,129,17,35,0.02581343986093998,0.4531722054380664,0.3,120,181,wall,both,1,1,1,1,1,1
200,2.3543713092803955,-2.290522336959839,-439.0507507324219,-0.01713581383228302,0.16631411015987396,0.051887571811676025,146,0,15,0.06986447423696518,0.48231511254019294,0.3,120,161,wall,both,1,1,1,1,1,1
204,3.510172128677368,-5.09144926071167,-535.3783569335938,-0.06012473627924919,0.15095913410186768,0.1161457896232605,139,4,21,0.02178073674440384,0.47770700636942676,0.3,120,164,wall,both,1,1,1,1,1,1
208,2.5609865188598633,-2.71018648147583,-818.4312744140625,-0.10576272010803223,0.6898728013038635,0.0006493926048278809,102,27,41,0.01194688305258751,0.46875,0.3,120,170,wall,both,1,1,1,1,1,1
212,4.011772632598877,-6.650545120239258,-431.38934326171875,-0.5406526923179626,0.5303385257720947,0.34226733446121216,154,9,10,0.014212808571755886,0.46439628482972134,0.3,120,173,wall,both,1,1,1,1,1,1
216,0.2570560872554779,-0.027304885908961296,-289.44580078125,-0.20564773678779602,0.5534839630126953,0.18358904123306274,120,0,14,0.020398031920194626,0.528169014084507,0.3,120,134,wall,both,1,1,1,1,1,1
220,2.3817594051361084,-2.344122886657715,0.0,-0.06140115112066269,0.4155273735523224,0.07511818408966064,0,0,0,0.009934536181390285,0.5,0.3,0,0,wall,both,1,1,1,1,1,1
224,0.20826424658298492,-0.01792313903570175,0.0,-0.007779084611684084,0.18011513352394104,0.011816024780273438,0,0,0,0.007807378191500902,0.5,0.3,0,0,wall,both,1,1,1,1,1,1
228,0.46470168232917786,-0.08923456072807312,0.0,-0.05883026123046875,0.5067731142044067,0.02076166868209839,0,0,0,0.008335047401487827,0.5,0.3,0,0,wall,both,1,1,1,1,1,1
232,2.4810643196105957,-2.5436694622039795,0.0,-0.16303054988384247,0.8563434481620789,0.00413060188293457,0,0,0,0.011055410839617252,0.5,0.3,0,0,wall,both,1,1,1,1,1,1
236,3.832716941833496,-6.070131778717041,-193.17889404296875,-0.03627500310540199,0.24029776453971863,0.07578647136688232,75,0,13,0.01560742873698473,0.6302521008403361,0.3,88,88,wall,both,1,1,1,1,1,1
240,0.5091791152954102,-0.10713361948728561,-139.03915405273438,-0.045267678797245026,0.31881701946258545,0.07454270124435425,83,0,4,0.010606538504362106,0.6329113924050632,0.3,87,87,wall,both,1,1,1,1,1,1
244,1.1460473537445068,-0.5427374243736267,-175.0903778076172,-0.08608105778694153,0.5516373515129089,0.06724739074707031,70,0,17,0.01248694397509098,0.6329113924050632,0.3,87,87,wall,both,1,1,1,1,1,1
248,0.19670744240283966,-0.015989180654287338,-103.70443725585938,-0.30608752369880676,0.5458139777183533,0.24242883920669556,65,0,8,0.012015517801046371,0.6726457399103138,0.3,73,73,wall,both,1,1,1,1,1,1
252,0.223695307970047,-0.020677514374256134,0.0,-0.9715054035186768,1.8954315185546875,0.205957293510437,0,0,0,0.00695891072973609,0.5,0.3,0,0,wall,both,1,1,1,1,1,1
256,3.89665150642395,-6.274335861206055,0.0,-0.3871620297431946,0.813470721244812,0.24254262447357178,0,0,0,0.021641073748469353,0.5,0.3,0,0,wall,both,1,1,1,1,1,1
260,0.36636191606521606,-0.055463239550590515,-468.14044189453125,-0.7755124568939209,1.703220248222351,0.17905151844024658,32,0,47,0.02282986044883728,0.6550218340611353,0.3,68,79,wall,both,1,1,1,1,1,1
264,4.64616584777832,-8.920187950134277,-573.7169799804688,-0.5186511278152466,1.5057647228240967,0.06021755933761597,33,5,65,0.015865573659539223,0.5928853754940712,0.3,83,103,wall,both,1,1,1,1,1,1
268,4.293386459350586,-7.617010593414307,-547.1854858398438,-0.00452357018366456,0.09874732792377472,0.02402883768081665,85,3,50,0.0155662652105093,0.5208333333333334,0.3,91,138,wall,both,1,1,1,1,1,1
272,1.8337109088897705,-1.3894609212875366,-172.95359802246094,-0.06464093923568726,0.5388052463531494,0.005585968494415283,123,1,12,0.0355667918920517,0.5244755244755245,0.3,120,136,wall,both,1,1,1,1,1,1
276,1.1417568922042847,-0.5386812686920166,-203.7816162109375,-0.0662122443318367,0.5455150008201599,0.0044789910316467285,120,1,19,0.014835916459560394,0.5172413793103449,0.3,120,140,wall,both,1,1,1,1,1,1
280,0.9921945333480835,-0.40679749846458435,-337.159912109375,-0.13950806856155396,0.7920883893966675,0.004561960697174072,95,4,40,0.015853015705943108,0.5190311418685121,0.3,120,139,wall,both,1,1,1,1,1,1
284,2.2032809257507324,-2.005969762802124,-313.9609069824219,-0.14446811378002167,0.8056834936141968,0.0073067545890808105,120,7,28,0.02351664938032627,0.49180327868852464,0.3,120,155,wall,both,1,1,1,1,1,1
288,0.4916709065437317,-0.09989267587661743,-333.2309875488281,-0.14040517807006836,0.7927154302597046,0.01365649700164795,127,5,37,0.020708780735731125,0.47021943573667707,0.3,120,169,wall,both,1,1,1,1,1,1
292,3.831871509552002,-6.067453861236572,-320.2605895996094,-0.17201542854309082,0.879453182220459,0.005863785743713379,131,6,43,0.01341454591602087,0.45454545454545453,0.3,120,180,wall,both,1,1,1,1,1,1
296,2.3412883281707764,-2.265136480331421,-211.2898712158203,-0.24132293462753296,1.04202139377594,0.002805352210998535,150,1,29,0.0111189354211092,0.45454545454545453,0.3,112,180,wall,both,1,1,1,1,1,1
300,0.9514383673667908,-0.37406402826309204,-553.50732421875,-0.18299013376235962,0.8228436708450317,0.08927369117736816,120,0,46,0.009911691769957542,0.4746835443037975,0.3,109,166,wall,both,1,1,1,1,1,1
304,0.3707151710987091,-0.05678914859890938,-360.193359375,-0.010834641754627228,0.17966830730438232,0.029949665069580078,147,7,19,0.013345715589821339,0.46439628482972134,0.3,114,173,wall,both,1,1,1,1,1,1
308,3.5808017253875732,-5.298405170440674,-608.0338745117188,-0.015614306554198265,0.25008541345596313,0.020503699779510498,97,0,58,0.013763436116278172,0.49180327868852464,0.3,108,155,wall,both,1,1,1,1,1,1
312,1.6996623277664185,-1.1937404870986938,-213.26902770996094,-0.06194157898426056,0.46746498346328735,0.05725640058517456,127,0,13,0.015795934945344925,0.5172413793103449,0.3,120,140,wall,both,1,1,1,1,1,1
316,2.4187450408935547,-2.4174904823303223,-136.61474609375,-0.0830516591668129,0.6105306148529053,0.007322490215301514,114,0,16,0.026524679735302925,0.5357142857142857,0.3,120,130,wall,both,1,1,1,1,1,1
320,3.9277546405792236,-6.374898910522461,-161.4346466064453,-0.08749677240848541,0.6234577298164368,0.016558349132537842,117,0,24,0.01535918191075325,0.5154639175257733,0.3,120,141,wall,both,1,1,1,1,1,1
324,2.2233569622039795,-2.0426924228668213,-430.3143005371094,-0.07926927506923676,0.597179651260376,0.002191483974456787,106,2,34,0.009609545581042767,0.5136986301369862,0.3,120,142,wall,both,1,1,1,1,1,1
328,2.3312740325927734,-2.2458009719848633,-247.2878875732422,-0.2912568747997284,1.144838809967041,4.887580871582031e-06,110,1,45,0.008515425026416779,0.49019607843137253,0.3,120,156,wall,both,1,1,1,1,1,1
332,0.21737819910049438,-0.019526148214936256,-669.0123291015625,-0.03410793095827103,0.3860973119735718,0.015503168106079102,102,20,27,0.009332667104899883,0.5016722408026756,0.3,102,149,wall,both,1,1,1,1,1,1
336,1.4907262325286865,-0.9182911515235901,-135.9286651611328,-0.04128694161772728,0.2892933785915375,0.07455742359161377,138,0,3,0.014768646098673344,0.5154639175257733,0.3,120,141,wall,both,1,1,1,1,1,1
340,0.5396929383277893,-0.12035886198282242,-271.09893798828125,-0.18621227145195007,0.9126813411712646,0.016446232795715332,117,5,28,0.01241480652242899,0.5,0.3,101,150,wall,both,1,1,1,1,1,1
344,4.169193267822266,-7.182714939117432,-297.0279235839844,-0.17082223296165466,0.8767514228820801,0.00061798095703125,98,3,32,0.015186481177806854,0.5300353356890459,0.3,120,133,wall,both,1,1,1,1,1,1
348,1.8656007051467896,-1.4382089376449585,-440.1580810546875,-0.1869247704744339,0.9165415167808533,0.007784783840179443,115,6,29,0.016053201630711555,0.5,0.3,120,150,wall,both,1,1,1,1,1,1
352,1.5753657817840576,-1.025527834892273,-468.37481689453125,-0.11577615886926651,0.7175613641738892,0.018221557140350342,118,2,37,0.023859595879912376,0.4885993485342019,0.3,120,157,wall,both,1,1,1,1,1,1
356,2.457002639770508,-2.4945709705352783,-697.3843994140625,-0.21611210703849792,0.9854493141174316,0.008712172508239746,94,20,33,0.018875285983085632,0.5050505050505051,0.3,115,147,wall,both,1,1,1,1,1,1
360,3.2349603176116943,-4.324367046356201,-520.41162109375,-0.2176787257194519,0.9870567917823792,0.01694387197494507,96,10,42,0.012724485248327255,0.5033557046979865,0.3,120,148,wall,both,1,1,1,1,1,1
364,1.0369881391525269,-0.4443571865558624,-357.5529479980469,-0.21875494718551636,0.9650226831436157,0.05378246307373047,105,6,34,0.01837788335978985,0.5084745762711864,0.3,120,145,wall,both,1,1,1,1,1,1
368,1.9354057312011719,-1.547849178314209,0.0,-0.030396843329072,0.09747445583343506,0.08324623107910156,0,0,0,0.008750289678573608,0.5,0.3,0,0,wall,both,1,1,1,1,1,1
372,1.0783040523529053,-0.4804708957672119,0.0,-0.02632647007703781,0.32385778427124023,0.02719634771347046,0,0,0,0.009161433205008507,0.5,0.3,0,0,wall,both,1,1,1,1,1,1
376,1.0296741724014282,-0.4381110966205597,0.0,-0.01888766698539257,0.29119956493377686,0.003277599811553955,0,0,0,0.007625147700309753,0.5,0.3,0,0,wall,both,1,1,1,1,1,1
380,1.4266808032989502,-0.8410817980766296,0.0,-0.4699849784374237,1.4542794227600098,0.0004425048828125,0,0,0,0.006614550948143005,0.5,0.3,0,0,wall,both,1,1,1,1,1,1
384,2.6771416664123535,-2.96160626411438,0.0,-1.017662525177002,2.1399269104003906,0.0032507777214050293,0,0,0,0.005788370501250029,0.5,0.3,0,0,wall,both,1,1,1,1,1,1
388,1.3549033403396606,-0.7585797309875488,0.0,-0.09528140723705292,0.653268039226532,0.01045370101928711,0,0,0,0.010254550725221634,0.5,0.3,0,0,wall,both,1,1,1,1,1,1
392,0.05259750783443451,-0.001143180881626904,0.0,-0.509864091873169,1.5019075870513916,0.04587960243225098,0,0,0,0.007555434014648199,0.5,0.3,0,0,wall,both,1,1,1,1,1,1
396,0.2999633848667145,-0.03718100115656853,0.0,-1.0933866500854492,2.2181596755981445,0.0006344318389892578,0,0,0,0.006908148992806673,0.5,0.3,0,0,wall,both,1,1,1,1,1,1
400,0.8313505053520203,-0.2855965495109558,0.0,-0.9156979918479919,1.7912800312042236,0.22282499074935913,0,0,0,0.010934487916529179,0.5,0.3,0,0,wall,both,1,1,1,1,1,1
404,0.12024269253015518,-0.00597450602799654,0.0,-1.4326244592666626,2.512730360031128,0.08509355783462524,0,0,0,0.007624987047165632,0.5,0.3,0,0,wall,both,1,1,1,1,1,1
408,1.5753986835479736,-1.0255705118179321,0.0,-1.69730806350708,2.041508674621582,0.4346598982810974,0,0,0,0.01074808370321989,0.5,0.3,0,0,wall,both,1,1,1,1,1,1
412,0.4556417167186737,-0.08578898757696152,0.0,-1.0673882961273193,2.1072473526000977,0.14053493738174438,0,0,0,0.011754505336284637,0.5,0.3,0,0,wall,both,1,1,1,1,1,1
416,2.6853389739990234,-2.9797706604003906,0.0,-3.733112096786499,3.73887300491333,0.39182162284851074,0,0,0,0.009872726164758205,0.5,0.3,0,0,wall,both,1,1,1,1,1,1
420,4.509896278381348,-8.404613494873047,-415.42083740234375,-2.6785058975219727,2.431138038635254,0.5783110857009888,44,0,76,0.04306359961628914,0.5555555555555556,0.3,120,120,wall,both,1,1,1,1,1,1
424,0.7098972201347351,-0.20824547111988068,-395.12066650390625,-2.844956398010254,2.4025864601135254,0.6186582446098328,38,0,58,0.012013216502964497,0.6097560975609756,0.3,96,96,wall,both,1,1,1,1,1,1
428,0.7315298914909363,-0.22113056480884552,-464.266845703125,-5.1667799949646,2.2546286582946777,0.994535505771637,34,0,86,0.02342909388244152,0.5555555555555556,0.3,120,120,wall,both,1,1,1,1,1,1
432,1.7204681634902954,-1.2231448888778687,-611.2520141601562,-1.1854422092437744,2.145904064178467,0.19930344820022583,14,0,107,0.02702496014535427,0.5535055350553506,0.3,113,121,wall,both,1,1,1,1,1,1
436,5.214181900024414,-11.234582901000977,-611.4901733398438,-0.37368422746658325,1.2967569828033447,0.00015151500701904297,46,2,84,0.008510761894285679,0.5319148936170213,0.3,105,132,wall,both,1,1,1,1,1,1
440,1.1994357109069824,-0.5944818258285522,-504.813232421875,-0.16163553297519684,0.831301212310791,0.04445481300354004,52,1,77,0.008129655383527279,0.5357142857142857,0.3,120,130,wall,both,1,1,1,1,1,1
444,1.0607001781463623,-0.4649110734462738,-321.037841796875,-0.053822170943021774,0.48947274684906006,0.01193469762802124,121,3,37,0.015111216343939304,0.48231511254019294,0.3,120,161,wall,both,1,1,1,1,1,1
448,3.8331875801086426,-6.071622371673584,-375.96636962890625,-0.0850340947508812,0.6182374954223633,0.0048711299896240234,116,7,28,0.016060350462794304,0.4983388704318937,0.3,120,151,wall,both,1,1,1,1,1,1
452,0.8530752658843994,-0.30071792006492615,-369.17120361328125,-0.03122304007411003,0.3622610867023468,0.02246624231338501,136,10,23,0.017304979264736176,0.47021943573667707,0.3,120,169,wall,both,1,1,1,1,1,1
456,1.8394261598587036,-1.398135781288147,-771.8484497070312,-0.0882815569639206,0.6162353157997131,0.030885636806488037,102,30,35,0.010762868449091911,0.47318611987381703,0.3,120,167,wall,both,1,1,1,1,1,1
460,0.9617921113967896,-0.3822495937347412,-227.90628051757812,-0.14684537053108215,0.8111878037452698,0.012299299240112305,132,4,26,0.018746154382824898,0.4807692307692307,0.3,120,162,wall,both,1,1,1,1,1,1
464,3.8084850311279297,-5.993618965148926,-282.4754333496094,-0.09634553641080856,0.6465402245521545,0.029087841510772705,109,6,18,0.01655901037156582,0.5300353356890459,0.3,120,133,wall,both,1,1,1,1,1,1
468,0.4052347242832184,-0.06785750389099121,-192.1981964111328,-0.14420242607593536,0.8010748624801636,0.019785165786743164,103,2,22,0.010277317836880684,0.5415162454873647,0.3,120,127,wall,both,1,1,1,1,1,1
472,0.7159721851348877,-0.21182484924793243,-112.19054412841797,-0.1319981962442398,0.767955482006073,0.015186846256256104,113,0,15,0.01046019047498703,0.539568345323741,0.3,120,128,wall,both,1,1,1,1,1,1
476,1.8315105438232422,-1.3861284255981445,-236.23184204101562,-0.05679720640182495,0.49158138036727905,0.027544379234313965,105,0,30,0.010470500215888023,0.5263157894736842,0.3,120,135,wall,both,1,1,1,1,1,1
480,6.395114898681641,-16.899789810180664,-185.1537322998047,-0.09615616500377655,0.6502220034599304,0.023232877254486084,103,0,24,0.01360094454139471,0.5415162454873647,0.3,120,127,wall,both,1,1,1,1,1,1
484,2.8744986057281494,-3.414355993270874,-162.03758239746094,-0.9518489241600037,0.9269335269927979,0.4317684769630432,120,0,12,0.023727210238575935,0.5319148936170213,0.3,120,132,wall,both,1,1,1,1,1,1
488,0.9860280156135559,-0.4017566740512848,-295.1845397949219,-0.052204445004463196,0.43382272124290466,0.05043339729309082,116,7,7,0.012050492689013481,0.5357142857142857,0.3,120,130,wall,both,1,1,1,1,1,1
492,1.7178374528884888,-1.219407081604004,-473.25201416015625,-0.15050576627254486,0.8217374682426453,0.010496258735656738,119,15,20,0.014163428917527199,0.49342105263157904,0.3,120,154,wall,both,1,1,1,1,1,1
496,2.4442617893218994,-2.468766689300537,-282.5516357421875,-0.20459161698818207,0.45874840021133423,0.1966395378112793,145,0,9,0.014011780731379986,0.49342105263157904,0.3,120,154,wall,both,1,1,1,1,1,1
500,1.8110084533691406,-1.355269193649292,-415.638427734375,-0.09651100635528564,0.6023931503295898,0.062358081340789795,112,0,23,0.011699771508574486,0.5263157894736842,0.3,120,135,wall,both,1,1,1,1,1,1
504,0.678716778755188,-0.1903539001941681,-338.64263916015625,-0.06443166732788086,0.5361647605895996,0.011596083641052246,120,1,21,0.037429600954055786,0.5136986301369862,0.3,120,142,wall,both,1,1,1,1,1,1
508,1.336467981338501,-0.7380771040916443,-710.4989624023438,-0.24570685625076294,1.0515000820159912,0.0012419819831848145,98,20,26,0.01656023971736431,0.5102040816326531,0.3,103,144,wall,both,1,1,1,1,1,1
512,2.8982226848602295,-3.4709479808807373,-607.691650390625,-0.2790084779262543,1.120507836341858,0.0001278519630432129,98,19,41,0.016309140250086784,0.48701298701298706,0.3,118,158,wall,both,1,1,1,1,1,1
516,0.6010768413543701,-0.14929477870464325,0.0,-0.06049554422497749,0.4981542229652405,0.03620225191116333,0,0,0,0.009349471889436245,0.5,0.3,0,0,wall,both,1,1,1,1,1,1
520,2.087043523788452,-1.7998968362808228,0.0,-0.10105589032173157,0.6743526458740234,2.5033950805664062e-05,0,0,0,0.010666175745427608,0.5,0.3,0,0,wall,both,1,1,1,1,1,1
524,0.8692144751548767,-0.3122040331363678,0.0,-0.00638976227492094,0.04087302088737488,0.038399696350097656,0,0,0,0.014586186967790127,0.5,0.3,0,0,wall,both,1,1,1,1,1,1
528,2.942119598388672,-3.576887369155884,0.0,-0.014456383883953094,0.13256001472473145,0.05084395408630371,0,0,0,0.014330470003187656,0.5,0.3,0,0,wall,both,1,1,1,1,1,1
532,1.2079066038131714,-0.6029083728790283,0.0,-0.0894806981086731,0.4668693244457245,0.10027801990509033,0,0,0,0.012293145060539246,0.5,0.3,0,0,wall,both,1,1,1,1,1,1
536,0.99522465467453,-0.4092859923839569,0.0,-0.43353158235549927,1.2466180324554443,0.14698809385299683,0,0,0,0.010050383396446705,0.5,0.3,0,0,wall,both,1,1,1,1,1,1
540,0.4080859124660492,-0.06881574541330338,0.0,-0.029011206701397896,0.35621145367622375,0.01412355899810791,0,0,0,0.00888578686863184,0.5,0.3,0,0,wall,both,1,1,1,1,1,1
544,0.32091113924980164,-0.04255535081028938,0.0,-0.6122215986251831,1.659411907196045,0.0085715651512146,0,0,0,0.013287578709423542,0.5,0.3,0,0,wall,both,1,1,1,1,1,1
548,0.8718488216400146,-0.3140993118286133,0.0,-1.04262113571167,2.1660263538360596,0.0026085972785949707,0,0,0,0.006292662117630243,0.5,0.3,0,0,wall,both,1,1,1,1,1,1
552,1.4079176187515259,-0.8191040754318237,-252.18911743164062,-0.5326512455940247,1.448671817779541,0.12743514776229858,54,0,25,0.023114321753382683,0.6550218340611353,0.3,79,79,wall,both,1,1,1,1,1,1
556,0.33569908142089844,-0.04656771570444107,0.0,-1.7364373207092285,2.725106954574585,0.1452975869178772,0,0,0,0.0077378712594509125,0.5,0.3,0,0,wall,both,1,1,1,1,1,1
560,1.627366065979004,-1.0943471193313599,-615.00537109375,-4.096053123474121,4.235101699829102,0.16435527801513672,8,0,76,0.013519245199859142,0.641025641025641,0.3,83,84,wall,both,1,1,1,1,1,1
564,0.48465171456336975,-0.09706085920333862,-535.5243530273438,-1.9938757419586182,2.885957717895508,0.18720394372940063,20,0,100,0.02647983469069004,0.5555555555555556,0.3,120,120,wall,both,1,1,1,1,1,1
568,2.7658960819244385,-3.161231756210327,-734.9212036132812,-2.751005172729492,3.47945237159729,0.12190067768096924,7,0,99,0.01348876766860485,0.5859375,0.3,99,106,wall,both,1,1,1,1,1,1
572,3.481093406677246,-5.007442474365234,-571.0427856445312,-0.4256562292575836,1.2908117771148682,0.11649340391159058,35,0,83,0.02780953235924244,0.5597014925373135,0.3,104,118,wall,both,1,1,1,1,1,1
576,0.5032141208648682,-0.10463820397853851,-471.2124938964844,-0.21116036176681519,0.9420181512832642,0.05848407745361328,35,0,71,0.014518853276968002,0.5859375,0.3,96,106,wall,both,1,1,1,1,1,1
580,2.663614511489868,-2.931752920150757,-610.0437622070312,-0.3631798326969147,1.2782763242721558,0.004166066646575928,58,0,50,0.017355578020215034,0.5813953488372093,0.3,88,108,wall,both,1,1,1,1,1,1
584,1.188193917274475,-0.5833903551101685,-515.5270385742188,-0.19590769708156586,0.9081448912620544,0.055637896060943604,59,0,84,0.009181386791169643,0.5119453924914675,0.3,120,143,wall,both,1,1,1,1,1,1
588,2.4298694133758545,-2.439779043197632,-372.4786376953125,-0.31163859367370605,1.184095025062561,0.003991544246673584,79,4,47,0.01891207881271839,0.5357142857142857,0.3,120,130,wall,both,1,1,1,1,1,1
592,3.4451770782470703,-4.904646873474121,-292.37091064453125,-0.23931217193603516,1.0377401113510132,9.864568710327148e-05,89,0,58,0.01025440450757742,0.5050505050505051,0.3,120,147,wall,both,1,1,1,1,1,1
596,3.9604861736297607,-6.481590747833252,-617.0353393554688,-0.191018745303154,0.239395409822464,0.20899611711502075,85,0,56,0.013276388868689537,0.5154639175257733,0.3,113,141,wall,both,1,1,1,1,1,1
600,4.056328296661377,-6.799090385437012,-401.06536865234375,-0.35432112216949463,1.1320909261703491,0.13050305843353271,112,0,36,0.013222427107393742,0.5033557046979865,0.3,118,148,wall,both,1,1,1,1,1,1
604,1.659467101097107,-1.1379467248916626,-661.3311157226562,-0.01594247668981552,0.1703348010778427,0.048231303691864014,121,21,16,0.015143996104598045,0.48701298701298706,0.3,110,158,wall,both,1,1,1,1,1,1
608,0.35400402545928955,-0.05178464949131012,-572.6734008789062,-0.08285562694072723,0.5605593323707581,0.05649536848068237,117,14,21,0.022763028740882874,0.49668874172185423,0.3,113,152,wall,both,1,1,1,1,1,1
612,1.4473382234573364,-0.8656147718429565,-368.3114013671875,-0.20148319005966187,0.9519422650337219,0.005113542079925537,115,10,25,0.014062604866921902,0.5,0.3,106,150,wall,both,1,1,1,1,1,1
616,3.9437685012817383,-6.426987648010254,-314.38134765625,-0.16144448518753052,0.8517388105392456,0.007529079914093018,99,4,35,0.011834797449409962,0.5208333333333334,0.3,101,138,wall,both,1,1,1,1,1,1
620,1.7332563400268555,-1.2413955926895142,-306.3539123535156,-0.03000166453421116,0.3669416606426239,0.004435241222381592,123,6,9,0.014493743889033794,0.5208333333333334,0.3,106,138,wall,both,1,1,1,1,1,1
624,1.8677152395248413,-1.4414710998535156,-350.70782470703125,-0.053525183349847794,0.4902462959289551,0.005330502986907959,91,3,41,0.01305491290986538,0.5263157894736842,0.3,120,135,wall,both,1,1,1,1,1,1
628,1.8051033020019531,-1.3464453220367432,-410.59918212890625,-0.016491850838065147,0.27095720171928406,0.0065811872482299805,123,12,4,0.01516906451433897,0.5190311418685121,0.3,118,139,wall,both,1,1,1,1,1,1
632,3.0778050422668457,-3.914414644241333,-277.0432434082031,-0.27372896671295166,1.1097958087921143,0.0026974081993103027,90,3,33,0.011334571056067944,0.5434782608695653,0.3,110,126,wall,both,1,1,1,1,1,1
636,2.2990565299987793,-2.184157133102417,-465.4247741699219,-0.11024889349937439,0.6468067169189453,0.06506657600402832,118,10,12,0.010418713092803955,0.5172413793103449,0.3,120,140,wall,both,1,1,1,1,1,1
640,1.0622414350509644,-0.4662631154060364,-362.3258056640625,-0.10777954757213593,0.6963819861412048,0.0018090009689331055,113,9,19,0.014613558538258076,0.5154639175257733,0.3,120,141,wall,both,1,1,1,1,1,1
644,2.1876819133758545,-1.9776660203933716,-372.8481140136719,-0.12745416164398193,0.7566993832588196,0.007191002368927002,107,9,22,0.012949447147548199,0.5208333333333334,0.3,102,138,wall,both,1,1,1,1,1,1
648,1.6072142124176025,-1.0674121379852295,-378.55755615234375,-0.006145536433905363,0.12914113700389862,0.024447143077850342,117,8,11,0.011218893341720104,0.5244755244755245,0.3,120,136,wall,both,1,1,1,1,1,1
652,3.196241855621338,-4.221471786499023,-245.16348266601562,-0.07777424156665802,0.5268534421920776,0.06278771162033081,119,0,16,0.013594364747405052,0.5263157894736842,0.3,120,135,wall,both,1,1,1,1,1,1
656,0.45876550674438477,-0.08696933090686798,-162.9499053955078,-0.24220126867294312,1.0437978506088257,0.004618644714355469,104,0,25,0.009694177657365799,0.5376344086021506,0.3,120,129,wall,both,1,1,1,1,1,1
660,2.2178802490234375,-2.032641649246216,-480.81903076171875,-0.08788271993398666,0.6150654554367065,0.03057175874710083,144,17,10,0.01279828418046236,0.4672897196261683,0.3,120,171,wall,both,1,1,1,1,1,1
664,0.499197781085968,-0.1029745489358902,-631.7208862304688,-0.19565671682357788,0.9222704768180847,0.04032844305038452,113,11,30,0.009221106767654419,0.49342105263157904,0.3,120,154,wall,both,1,1,1,1,1,1
668,2.587156057357788,-2.7658579349517822,-539.0369262695312,-0.22543974220752716,0.9769614338874817,0.05716675519943237,117,7,30,0.008951997384428978,0.49342105263157904,0.3,120,154,wall,both,1,1,1,1,1,1
672,2.4683303833007812,-2.5176258087158203,0.0,-0.07584482431411743,0.45565247535705566,0.08531278371810913,0,0,0,0.0069460757076740265,0.5,0.3,0,0,wall,both,1,1,1,1,1,1
676,0.5748620629310608,-0.13655635714530945,0.0,-0.05717737600207329,0.5023772716522217,0.01635873317718506,0,0,0,0.008668015711009502,0.5,0.3,0,0,wall,both,1,1,1,1,1,1
680,2.473409414291382,-2.5279972553253174,0.0,-0.017271308228373528,0.03834739699959755,0.06443142890930176,0,0,0,0.012350528500974178,0.5,0.3,0,0,wall,both,1,1,1,1,1,1
684,1.8161804676055908,-1.3630212545394897,0.0,-0.8944414854049683,2.0062367916107178,9.357929229736328e-05,0,0,0,0.00734929833561182,0.5,0.3,0,0,wall,both,1,1,1,1,1,1
688,2.186601400375366,-1.9757130146026611,0.0,-1.3050742149353027,2.4233930110931396,1.2040138244628906e-05,0,0,0,0.007981200702488422,0.5,0.3,0,0,wall,both,1,1,1,1,1,1
692,1.0380899906158447,-0.44530197978019714,0.0,-0.5064270496368408,1.5087573528289795,0.011835098266601562,0,0,0,0.007739056367427111,0.5,0.3,0,0,wall,both,1,1,1,1,1,1
696,1.8726117610931396,-1.449039101600647,0.0,-0.6357847452163696,1.6367642879486084,0.0995526909828186,0,0,0,0.015492296777665615,0.5,0.3,0,0,wall,both,1,1,1,1,1,1
700,1.7043354511260986,-1.200313687324524,0.0,-0.7810288667678833,1.874732494354248,0.0006527900695800781,0,0,0,0.00973477028310299,0.5,0.3,0,0,wall,both,1,1,1,1,1,1
704,2.587813138961792,-2.7672629356384277,-497.1435241699219,-1.9726642370224,2.951613664627075,0.09477066993713379,31,0,89,0.012716325931251049,0.5555555555555556,0.3,120,120,wall,both,1,1,1,1,1,1
708,1.1307467222213745,-0.5283421874046326,-514.6842041015625,-3.1502761840820312,3.231078863143921,0.4510262608528137,26,0,92,0.020811764523386955,0.5597014925373135,0.3,118,118,wall,both,1,1,1,1,1,1
712,1.5483167171478271,-0.9906134605407715,-624.0768432617188,-3.760309934616089,4.0999369621276855,0.07805770635604858,3,0,117,0.008385632187128067,0.5555555555555556,0.3,120,120,wall,both,1,1,1,1,1,1
716,0.3959912955760956,-0.06479714810848236,-657.6564331054688,-2.7672855854034424,3.396876811981201,0.22307610511779785,7,0,122,0.03376483544707298,0.5376344086021506,0.3,120,129,wall,both,1,1,1,1,1,1
720,2.871560573577881,-3.4073801040649414,-667.6835327148438,-0.7111053466796875,1.7882310152053833,0.010954022407531738,21,6,90,0.03067813254892826,0.5617977528089888,0.3,104,117,wall,both,1,1,1,1,1,1
724,1.0027706623077393,-0.41551607847213745,-307.9630432128906,-0.28747814893722534,1.1368162631988525,0.008414626121520996,64,0,56,0.013041283935308456,0.5555555555555556,0.3,120,120,wall,both,1,1,1,1,1,1
728,0.050205882638692856,-0.0010415827855467796,-374.3745422363281,-0.297179251909256,1.156314492225647,0.00363999605178833,68,1,54,0.010825693607330322,0.5494505494505495,0.3,120,123,wall,both,1,1,1,1,1,1
732,1.4034727811813354,-0.8139404058456421,-451.9581298828125,-0.067548006772995,0.5485602021217346,0.01288151741027832,93,6,52,0.01677064411342144,0.4983388704318937,0.3,120,151,wall,both,1,1,1,1,1,1
736,2.1514294147491455,-1.9126646518707275,-673.4274291992188,-0.003010049695149064,0.013009550049901009,0.02698606252670288,118,0,37,0.052746810019016266,0.49180327868852464,0.3,120,155,wall,both,1,1,1,1,1,1
740,3.0949907302856445,-3.9582509994506836,-898.1770629882812,-0.2876468598842621,0.6414536833763123,0.21925240755081177,70,28,56,0.024069685488939285,0.49342105263157904,0.3,120,154,wall,both,1,1,1,1,1,1
744,3.126150608062744,-4.038354396820068,-576.3812255859375,-0.06997832655906677,0.5584005117416382,0.012973308563232422,106,17,20,0.01462460681796074,0.5119453924914675,0.3,120,143,wall,both,1,1,1,1,1,1
748,0.6242302060127258,-0.16101789474487305,-449.0745544433594,-0.20664364099502563,0.9643012881278992,0.001027822494506836,118,12,25,0.022612687200307846,0.49180327868852464,0.3,120,155,wall,both,1,1,1,1,1,1
752,0.2092859447002411,-0.018099423497915268,-625.419189453125,-0.05998021736741066,0.5192598104476929,0.0039060115814208984,117,24,24,0.011027040891349316,0.47619047619047616,0.3,120,165,wall,both,1,1,1,1,1,1
756,3.7491848468780518,-5.80842399597168,-937.7282104492188,-0.19181028008460999,0.9290505051612854,0.0007870793342590332,105,42,47,0.019908549264073372,0.43604651162790703,0.3,120,194,wall,both,1,1,1,1,1,1
760,1.1239745616912842,-0.5220324993133545,-524.9048461914062,-0.11341160535812378,0.7075594663619995,0.022994697093963623,139,15,30,0.04058533534407616,0.44910179640718567,0.3,120,184,wall,both,1,1,1,1,1,1
764,1.40367591381073,-0.8141760230064392,-412.6945495605469,-0.1390027105808258,0.78995680809021,0.00897759199142456,143,15,33,0.02516670897603035,0.4398826979472141,0.3,120,191,wall,both,1,1,1,1,1,1
768,1.1371486186981201,-0.5343416929244995,-692.6917724609375,-0.10518314689397812,0.07321945577859879,0.15961825847625732,141,23,14,0.02231481857597828,0.4573170731707317,0.3,120,178,wall,both,1,1,1,1,1,1
772,1.87932288646698,-1.4594439268112183,-251.22645568847656,-0.013555963523685932,0.03177758306264877,0.057150959968566895,137,0,11,0.022587722167372704,0.5033557046979865,0.3,120,148,wall,both,1,1,1,1,1,1
776,1.3140169382095337,-0.7134877443313599,-308.4648742675781,-1.264524221420288,0.9787368178367615,0.5075969696044922,124,4,10,0.016576798632740974,0.5208333333333334,0.3,120,138,wall,both,1,1,1,1,1,1
780,0.7976097464561462,-0.26288482546806335,-348.953369140625,-0.2656218409538269,1.093297004699707,4.178285598754883e-05,106,3,38,0.01856510154902935,0.5050505050505051,0.3,120,147,wall,both,1,1,1,1,1,1
784,3.399588108062744,-4.775701999664307,-218.23240661621094,-0.08498150110244751,0.6135435700416565,0.01804530620574951,142,2,13,0.019588589668273926,0.4885993485342019,0.3,120,157,wall,both,1,1,1,1,1,1
788,1.954237699508667,-1.5781177282333374,-379.9134216308594,-0.21538099646568298,0.9829962253570557,0.012636363506317139,125,7,28,0.01287692692130804,0.48387096774193555,0.3,120,160,wall,both,1,1,1,1,1,1
792,2.8742408752441406,-3.4137439727783203,-303.4267578125,-0.07330981642007828,0.5712077021598816,0.014030933380126953,117,6,23,0.009936390444636345,0.5067567567567568,0.3,120,146,wall,both,1,1,1,1,1,1
796,1.312102198600769,-0.7114099860191345,-431.97247314453125,-0.06607230752706528,0.5337976217269897,0.025967657566070557,107,10,31,0.02280212752521038,0.5033557046979865,0.3,119,148,wall,both,1,1,1,1,1,1
800,2.3928632736206055,-2.366030693054199,-346.05535888671875,-0.0735568031668663,0.5241214036941528,0.05536562204360962,121,8,23,0.01253598928451538,0.49668874172185423,0.3,120,152,wall,both,1,1,1,1,1,1
804,1.8349086046218872,-1.3912765979766846,-215.479736328125,-0.0754147469997406,0.5672656297683716,0.03093409538269043,113,2,20,0.011871240101754665,0.5263157894736842,0.3,120,135,wall,both,1,1,1,1,1,1
808,1.0576876401901245,-0.4622739851474762,-362.2469177246094,-0.02001524344086647,0.2964123785495758,0.010964930057525635,134,2,24,0.00951655674725771,0.48387096774193555,0.3,113,160,wall,both,1,1,1,1,1,1
812,1.3397417068481445,-0.741697371006012,-296.2373962402344,-0.022174064069986343,0.21899403631687164,0.05311852693557739,118,4,20,0.021847132593393326,0.5136986301369862,0.3,120,142,wall,both,1,1,1,1,1,1
816,1.5206817388534546,-0.9555673003196716,-393.72552490234375,-0.044101301580667496,0.4336104094982147,0.023838698863983154,112,5,19,0.012502430938184261,0.5244755244755245,0.3,120,136,wall,both,1,1,1,1,1,1
820,3.746617078781128,-5.80047082901001,-463.52252197265625,-0.10689802467823029,0.6784652471542358,0.03359192609786987,117,11,25,0.014918503351509571,0.49504950495049505,0.3,120,153,wall,both,1,1,1,1,1,1
824,1.0542347431182861,-0.4592606723308563,-298.5050964355469,-0.2292170375585556,0.7369320392608643,0.1630677580833435,104,0,22,0.014787200838327408,0.5434782608695653,0.3,120,126,wall,both,1,1,1,1,1,1
828,1.375911831855774,-0.7822864651679993,0.0,-0.11995075643062592,0.7146283388137817,0.03979325294494629,0,0,0,0.008428847417235374,0.5,0.3,0,0,wall,both,1,1,1,1,1,1
832,0.3904750645160675,-0.06300444900989532,0.0,-0.16838514804840088,0.8703389167785645,0.003640115261077881,0,0,0,0.008986050263047218,0.5,0.3,0,0,wall,both,1,1,1,1,1,1
836,1.164159893989563,-0.5600281953811646,0.0,-0.6140152215957642,1.6622446775436401,0.0007721185684204102,0,0,0,0.00755651481449604,0.5,0.3,0,0,wall,both,1,1,1,1,1,1
840,4.440356254577637,-8.147422790527344,0.0,-0.742344081401825,1.8073005676269531,0.06356483697891235,0,0,0,0.013027075678110123,0.5,0.3,0,0,wall,both,1,1,1,1,1,1
844,3.1310622692108154,-4.051054000854492,0.0,-1.2011010646820068,2.324774742126465,0.004531443119049072,0,0,0,0.009916801005601883,0.5,0.3,0,0,wall,both,1,1,1,1,1,1
848,1.8843516111373901,-1.4672647714614868,-565.5103149414062,-4.933694362640381,4.218295574188232,0.4898669719696045,11,0,74,0.01047012209892273,0.6382978723404256,0.3,85,85,wall,both,1,1,1,1,1,1
852,2.300673007965088,-2.187229633331299,-568.147705078125,-1.3335344791412354,2.4148340225219727,0.09605902433395386,14,0,100,0.02451237291097641,0.5681818181818182,0.3,114,114,wall,both,1,1,1,1,1,1
856,2.389611005783081,-2.3596034049987793,-624.8693237304688,-0.924185574054718,2.0393221378326416,7.319450378417969e-05,13,0,116,0.035805948078632355,0.5376344086021506,0.3,119,129,wall,both,1,1,1,1,1,1
860,3.739687919616699,-5.7790350914001465,-786.0628051757812,-2.788515090942383,3.535745859146118,0.05048787593841553,2,0,119,0.028125420212745667,0.5535055350553506,0.3,112,121,wall,both,1,1,1,1,1,1
864,2.798255681991577,-3.2356340885162354,-807.3919677734375,-2.5558011531829834,3.387049674987793,0.039735376834869385,5,0,104,0.020235085859894753,0.5791505791505792,0.3,96,109,wall,both,1,1,1,1,1,1
868,2.645395040512085,-2.8917829990386963,-430.6913146972656,-0.33902981877326965,1.2319872379302979,0.020662248134613037,49,2,71,0.017330612987279892,0.551470588235294,0.3,120,122,wall,both,1,1,1,1,1,1
872,2.5912530422210693,-2.774624824523926,-398.66436767578125,-0.3554001450538635,1.2646301984786987,0.0007791519165039062,58,2,67,0.009112290106713772,0.5415162454873647,0.3,78,127,wall,both,1,1,1,1,1,1
876,2.728043556213379,-3.0752980709075928,-699.0757446289062,-0.2815413177013397,1.1217013597488403,0.02179121971130371,52,0,88,0.010007682256400585,0.5172413793103449,0.3,107,140,wall,both,1,1,1,1,1,1
880,1.6777223348617554,-1.1631207466125488,-334.27398681640625,-0.3141075670719147,1.1813677549362183,0.031177937984466553,79,0,52,0.021345127373933792,0.5338078291814947,0.3,94,131,wall,both,1,1,1,1,1,1
884,3.565572738647461,-5.2534332275390625,-290.3136291503906,-0.33917075395584106,1.2345895767211914,0.010582506656646729,101,1,51,0.023522403091192245,0.49504950495049505,0.3,120,153,wall,both,1,1,1,1,1,1
888,0.23542694747447968,-0.022903241217136383,-661.2960205078125,-0.10569137334823608,0.4217292368412018,0.1273229718208313,93,12,40,0.009061317890882492,0.5084745762711864,0.3,120,145,wall,both,1,1,1,1,1,1
892,2.5515153408050537,-2.6901776790618896,-596.7982177734375,-0.16868074238300323,0.8712421655654907,0.00016045570373535156,73,7,68,0.009255551733076572,0.5033557046979865,0.3,116,148,wall,both,1,1,1,1,1,1
896,2.5976972579956055,-2.788442373275757,-264.5218505859375,-0.08805915713310242,0.6195380687713623,0.026023507118225098,130,5,7,0.015856876969337463,0.5136986301369862,0.3,120,142,wall,both,1,1,1,1,1,1
900,2.6316077709198,-2.8617186546325684,-224.66712951660156,-0.2231699824333191,0.22447086870670319,0.22788888216018677,137,0,15,0.01867019757628441,0.49668874172185423,0.3,120,152,wall,both,1,1,1,1,1,1
904,0.9945163130760193,-0.40870359539985657,-171.360107421875,-0.026226896792650223,0.31919533014297485,0.02963918447494507,146,0,12,0.011941613629460335,0.48701298701298706,0.3,120,158,wall,both,1,1,1,1,1,1
908,1.2100348472595215,-0.6050347685813904,-288.0099792480469,-0.02847164496779442,0.3398706018924713,0.026202380657196045,132,6,9,0.013322317972779274,0.5050505050505051,0.3,120,147,wall,both,1,1,1,1,1,1
912,1.0899569988250732,-0.49091166257858276,-289.0834045410156,-0.041639700531959534,0.16592274606227875,0.0932890772819519,135,0,12,0.01023324579000473,0.5050505050505051,0.3,120,147,wall,both,1,1,1,1,1,1
916,1.3263413906097412,-0.7269344925880432,-244.23072814941406,-0.0779355838894844,0.5918499231338501,0.00480341911315918,116,0,21,0.020260712131857872,0.5226480836236934,0.3,120,137,wall,both,1,1,1,1,1,1
920,2.464226484298706,-2.509261131286621,-387.759765625,-0.14919647574424744,0.8193296194076538,0.002127707004547119,107,8,26,0.03338076174259186,0.5154639175257733,0.3,120,141,wall,both,1,1,1,1,1,1
924,1.0620697736740112,-0.4661124348640442,-485.91937255859375,-0.31977707147598267,0.9868270754814148,0.15914106369018555,128,10,15,0.015993474051356316,0.49504950495049505,0.3,120,153,wall,both,1,1,1,1,1,1
928,2.6359384059906006,-2.871145009994507,-261.5430603027344,-0.20615307986736298,0.9629073143005371,0.005208909511566162,134,4,29,0.015248664654791355,0.47318611987381703,0.3,120,167,wall,both,1,1,1,1,1,1
932,2.2930545806884766,-2.1727681159973145,-255.1455078125,-0.1771067976951599,0.8921170830726624,0.0077658891677856445,117,0,32,0.015799136832356453,0.5016722408026756,0.3,120,149,wall,both,1,1,1,1,1,1
936,2.306730270385742,-2.1987619400024414,-183.70599365234375,-0.06926408410072327,0.5506871342658997,0.021426081657409668,109,0,20,0.014147184789180756,0.5376344086021506,0.3,120,129,wall,both,1,1,1,1,1,1
940,2.043138027191162,-1.7249640226364136,-139.7643585205078,-0.3078434467315674,1.1759458780288696,0.011541545391082764,142,0,15,0.010805226862430573,0.4885993485342019,0.3,120,157,wall,both,1,1,1,1,1,1
944,1.5619786977767944,-1.0081723928451538,-191.2899627685547,-0.14116060733795166,0.7970080971717834,0.00021153688430786133,139,3,15,0.012630107812583447,0.4885993485342019,0.3,120,157,wall,both,1,1,1,1,1,1
948,2.4650824069976807,-2.5110044479370117,-634.441162109375,-0.08930107951164246,0.6334866881370544,0.00546950101852417,105,22,25,0.012739407829940319,0.49668874172185423,0.3,120,152,wall,both,1,1,1,1,1,1
952,4.217386722564697,-7.349730968475342,-619.0143432617188,-0.2226402759552002,1.0006377696990967,0.005740642547607422,124,6,38,0.0364399179816246,0.4716981132075471,0.3,120,168,wall,both,1,1,1,1,1,1
956,1.4810676574707031,-0.9064302444458008,-660.1171264648438,-0.1910400241613388,0.9271741509437561,0.0012379884719848633,114,17,28,0.020067652687430382,0.4854368932038835,0.3,120,159,wall,both,1,1,1,1,1,1
960,0.9937606453895569,-0.4080827236175537,-753.3065185546875,-0.18519020080566406,0.9126875996589661,0.004410386085510254,111,30,29,0.011669360101222992,0.46875,0.3,120,170,wall,both,1,1,1,1,1,1
964,0.740818977355957,-0.22678211331367493,-872.05712890625,-0.07053954899311066,0.5386235117912292,0.03856194019317627,107,29,37,0.02129768766462803,0.46439628482972134,0.3,120,173,wall,both,1,1,1,1,1,1
968,1.4705052375793457,-0.893547773361206,-764.7360229492188,-0.24674442410469055,1.0536898374557495,0.002184152603149414,100,30,37,0.011474564671516418,0.47318611987381703,0.3,120,167,wall,both,1,1,1,1,1,1
972,3.3898816108703613,-4.748469829559326,-819.8510131835938,-0.001763723324984312,0.0883338674902916,0.0026998519897460938,101,13,46,0.015123113989830017,0.48387096774193555,0.3,120,160,wall,both,1,1,1,1,1,1
976,4.935940742492676,-10.06756591796875,-342.2745056152344,-0.2721306085586548,1.1064451932907104,0.00446850061416626,98,7,27,0.012403755448758602,0.5319148936170213,0.3,120,132,wall,both,1,1,1,1,1,1
980,1.7406470775604248,-1.2520049810409546,0.0,-0.10563047975301743,0.6891802549362183,0.004474520683288574,0,0,0,0.009997290559113026,0.5,0.3,0,0,wall,both,1,1,1,1,1,1
984,0.26379725337028503,-0.028755778446793556,0.0,-0.052674129605293274,0.447339802980423,0.0448344349861145,0,0,0,0.007058215793222189,0.5,0.3,0,0,wall,both,1,1,1,1,1,1
988,0.8361777067184448,-0.2889227867126465,0.0,-0.7836320400238037,1.8756184577941895,0.021384835243225098,0,0,0,0.007973362691700459,0.5,0.3,0,0,wall,both,1,1,1,1,1,1
992,1.5862271785736084,-1.0397175550460815,0.0,-0.9811809659004211,2.0667836666107178,0.08845758438110352,0,0,0,0.010289324447512627,0.5,0.3,0,0,wall,both,1,1,1,1,1,1
996,0.9690912961959839,-0.38807350397109985,-446.1644287109375,-2.9336087703704834,2.8622889518737793,0.5221946239471436,33,0,57,0.01513749361038208,0.625,0.3,90,90,wall,both,1,1,1,1,1,1
1000,2.2919254302978516,-2.170628786087036,-759.1695556640625,-1.713183879852295,2.7762598991394043,0.009643614292144775,7,1,127,0.04521879553794861,0.5263157894736842,0.3,120,135,wall,both,1,1,1,1,1,1
1004,3.1726276874542236,-4.159324645996094,-525.093994140625,-1.6384590864181519,2.7144999504089355,0.015749871730804443,26,0,104,0.014125158078968525,0.5357142857142857,0.3,120,130,wall,both,1,1,1,1,1,1
1008,0.1666426956653595,-0.01147511787712574,-389.6988525390625,-0.7053585052490234,0.9711249470710754,0.3485214114189148,58,0,77,0.02699597366154194,0.5263157894736842,0.3,120,135,wall,both,1,1,1,1,1,1
1012,1.0415133237838745,-0.44824379682540894,-419.3636474609375,-0.8427638411521912,1.945266604423523,0.021353721618652344,59,0,71,0.009950163774192333,0.5357142857142857,0.3,120,130,wall,both,1,1,1,1,1,1
1016,0.3203983008861542,-0.042419448494911194,-683.3087158203125,-0.027264347299933434,0.23064477741718292,0.06151002645492554,76,15,59,0.010467104613780975,0.5,0.3,120,150,wall,both,1,1,1,1,1,1
1020,0.6616020798683167,-0.18087491393089294,-737.96875,-0.0010909773409366608,0.06999161839485168,0.0007586479187011719,121,3,43,0.030982984229922295,0.47318611987381703,0.3,120,167,wall,both,1,1,1,1,1,1
1024,2.6908838748931885,-2.99208927154541,-724.9347534179688,-0.017533881589770317,0.2805299460887909,0.003344237804412842,115,22,40,0.018201196566224098,0.4587155963302753,0.3,120,177,wall,both,1,1,1,1,1,1
1028,1.6481742858886719,-1.1225117444992065,-821.884765625,-0.3296054005622864,1.154999017715454,0.09012877941131592,89,11,52,0.017710648477077484,0.49668874172185423,0.3,107,152,wall,both,1,1,1,1,1,1
1032,1.182761788368225,-0.5780683159828186,-472.8435363769531,-0.044590868055820465,0.4479024410247803,0.001517653465270996,117,13,35,0.018718134611845016,0.47619047619047616,0.3,120,165,wall,both,1,1,1,1,1,1
1036,4.398998260498047,-7.996356964111328,-661.8391723632812,-0.036957997828722,0.4077827036380768,0.0011493563652038574,111,22,45,0.012164532206952572,0.4573170731707317,0.3,120,178,wall,both,1,1,1,1,1,1
1040,1.5827938318252563,-1.0352215766906738,-728.4017944335938,-0.06464940309524536,0.5388399362564087,0.005589485168457031,112,15,54,0.011077753268182278,0.4531722054380664,0.3,104,181,wall,both,1,1,1,1,1,1
1044,2.940023183822632,-3.571791410446167,-327.86102294921875,-0.07862015068531036,0.5928195118904114,0.011324942111968994,139,9,32,0.06597451120615005,0.45454545454545453,0.3,120,180,wall,both,1,1,1,1,1,1
1048,1.8345208168029785,-1.3906886577606201,-288.9660949707031,-0.16692323982715607,0.8617349863052368,0.02159738540649414,114,0,22,0.03595101833343506,0.5244755244755245,0.3,120,136,wall,both,1,1,1,1,1,1
1052,2.173506498336792,-1.9521199464797974,-551.6911010742188,-0.16098470985889435,0.6146400570869446,0.13737940788269043,128,7,31,0.07498878985643387,0.4746835443037975,0.3,120,166,wall,both,1,1,1,1,1,1
1056,1.4188276529312134,-0.8318479061126709,-531.5519409179688,-0.2795807719230652,0.11683282256126404,0.2602962255477905,127,5,12,0.02525085210800171,0.5102040816326531,0.3,120,144,wall,both,1,1,1,1,1,1
1060,1.7632819414138794,-1.284778118133545,-555.2171630859375,-0.004715627990663052,0.10348454862833023,0.023922383785247803,104,16,29,0.02854151464998722,0.5016722408026756,0.3,120,149,wall,both,1,1,1,1,1,1
1064,0.7864635586738586,-0.2555887997150421,-206.658935546875,-0.10768947750329971,0.6961235404014587,0.0008934140205383301,108,0,31,0.0128214405849576,0.5190311418685121,0.3,120,139,wall,both,1,1,1,1,1,1
1068,1.882620930671692,-1.4645707607269287,-186.98126220703125,-0.049950361251831055,0.4539361596107483,0.03192371129989624,107,0,15,0.013879099860787392,0.551470588235294,0.3,120,122,wall,both,1,1,1,1,1,1
1072,2.9832353591918945,-3.6775591373443604,-140.98275756835938,-0.16490538418293,0.8612685203552246,0.003978729248046875,107,0,13,0.014552529901266098,0.5555555555555556,0.3,120,120,wall,both,1,1,1,1,1,1
1076,4.577410697937012,-8.658135414123535,-144.8133544921875,-0.05346890911459923,0.4881000220775604,0.011355578899383545,103,0,17,0.0296811331063509,0.5555555555555556,0.3,120,120,wall,both,1,1,1,1,1,1
1080,1.7764121294021606,-1.303983449935913,-284.858642578125,-0.06059538573026657,0.5221172571182251,0.0019910335540771484,99,0,40,0.012322054244577885,0.5190311418685121,0.3,120,139,wall,both,1,1,1,1,1,1
1084,5.212037086486816,-11.225342750549316,-340.041748046875,-0.02259269915521145,0.3188250958919525,0.0009816288948059082,108,2,35,0.01597191020846367,0.5084745762711864,0.3,120,145,wall,both,1,1,1,1,1,1
1088,4.0780930519104,-6.872248649597168,-484.5380859375,-0.066392682492733,0.5465798377990723,0.000977933406829834,113,9,24,0.012171952053904533,0.5067567567567568,0.3,120,146,wall,both,1,1,1,1,1,1
1092,3.1285533905029297,-4.044564247131348,-282.6936950683594,-1.623173475265503,1.1754666566848755,0.5678471922874451,134,3,17,0.014616454020142555,0.49342105263157904,0.3,120,154,wall,both,1,1,1,1,1,1
1096,0.03145989775657654,-0.00040897729923017323,-716.1571655273438,-0.03555891290307045,0.3948313891887665,0.014982998371124268,100,16,48,0.012301369570195675,0.47770700636942676,0.3,120,164,wall,both,1,1,1,1,1,1
1100,1.0651541948318481,-0.46882370114326477,-614.0012817382812,-0.17813415825366974,0.8953138589859009,0.0009549856185913086,80,9,37,0.012910251505672932,0.5434782608695653,0.3,98,126,wall,both,1,1,1,1,1,1
1104,3.9885685443878174,-6.57383394241333,-521.0381469726562,-0.14213413000106812,0.7997519373893738,0.00016254186630249023,93,0,53,0.032099246978759766,0.5067567567567568,0.3,120,146,wall,both,1,1,1,1,1,1
1108,0.7574317455291748,-0.23706728219985962,0.0,-0.021762100979685783,0.28527355194091797,0.030016183853149414,0,0,0,0.029537951573729515,0.5,0.3,0,0,wall,both,1,1,1,1,1,1
1112,0.5363045334815979,-0.11885228008031845,0.0,-0.008213470689952374,0.19204488396644592,0.0020788908004760742,0,0,0,0.010652555152773857,0.5,0.3,0,0,wall,both,1,1,1,1,1,1
1116,2.637556552886963,-2.874671220779419,0.0,-9.762094123288989e-05,0.00841023214161396,0.004479527473449707,0,0,0,0.008741864003241062,0.5,0.3,0,0,wall,both,1,1,1,1,1,1
1120,2.792144775390625,-3.221517324447632,-218.75917053222656,-0.1604575216770172,0.8465222716331482,0.017239689826965332,85,0,35,0.015519692562520504,0.5555555555555556,0.3,120,120,wall,both,1,1,1,1,1,1
1124,0.25050297379493713,-0.02593046985566616,-270.6650695800781,-0.02029218152165413,0.30218327045440674,7.11679458618164e-05,74,0,35,0.012023206800222397,0.5791505791505792,0.3,109,109,wall,both,1,1,1,1,1,1
1128,2.134822130203247,-1.883250117301941,-352.614501953125,-1.1864705085754395,2.28153133392334,0.08532863855361938,26,0,28,0.01940227299928665,0.7352941176470589,0.3,54,54,wall,both,1,1,1,1,1,1
1132,1.0911986827850342,-0.4920307993888855,-821.4287109375,-3.869853973388672,4.080018997192383,0.20445483922958374,4,0,126,0.015080231241881847,0.5357142857142857,0.3,120,130,wall,both,1,1,1,1,1,1
1136,1.6994699239730835,-1.1934702396392822,-696.6322021484375,-0.5113312005996704,1.510434865951538,0.03264749050140381,21,6,86,0.012430904433131218,0.5703422053231939,0.3,98,113,wall,both,1,1,1,1,1,1
1140,1.0099642276763916,-0.4214990437030792,-447.93017578125,-0.13992205262184143,0.1084338128566742,0.18341416120529175,87,5,33,0.022842807695269585,0.5454545454545454,0.3,120,125,wall,both,1,1,1,1,1,1
1144,0.269073486328125,-0.029917577281594276,-561.832275390625,-0.14952132105827332,0.7488623261451721,0.0781061053276062,80,1,68,0.02989772893488407,0.5016722408026756,0.3,120,149,wall,both,1,1,1,1,1,1
1148,3.1658952236175537,-4.141691207885742,-886.2496948242188,-0.1855926513671875,0.5725532174110413,0.16619980335235596,88,30,47,0.010172383859753609,0.47619047619047616,0.3,120,165,wall,both,1,1,1,1,1,1
1152,3.300778388977051,-4.50212287902832,-280.9044189453125,-0.8342399597167969,1.0475586652755737,0.3803190588951111,134,0,21,0.014768136665225029,0.49180327868852464,0.3,120,155,wall,both,1,1,1,1,1,1
1156,0.37927335500717163,-0.05944143608212471,-849.7943725585938,-0.4338577687740326,0.7028161287307739,0.2817841172218323,114,32,34,0.013935266993939877,0.45454545454545453,0.3,120,180,wall,both,1,1,1,1,1,1
1160,1.7912367582321167,-1.3258384466171265,-562.7105712890625,-0.017474465072155,0.23632295429706573,0.03522217273712158,126,16,14,0.04222916066646576,0.49019607843137253,0.3,120,156,wall,both,1,1,1,1,1,1
1164,1.2386488914489746,-0.6339880228042603,-176.7190399169922,-0.05108711123466492,0.4598924219608307,0.0316430926322937,111,0,18,0.00911859143525362,0.5376344086021506,0.3,120,129,wall,both,1,1,1,1,1,1
1168,1.2073554992675781,-0.602358341217041,-245.315673828125,-0.03268013894557953,0.36948060989379883,0.023960411548614502,129,0,19,0.011920394375920296,0.5033557046979865,0.3,120,148,wall,both,1,1,1,1,1,1
1172,2.046379327774048,-1.7304413318634033,-245.08668518066406,-0.29784220457077026,0.982681155204773,0.1428159475326538,119,2,11,0.0177006833255291,0.5319148936170213,0.3,120,132,wall,both,1,1,1,1,1,1
1176,1.884981393814087,-1.4682457447052002,-416.9944763183594,-0.04642234370112419,0.44850003719329834,0.02053898572921753,121,12,20,0.010698088444769382,0.49504950495049505,0.3,120,153,wall,both,1,1,1,1,1,1
1180,2.1581718921661377,-1.9246716499328613,-262.1536865234375,-0.07238002121448517,0.5643678307533264,0.019797682762145996,106,5,15,0.0106600821018219,0.5434782608695653,0.3,120,126,wall,both,1,1,1,1,1,1
1184,0.4743720293045044,-0.09298711270093918,-424.044921875,-0.3897694945335388,1.0379480123519897,0.1919337511062622,119,11,12,0.08226866275072098,0.5136986301369862,0.3,120,142,wall,both,1,1,1,1,1,1
1188,0.7420750260353088,-0.22755177319049835,-235.16665649414062,-0.08732516318559647,0.6267344951629639,0.003016173839569092,115,2,19,0.03707219660282135,0.5244755244755245,0.3,120,136,wall,both,1,1,1,1,1,1
1192,3.355818510055542,-4.653519153594971,-221.46302795410156,-0.17525053024291992,0.20540839433670044,0.20159173011779785,120,0,19,0.050586167722940445,0.5190311418685121,0.3,120,139,wall,both,1,1,1,1,1,1
1196,1.8478813171386719,-1.4110187292099,-175.6835479736328,-0.292186439037323,0.9176314473152161,0.1604396104812622,100,0,20,0.0338626466691494,0.5555555555555556,0.3,120,120,wall,both,1,1,1,1,1,1
1200,3.124182939529419,-4.0332722663879395,-175.6013641357422,-0.28115546703338623,1.1162115335464478,0.03239166736602783,118,0,20,0.031311072409152985,0.5208333333333334,0.3,120,138,wall,both,1,1,1,1,1,1
1204,2.848815679550171,-3.3536157608032227,-277.6531677246094,-0.4059423804283142,0.9062460064888,0.2339693307876587,112,0,26,0.02279120497405529,0.5208333333333334,0.3,120,138,wall,both,1,1,1,1,1,1
1208,2.2830631732940674,-2.1538748741149902,-624.1390380859375,-0.2395796775817871,0.01634497568011284,0.2422446608543396,148,2,12,0.0141134737059474,0.4807692307692307,0.3,120,162,wall,both,1,1,1,1,1,1
1212,1.6814409494400024,-1.168282389640808,-621.0175170898438,-0.09062919020652771,0.08966891467571259,0.14753437042236328,128,4,24,0.021772200241684914,0.49019607843137253,0.3,120,156,wall,both,1,1,1,1,1,1
1216,4.598446369171143,-8.737895011901855,-381.6627502441406,-0.5339838862419128,1.2336301803588867,0.21902084350585938,140,10,12,0.01708866097033024,0.4807692307692307,0.3,120,162,wall,both,1,1,1,1,1,1
1220,6.661001205444336,-18.334270477294922,-468.99822998046875,-0.6014363765716553,0.8894153237342834,0.3229289650917053,155,12,18,0.010386070236563683,0.44776119402985076,0.3,120,185,wall,both,1,1,1,1,1,1
1224,1.1142054796218872,-0.5129974484443665,-877.516357421875,-0.3377605080604553,1.0406885147094727,0.15422779321670532,123,24,34,0.009993752464652061,0.4531722054380664,0.3,120,181,wall,both,1,1,1,1,1,1
1228,0.45956894755363464,-0.0872742161154747,0.0,-0.2077123373746872,0.9667806029319763,0.001489400863647461,0,0,0,0.00847457442432642,0.5,0.3,0,0,wall,both,1,1,1,1,1,1
1232,1.5585283041000366,-1.0037232637405396,0.0,-0.1674363911151886,0.8657882809638977,0.014523863792419434,0,0,0,0.006479083560407162,0.5,0.3,0,0,wall,both,1,1,1,1,1,1
1236,0.40028244256973267,-0.0662091001868248,0.0,-0.002551853423938155,0.04964081570506096,0.022159457206726074,0,0,0,0.008558925241231918,0.5,0.3,0,0,wall,both,1,1,1,1,1,1
1240,1.4148846864700317,-0.8272308707237244,0.0,-0.04054681956768036,0.42681577801704407,0.003966569900512695,0,0,0,0.006613867357373238,0.5,0.3,0,0,wall,both,1,1,1,1,1,1
1244,2.737267255783081,-3.0961287021636963,0.0,-0.18592339754104614,0.8601438403129578,0.07259923219680786,0,0,0,0.007831759750843048,0.5,0.3,0,0,wall,both,1,1,1,1,1,1
1248,1.881312370300293,-1.4625355005264282,0.0,-0.8378934860229492,1.0870535373687744,0.37543004751205444,0,0,0,0.008624718524515629,0.5,0.3,0,0,wall,both,1,1,1,1,1,1
1252,1.7018206119537354,-1.1967741250991821,0.0,-0.6007188558578491,1.3711875677108765,0.21168869733810425,0,0,0,0.012012057937681675,0.5,0.3,0,0,wall,both,1,1,1,1,1,1
1256,1.2817052602767944,-0.6788298487663269,-474.3590393066406,-0.3435833156108856,1.203641653060913,0.0728103518486023,55,3,66,0.0243002250790596,0.5474452554744526,0.3,115,124,wall,both,1,1,1,1,1,1
1260,2.0104310512542725,-1.670178771018982,-391.67181396484375,-0.1900487095117569,0.9240854978561401,0.00836491584777832,79,1,47,0.011975564993917942,0.5415162454873647,0.3,120,127,wall,both,1,1,1,1,1,1
1264,0.5885626673698425,-0.143142968416214,-595.8157958984375,-0.15428416430950165,0.8323840498924255,0.008778810501098633,101,20,26,0.019855743274092674,0.5050505050505051,0.3,120,147,wall,both,1,1,1,1,1,1
1268,0.8178511261940002,-0.27639687061309814,-277.0283508300781,-0.15157191455364227,0.8226343393325806,0.017061054706573486,147,7,29,0.01114439032971859,0.4504504504504505,0.3,120,183,wall,both,1,1,1,1,1,1
1272,0.29889529943466187,-0.036916691809892654,-395.5945739746094,-0.0746929720044136,0.5726930499076843,0.02105313539505005,149,9,34,0.011568626388907433,0.43859649122807015,0.3,120,192,wall,both,1,1,1,1,1,1
1276,1.303248643875122,-0.7018417119979858,-565.782958984375,-0.0784568339586258,0.5916779041290283,0.012722551822662354,126,23,30,0.013175152242183685,0.45592705167173253,0.3,120,179,wall,both,1,1,1,1,1,1
1280,2.7684133052825928,-3.1669883728027344,-128.13876342773438,-0.20571140944957733,0.9609779715538025,0.011000633239746094,106,0,17,0.011635811999440193,0.5494505494505495,0.3,120,123,wall,both,1,1,1,1,1,1
1284,0.20676207542419434,-0.017665518447756767,-183.4911651611328,-0.13991278409957886,0.7932007908821106,0.004894614219665527,107,2,18,0.009392092004418373,0.5415162454873647,0.3,120,127,wall,both,1,1,1,1,1,1
1288,1.8710330724716187,-1.4465969800949097,-333.0245056152344,-0.20523904263973236,0.9115005731582642,0.07105845212936401,125,7,40,0.013138203881680965,0.46583850931677023,0.3,120,172,wall,both,1,1,1,1,1,1
1292,3.3385658264160156,-4.6057939529418945,-234.7760772705078,-0.16318434476852417,0.8566968441009521,0.0046672821044921875,119,0,26,0.01604001224040985,0.5084745762711864,0.3,120,145,wall,both,1,1,1,1,1,1
1296,0.5212089419364929,-0.11225567758083344,-653.2950439453125,-0.2221037894487381,0.9997330904006958,0.00020492076873779297,139,29,19,0.01638217829167843,0.44510385756676557,0.3,120,187,wall,both,1,1,1,1,1,1
1300,2.269730806350708,-2.1287925243377686,-590.4334106445312,-0.026929881423711777,0.34688565135002136,0.006821990013122559,154,2,40,0.021176176145672798,0.43352601156069365,0.3,120,196,wall,both,1,1,1,1,1,1
1304,0.4263134300708771,-0.07510046660900116,-121.27041625976562,-0.16778229176998138,0.8689113855361938,0.0008516907691955566,121,0,16,0.022795312106609344,0.5226480836236934,0.3,120,137,wall,both,1,1,1,1,1,1
1308,2.6141128540039062,-2.823795795440674,-511.04913330078125,-0.059172339737415314,0.5160067081451416,0.0008283257484436035,144,5,32,0.021009162068367004,0.4531722054380664,0.3,120,181,wall,both,1,1,1,1,1,1
1312,1.1686090230941772,-0.5643169283866882,-572.4241943359375,-0.07022739201784134,0.5551616549491882,0.02063220739364624,109,13,26,0.011513572186231613,0.5033557046979865,0.3,120,148,wall,both,1,1,1,1,1,1
1316,3.4403083324432373,-4.890793323516846,-658.0084228515625,-0.0756511241197586,0.5552995800971985,0.041787147521972656,107,9,35,0.009633174166083336,0.4983388704318937,0.3,120,151,wall,both,1,1,1,1,1,1
1320,0.5535825490951538,-0.12663373351097107,-220.68296813964844,-0.29751601815223694,1.1086859703063965,0.07726025581359863,118,0,18,0.011692010797560215,0.5244755244755245,0.3,120,136,wall,both,1,1,1,1,1,1
1324,1.1349600553512573,-0.5322868824005127,-197.11917114257812,-0.3827926218509674,0.06628710776567459,0.3058512210845947,119,0,14,0.03091687522828579,0.5300353356890459,0.3,120,133,wall,both,1,1,1,1,1,1
1328,0.7055115103721619,-0.20568035542964935,-327.3121643066406,-0.12302514910697937,0.6198261976242065,0.09604400396347046,100,0,37,0.015289884991943836,0.5226480836236934,0.3,120,137,wall,both,1,1,1,1,1,1
1332,1.4497779607772827,-0.868535578250885,-205.8199920654297,-0.004576920997351408,0.10037414729595184,0.02393364906311035,107,0,13,0.01127562951296568,0.5555555555555556,0.3,120,120,wall,both,1,1,1,1,1,1
1336,1.0582540035247803,-0.46276921033859253,-204.62493896484375,-0.0026039492804557085,0.10608482360839844,0.005024969577789307,102,0,18,0.01486086193472147,0.5555555555555556,0.3,120,120,wall,both,1,1,1,1,1,1
1340,1.262243628501892,-0.6583714485168457,0.0,-0.04319377616047859,0.43427714705467224,0.017732322216033936,0,0,0,0.041457030922174454,0.5,0.3,0,0,wall,both,1,1,1,1,1,1
1344,1.810368537902832,-1.3543115854263306,-339.498291015625,-0.7391659617424011,1.8234543800354004,0.008285164833068848,45,0,42,0.03740826994180679,0.6329113924050632,0.3,87,87,wall,both,1,1,1,1,1,1
1348,4.2188401222229,-7.354798316955566,-294.7841491699219,-0.8906887769699097,1.8200963735580444,0.19457101821899414,54,0,30,0.05145958811044693,0.641025641025641,0.3,84,84,wall,both,1,1,1,1,1,1
1352,0.6113028526306152,-0.15441782772541046,-337.35980224609375,-1.2366102933883667,1.7984625101089478,0.35618919134140015,33,0,33,0.01824960671365261,0.6944444444444444,0.3,66,66,wall,both,1,1,1,1,1,1
1356,1.3291094303131104,-0.7299717664718628,-1230.1585693359375,-3.070302963256836,2.8993802070617676,0.5427173376083374,17,0,63,0.014348946511745453,0.6521739130434783,0.3,58,80,wall,both,1,1,1,1,1,1
1360,0.92990642786026,-0.3573247492313385,0.0,-2.79058837890625,3.1786630153656006,0.3655036687850952,0,0,0,0.009499810636043549,0.5,0.3,0,0,wall,both,1,1,1,1,1,1
1364,0.26649990677833557,-0.029348013922572136,0.0,-3.018070936203003,3.0951387882232666,0.4667503237724304,0,0,0,0.007888233289122581,0.5,0.3,0,0,wall,both,1,1,1,1,1,1
1368,2.566112756729126,-2.7210471630096436,0.0,-1.5074628591537476,0.5485867261886597,0.594090461730957,0,0,0,0.011712871491909027,0.5,0.3,0,0,wall,both,1,1,1,1,1,1
1372,1.424127459526062,-0.8380739688873291,0.0,-0.7553133964538574,1.0893378257751465,0.347051739692688,0,0,0,0.009993679821491241,0.5,0.3,0,0,wall,both,1,1,1,1,1,1
1376,3.0618016719818115,-3.8738133907318115,0.0,-0.8509058952331543,0.14915381371974945,0.45525896549224854,0,0,0,0.013053885661065578,0.5,0.3,0,0,wall,both,1,1,1,1,1,1
1380,1.1786820888519287,-0.574087381362915,0.0,-0.7678183317184448,0.7129489183425903,0.40055161714553833,0,0,0,0.010421809740364552,0.5,0.3,0,0,wall,both,1,1,1,1,1,1
1384,1.4933907985687256,-0.9215767979621887,0.0,-0.37416213750839233,1.2193279266357422,0.10355609655380249,0,0,0,0.007785627152770758,0.5,0.3,0,0,wall,both,1,1,1,1,1,1
1388,4.577209949493408,-8.657376289367676,-428.0920104980469,-1.0693655014038086,2.1910810470581055,0.02481299638748169,44,0,76,0.011698240414261818,0.5555555555555556,0.3,120,120,wall,both,1,1,1,1,1,1
1392,1.4828026294708252,-0.9085551500320435,-380.25732421875,-0.46210572123527527,1.4323397874832153,0.03895926475524902,53,0,67,0.008738071657717228,0.5555555555555556,0.3,120,120,wall,both,1,1,1,1,1,1
1396,1.2627520561218262,-0.6589019298553467,0.0,-0.4455128610134125,1.415911316871643,0.00040525197982788086,0,0,0,0.007321637589484453,0.5,0.3,0,0,wall,both,1,1,1,1,1,1
1400,1.0145858526229858,-0.42536547780036926,-250.00552368164062,-0.33783426880836487,1.2329858541488647,4.7206878662109375e-05,80,0,40,0.00859004631638527,0.5555555555555556,0.3,120,120,wall,both,1,1,1,1,1,1
1404,2.7207212448120117,-3.0588114261627197,-89.77972412109375,-0.27827343344688416,0.5767465233802795,0.2237560749053955,122,0,0,0.04775262251496315,0.551470588235294,0.3,120,122,wall,both,1,1,1,1,1,1
1408,2.512056350708008,-2.607614278793335,-464.38720703125,-0.09985768795013428,0.6596613526344299,0.02781122922897339,110,16,8,0.013785690069198608,0.528169014084507,0.3,88,134,wall,both,1,1,1,1,1,1
1412,2.380462646484375,-2.341571092605591,-296.7330017089844,-0.017735609784722328,0.055678706616163254,0.06462538242340088,111,5,9,0.005982397589832544,0.5454545454545454,0.3,120,125,wall,both,1,1,1,1,1,1
1416,1.5233720541000366,-0.9589514136314392,-337.4300537109375,-0.057973895221948624,0.5088980197906494,0.010185003280639648,80,0,44,0.005950966849923134,0.5474452554744526,0.3,120,124,wall,both,1,1,1,1,1,1
1420,1.598106026649475,-1.05534827709198,-306.0193176269531,-0.06485021859407425,0.5397778749465942,0.005036115646362305,73,0,47,0.006882474757730961,0.5555555555555556,0.3,120,120,wall,both,1,1,1,1,1,1
1424,1.4555270671844482,-0.8754376173019409,-500.7700500488281,-0.06763629615306854,0.549869179725647,0.010453760623931885,119,14,8,0.010545386001467705,0.5154639175257733,0.3,120,141,wall,both,1,1,1,1,1,1
1428,3.268772840499878,-4.4152374267578125,-331.2113342285156,-0.16154921054840088,0.8526213765144348,0.000670313835144043,77,0,58,0.008396116085350513,0.5263157894736842,0.3,120,135,wall,both,1,1,1,1,1,1
1432,2.2199525833129883,-2.0364418029785156,-344.5359802246094,-0.3259778916835785,1.2099580764770508,0.012569546699523926,79,0,78,0.007397884503006935,0.4885993485342019,0.3,119,157,wall,both,1,1,1,1,1,1
1436,1.6932014226913452,-1.1846821308135986,-387.78662109375,-0.1959608495235443,0.9381179809570312,0.009784817695617676,56,0,62,0.008788599632680416,0.5597014925373135,0.3,85,118,wall,both,1,1,1,1,1,1
1440,2.2836310863494873,-2.1549465656280518,-123.5689468383789,-0.07722055166959763,0.5750678777694702,0.030233919620513916,128,0,7,0.013576445169746876,0.5263157894736842,0.3,120,135,wall,both,1,1,1,1,1,1
1444,2.3482494354248047,-2.2786262035369873,-171.27877807617188,-0.05303560197353363,0.48429039120674133,0.014982521533966064,137,0,5,0.0087225791066885,0.5136986301369862,0.3,120,142,wall,both,1,1,1,1,1,1
1448,1.4865458011627197,-0.913148045539856,-157.65919494628906,-0.028642548248171806,0.34105125069618225,0.026166141033172607,118,0,7,0.008495680056512356,0.5454545454545454,0.3,120,125,wall,both,1,1,1,1,1,1
1452,1.9500629901885986,-1.5713824033737183,-190.51327514648438,-0.43601083755493164,0.35997700691223145,0.3158600330352783,139,0,10,0.01452801376581192,0.5016722408026756,0.3,120,149,wall,both,1,1,1,1,1,1
1456,1.689143180847168,-1.1790101528167725,-312.5941162109375,-0.793416440486908,0.461511492729187,0.4275403618812561,156,0,16,0.018778041005134583,0.46583850931677023,0.3,120,172,wall,both,1,1,1,1,1,1
1460,0.1055041253566742,-0.004599636420607567,0.0,-0.00752663891762495,0.18138287961483002,0.007267594337463379,0,0,0,0.007921535521745682,0.5,0.3,0,0,wall,both,1,1,1,1,1,1
1464,2.5096611976623535,-2.602644205093384,-277.4397888183594,-0.13429349660873413,0.44466960430145264,0.14878356456756592,80,0,40,0.008095397613942623,0.5555555555555556,0.3,120,120,wall,both,1,1,1,1,1,1
1468,2.4594244956970215,-2.4994912147521973,0.0,-0.21282896399497986,0.9738954305648804,0.022450923919677734,0,0,0,0.008635355159640312,0.5,0.3,0,0,wall,both,1,1,1,1,1,1
1472,2.458951234817505,-2.4985291957855225,0.0,-0.19749926030635834,0.9406161904335022,0.014734804630279541,0,0,0,0.0062151821330189705,0.5,0.3,0,0,wall,both,1,1,1,1,1,1
1476,0.2161717712879181,-0.019310014322400093,0.0,-0.10111977905035019,0.6745542883872986,0.0009180903434753418,0,0,0,0.007460047956556082,0.5,0.3,0,0,wall,both,1,1,1,1,1,1
1480,0.03670322895050049,-0.0005566640174947679,0.0,-0.09131424874067307,0.6378160119056702,0.014949440956115723,0,0,0,0.007699600886553526,0.5,0.3,0,0,wall,both,1,1,1,1,1,1
1484,0.6012571454048157,-0.14938434958457947,0.0,-0.6649389863014221,1.6871323585510254,0.08909851312637329,0,0,0,0.011163042858242989,0.5,0.3,0,0,wall,both,1,1,1,1,1,1
1488,2.2339494228363037,-2.0622024536132812,0.0,-1.3236454725265503,2.4405720233917236,0.000835120677947998,0,0,0,0.009197890758514404,0.5,0.3,0,0,wall,both,1,1,1,1,1,1
1492,1.1984837055206299,-0.5935384631156921,0.0,-0.5881574749946594,1.6266230344772339,0.006625056266784668,0,0,0,0.010051380842924118,0.5,0.3,0,0,wall,both,1,1,1,1,1,1
1496,0.9677560925483704,-0.38700488209724426,0.0,-0.2212802916765213,0.9810407757759094,0.04259228706359863,0,0,0,0.013289731927216053,0.5,0.3,0,0,wall,both,1,1,1,1,1,1
1500,3.931817054748535,-6.388092994689941,0.0,-0.46713611483573914,1.4467726945877075,0.022088050842285156,0,0,0,0.011683505959808826,0.5,0.3,0,0,wall,both,1,1,1,1,1,1
1504,2.6215453147888184,-2.8398759365081787,0.0,-0.6117767691612244,1.6589680910110474,0.006682634353637695,0,0,0,0.02599027007818222,0.5,0.3,0,0,wall,both,1,1,1,1,1,1
1508,1.4438953399658203,-0.8615015745162964,0.0,-0.1203845888376236,0.7228671908378601,0.03232628107070923,0,0,0,0.032254934310913086,0.5,0.3,0,0,wall,both,1,1,1,1,1,1
1512,2.062201738357544,-1.757304072380066,0.0,-0.4196087121963501,1.3734183311462402,0.010333418846130371,0,0,0,0.01707051694393158,0.5,0.3,0,0,wall,both,1,1,1,1,1,1
1516,4.4570393562316895,-8.208760261535645,0.0,-0.4659263789653778,1.44692862033844,0.012920618057250977,0,0,0,0.02301042340695858,0.5,0.3,0,0,wall,both,1,1,1,1,1,1
1520,0.9188603758811951,-0.348886102437973,0.0,-0.12463364005088806,0.6050236225128174,0.10298377275466919,0,0,0,0.038648802787065506,0.5,0.3,0,0,wall,both,1,1,1,1,1,1
1524,0.9740550518035889,-0.3920591473579407,0.0,-0.21336154639720917,0.9449650049209595,0.06047254800796509,0,0,0,0.038901835680007935,0.5,0.3,0,0,wall,both,1,1,1,1,1,1
1528,0.3429526388645172,-0.04860186204314232,0.0,-0.40886223316192627,1.2345319986343384,0.13112640380859375,0,0,0,0.04468352720141411,0.5,0.3,0,0,wall,both,1,1,1,1,1,1
1532,2.184579849243164,-1.9720613956451416,0.0,-0.13509833812713623,0.7676439881324768,0.03187817335128784,0,0,0,0.06685066223144531,0.5,0.3,0,0,wall,both,1,1,1,1,1,1
1536,1.9320755004882812,-1.5425270795822144,0.0,-0.328185111284256,1.1854982376098633,0.062360167503356934,0,0,0,0.025126850232481956,0.5,0.3,0,0,wall,both,1,1,1,1,1,1
1540,3.6171977519989014,-5.406660556793213,0.0,-0.521446168422699,1.5311728715896606,0.010480523109436035,0,0,0,0.07177551835775375,0.5,0.3,0,0,wall,both,1,1,1,1,1,1
1544,0.9103803634643555,-0.3424761891365051,0.0,-0.27648547291755676,1.1134880781173706,0.015352010726928711,0,0,0,0.04934476688504219,0.5,0.3,0,0,wall,both,1,1,1,1,1,1
1548,4.227582931518555,-7.385312557220459,0.0,-0.3454296886920929,1.2260855436325073,0.052770376205444336,0,0,0,0.01805543713271618,0.5,0.3,0,0,wall,both,1,1,1,1,1,1
1552,0.8353184461593628,-0.28832927346229553,0.0,-0.37934964895248413,1.1780788898468018,0.1318289041519165,0,0,0,0.028489816933870316,0.5,0.3,0,0,wall,both,1,1,1,1,1,1
1556,0.6522423028945923,-0.1757933795452118,0.0,-0.3990407884120941,1.2187747955322266,0.12997138500213623,0,0,0,0.01936529017984867,0.5,0.3,0,0,wall,both,1,1,1,1,1,1
1560,3.552335500717163,-5.214498519897461,0.0,-0.3752627968788147,1.2770808935165405,0.05607140064239502,0,0,0,0.023884426802396774,0.5,0.3,0,0,wall,both,1,1,1,1,1,1
1564,4.135025978088379,-7.0654706954956055,0.0,-0.22099138796329498,0.9972267150878906,8.934736251831055e-05,0,0,0,0.05684671178460121,0.5,0.3,0,0,wall,both,1,1,1,1,1,1
1568,1.727426528930664,-1.2330588102340698,0.0,-0.36696961522102356,1.2696588039398193,0.04627406597137451,0,0,0,0.022464295849204063,0.5,0.3,0,0,wall,both,1,1,1,1,1,1
