frame_idx,gps_dist,log_gps,log_semantic,log_corridor,corridor_dist,corridor_heading_misalign,correct_hits,incorrect_hits,no_hits,weight,gps_weight_used,corridor_weight_used,num_background_used,num_observations,semantic_model_used,gps_enabled,semantic_enabled,corridor_enabled,background_enabled,dynamic_gps_enabled,pose_smoothing_enabled
0,3.379239320755005,-4.718701362609863,-236.8583526611328,-0.24815161526203156,0.855201780796051,0.14483821392059326,94,0,32,0.05056828260421753,0.5,0.3,120,126,wall,1,1,1,1,0,1
4,4.157327651977539,-7.1418890953063965,-430.44049072265625,-0.009105674922466278,0.16517551243305206,0.027303576469421387,61,0,64,0.007110652979463339,0.5,0.3,120,125,wall,1,1,1,1,0,1
8,0.6993504166603088,-0.20210370421409607,-355.67889404296875,-0.009131026454269886,0.2024911791086197,0.002175629138946533,95,0,30,0.010349312797188759,0.5,0.3,120,125,wall,1,1,1,1,0,1
12,2.896317720413208,-3.4663867950439453,-393.9250793457031,-0.009855648502707481,0.1902146190404892,0.021089017391204834,66,0,63,0.01825503073632717,0.5,0.3,120,129,wall,1,1,1,1,0,1
16,2.0022854804992676,-1.6566722393035889,-389.5816650390625,-0.010557536035776138,0.18638479709625244,0.02636730670928955,64,0,62,0.03904583305120468,0.5,0.3,120,126,wall,1,1,1,1,0,1
20,5.34084939956665,-11.787054061889648,-388.34869384765625,-0.01335893664509058,0.20672763884067535,0.030760109424591064,64,0,61,0.04117194563150406,0.5,0.3,120,125,wall,1,1,1,1,0,1
24,1.3266410827636719,-0.7272629737854004,-205.8230438232422,-0.33672255277633667,1.2307565212249756,0.00516432523727417,108,0,16,0.09713166952133179,0.5,0.3,120,124,wall,1,1,1,1,0,1
28,1.3643646240234375,-0.7692110538482666,-379.610595703125,-0.0036233169957995415,0.1146436259150505,0.01312023401260376,82,0,43,0.05270734429359436,0.5,0.3,120,125,wall,1,1,1,1,0,1
32,1.1980355978012085,-0.5930947065353394,-524.8452758789062,-0.05000403895974159,0.458475261926651,0.028404057025909424,57,0,70,0.02868669293820858,0.5,0.3,120,127,wall,1,1,1,1,0,1
36,3.570833921432495,-5.268948078155518,-714.5060424804688,-0.009354371577501297,0.20512159168720245,0.0010384321212768555,53,6,101,0.05730088800191879,0.5,0.3,120,160,wall,1,1,1,1,0,1
40,2.0136916637420654,-1.6756007671356201,-493.107177734375,-0.002562850248068571,0.10654383897781372,0.0031412243843078613,117,4,35,0.027625983580946922,0.5,0.3,120,156,wall,1,1,1,1,0,1
44,1.2675528526306152,-0.663921594619751,-361.1681823730469,-0.004854378290474415,0.07553692907094955,0.02964240312576294,111,2,18,0.029558587819337845,0.5,0.3,120,131,wall,1,1,1,1,0,1
48,3.8692164421081543,-6.186295509338379,-192.263916015625,-0.05425502359867096,0.4936460554599762,0.0050109028816223145,107,0,23,0.04918142780661583,0.5,0.3,120,130,wall,1,1,1,1,0,1
52,2.4276034832000732,-2.4352307319641113,-604.791259765625,-0.00016738972044549882,0.025284910574555397,0.002490520477294922,97,10,29,0.0462326854467392,0.5,0.3,120,136,wall,1,1,1,1,0,1
56,2.654107093811035,-2.9108612537384033,-341.44476318359375,-0.023707158863544464,0.2973678410053253,0.03152555227279663,102,0,37,0.04365764185786247,0.5,0.3,120,139,wall,1,1,1,1,0,1
60,3.5416221618652344,-5.183094024658203,-222.18968200683594,-0.13753452897071838,0.7856799364089966,0.00936955213546753,106,2,28,0.12366125732660294,0.5,0.3,120,136,wall,1,1,1,1,0,1
64,4.057020664215088,-6.8014116287231445,-419.54058837890625,-0.06084638461470604,0.5055056810379028,0.03154122829437256,103,3,33,0.07453601062297821,0.5,0.3,120,139,wall,1,1,1,1,0,1
68,3.2901246547698975,-4.47310733795166,-441.1968688964844,-0.10400641709566116,0.6552980542182922,0.04585063457489014,101,0,34,0.0681847557425499,0.5,0.3,120,135,wall,1,1,1,1,0,1
72,0.6491257548332214,-0.17411744594573975,-412.26324462890625,-0.03702928125858307,0.32454410195350647,0.05777198076248169,102,7,23,0.03780028223991394,0.5,0.3,120,132,wall,1,1,1,1,0,1
76,1.279266357421875,-0.6762489080429077,-306.1990966796875,-0.11052873730659485,0.688343346118927,0.03581702709197998,103,3,29,0.028872812166810036,0.5,0.3,120,135,wall,1,1,1,1,0,1
80,2.5645949840545654,-2.717829465866089,-555.0203247070312,-0.007964378222823143,0.10792973637580872,0.036291301250457764,95,11,26,0.030580172315239906,0.5,0.3,120,132,wall,1,1,1,1,0,1
84,2.7045021057128906,-3.0224509239196777,-400.0199890136719,-0.18242526054382324,0.8711719512939453,0.058086931705474854,105,3,28,0.02735820785164833,0.5,0.3,120,136,wall,1,1,1,1,0,1
88,2.3433215618133545,-2.2690725326538086,-241.88377380371094,-0.28453102707862854,1.131440281867981,0.0035578012466430664,89,0,38,0.0733700841665268,0.5,0.3,120,127,wall,1,1,1,1,0,1
92,2.326672077178955,-2.236943244934082,-285.81475830078125,-0.08437532186508179,0.6129181385040283,0.014794707298278809,86,0,40,0.021852673962712288,0.5,0.3,120,126,wall,1,1,1,1,0,1
96,1.3068028688430786,-0.7056750655174255,-489.55401611328125,-0.00031567446421831846,0.03023569844663143,0.005250453948974609,89,0,49,0.03966524451971054,0.5,0.3,120,138,wall,1,1,1,1,0,1
100,3.9695887565612793,-6.511419296264648,-566.942626953125,-0.4450739622116089,1.11744225025177,0.2026316523551941,107,4,36,0.021394051611423492,0.5,0.3,120,147,wall,1,1,1,1,0,1
104,0.48869651556015015,-0.09868771582841873,-326.9103088378906,-0.060825955122709274,0.20603491365909576,0.11221039295196533,113,1,21,0.05288601666688919,0.5,0.3,120,135,wall,1,1,1,1,0,1
108,3.4074604511260986,-4.797845363616943,-320.9764709472656,-0.15640570223331451,0.25126296281814575,0.18676763772964478,124,1,7,0.013676750473678112,0.5,0.3,120,132,wall,1,1,1,1,0,1
112,3.6295297145843506,-5.443588733673096,-269.66436767578125,-0.7086530923843384,1.6867561340332031,0.1368122696876526,76,0,44,0.007095377426594496,0.5,0.3,120,120,wall,1,1,1,1,0,1
116,0.9902946949005127,-0.40524113178253174,-165.37982177734375,-0.5659942626953125,0.12944559752941132,0.37115538120269775,120,1,0,0.02794593572616577,0.5,0.3,120,121,wall,1,1,1,1,0,1
120,4.268625736236572,-7.529407501220703,-165.6883544921875,-0.2287842035293579,0.1072017028927803,0.23542821407318115,117,0,3,0.008232244290411472,0.5,0.3,120,120,wall,1,1,1,1,0,1
124,5.448068141937256,-12.265059471130371,-212.7731475830078,-0.12333670258522034,0.7355009913444519,0.027661025524139404,101,0,24,0.012856355868279934,0.5,0.3,120,125,wall,1,1,1,1,0,1
128,1.5173341035842896,-0.9513647556304932,-210.31756591796875,-0.15422114729881287,0.6803019642829895,0.11219048500061035,109,0,27,0.03534819185733795,0.5,0.3,120,136,wall,1,1,1,1,0,1
132,0.4485275149345398,-0.08313095569610596,-102.2306900024414,-0.17629395425319672,0.8906866908073425,1.1920928955078125e-06,125,0,0,0.014658503234386444,0.5,0.3,120,125,wall,1,1,1,1,0,1
136,0.14519885182380676,-0.008711861446499825,-330.9693908691406,-0.08295517414808273,0.5971037149429321,0.030212342739105225,117,5,25,0.011689049191772938,0.5,0.3,120,147,wall,1,1,1,1,0,1
140,4.841362476348877,-9.685450553894043,-219.24070739746094,-0.06727662682533264,0.5498325824737549,0.0048326849937438965,123,0,18,0.026075875386595726,0.5,0.3,120,141,wall,1,1,1,1,0,1
144,4.205387592315674,-7.307968616485596,-496.0083312988281,-0.07655898481607437,0.5869543552398682,4.5299530029296875e-06,125,2,19,0.028506821021437645,0.5,0.3,120,146,wall,1,1,1,1,0,1
148,3.629836082458496,-5.444508075714111,-291.1490173339844,-0.045863017439842224,0.45418694615364075,0.002307593822479248,123,2,10,0.018458792939782143,0.5,0.3,120,135,wall,1,1,1,1,0,1
152,3.018868923187256,-3.765937566757202,-299.94757080078125,-0.00531700998544693,0.15059661865234375,0.008240342140197754,119,1,12,0.017323913052678108,0.5,0.3,120,132,wall,1,1,1,1,0,1
156,2.0412397384643555,-1.7217601537704468,-170.6310577392578,-0.09105994552373886,0.6376387476921082,0.013171672821044922,112,0,8,0.010644433088600636,0.5,0.3,120,120,wall,1,1,1,1,0,1
160,5.18242073059082,-11.09813404083252,-303.2640380859375,-0.02285507321357727,0.3112510144710541,0.018029630184173584,116,3,7,0.01020960882306099,0.5,0.3,120,126,wall,1,1,1,1,0,1
164,1.7061152458190918,-1.202821969985962,-366.5409240722656,-0.03828755021095276,0.3910292685031891,0.03249126672744751,111,6,17,0.010352608747780323,0.5,0.3,120,134,wall,1,1,1,1,0,1
168,6.4778571128845215,-17.339929580688477,-209.91563415527344,-0.13533835113048553,0.7679730653762817,0.03236520290374756,113,1,14,0.01037765946239233,0.5,0.3,120,128,wall,1,1,1,1,0,1
172,2.1491599082946777,-1.908631443977356,-544.125244140625,-0.08308053016662598,0.6114346385002136,0.0007393956184387207,56,4,75,0.01216357946395874,0.5,0.3,120,135,wall,1,1,1,1,0,1
176,3.6722311973571777,-5.57243013381958,-442.0653381347656,-0.17230258882045746,0.8801866769790649,0.005870997905731201,130,15,3,0.01487814262509346,0.5,0.3,120,148,wall,1,1,1,1,0,1
180,3.5949363708496094,-5.3403167724609375,-474.8035888671875,-0.1154836118221283,0.7154736518859863,0.020572662353515625,66,6,68,0.014421224594116211,0.5,0.3,120,140,wall,1,1,1,1,0,1
184,1.3390840291976929,-0.7409693598747253,-595.5447998046875,-0.09016018360853195,0.6215997934341431,0.032444655895233154,64,11,74,0.009412678889930248,0.5,0.3,120,149,wall,1,1,1,1,0,1
188,1.0158841609954834,-0.4264548122882843,-459.0719299316406,-0.1158110573887825,0.7219070196151733,2.3365020751953125e-05,132,13,5,0.01420352142304182,0.5,0.3,120,150,wall,1,1,1,1,0,1
192,4.818647384643555,-9.59477710723877,-537.8563842773438,-0.10781554877758026,0.6864644885063171,0.027545690536499023,69,8,73,0.013764236122369766,0.5,0.3,120,150,wall,1,1,1,1,0,1
196,2.383802652359009,-2.348146677017212,-428.6083068847656,-0.06822127848863602,0.5540695786476135,0.00037926435470581055,72,0,62,0.011114304885268211,0.5,0.3,120,134,wall,1,1,1,1,0,1
200,1.1207516193389893,-0.5190430283546448,-157.0657196044922,-0.14379048347473145,0.8043758869171143,0.0014112591743469238,131,0,2,0.011364015750586987,0.5,0.3,120,133,wall,1,1,1,1,0,1
204,1.0303471088409424,-0.4386838972568512,-344.4759826660156,-0.07936333119869232,0.597606360912323,0.0002995729446411133,126,3,7,0.013549399562180042,0.5,0.3,120,136,wall,1,1,1,1,0,1
208,3.6800408363342285,-5.596157073974609,-458.3372802734375,-0.05575420334935188,0.500870406627655,0.0011132359504699707,61,0,73,0.015530942007899284,0.5,0.3,120,134,wall,1,1,1,1,0,1
212,2.7416367530822754,-3.1060214042663574,-371.0647888183594,-0.05470149964094162,0.4950014352798462,0.007844686508178711,128,0,9,0.011984484270215034,0.5,0.3,120,137,wall,1,1,1,1,0,1
216,2.034518241882324,-1.7104398012161255,-301.0041198730469,-0.009766621515154839,0.013316967524588108,0.04881769418716431,110,0,10,0.006887944880872965,0.5,0.3,120,120,wall,1,1,1,1,0,1
220,0.7690190076828003,-0.24437612295150757,-245.64178466796875,-0.020787645131349564,0.2725159227848053,0.03239846229553223,112,0,8,0.007656496949493885,0.5,0.3,120,120,wall,1,1,1,1,0,1
224,1.6551766395568848,-1.1320700645446777,-345.18353271484375,-0.09158063679933548,0.17518272995948792,0.14410555362701416,117,0,10,0.010140986181795597,0.5,0.3,120,127,wall,1,1,1,1,0,1
228,0.35162660479545593,-0.051091428846120834,-426.5519714355469,-0.04908996820449829,0.3685174584388733,0.06806766986846924,108,4,18,0.008856097236275673,0.5,0.3,120,130,wall,1,1,1,1,0,1
232,0.22146189212799072,-0.020266680046916008,-770.1970825195312,-0.012283914722502232,0.23499971628189087,0.0016946792602539062,119,26,10,0.012339065782725811,0.5,0.3,120,155,wall,1,1,1,1,0,1
236,1.7642748355865479,-1.286225438117981,-594.7206420898438,-0.18737374246120453,0.8792243599891663,0.061798691749572754,87,15,23,0.014209832064807415,0.5,0.3,100,125,wall,1,1,1,1,0,1
240,0.6239287257194519,-0.16086241602897644,0.0,-0.09284438192844391,0.5868574380874634,0.06321483850479126,0,0,0,0.007181580178439617,0.5,0.3,0,0,wall,1,1,1,1,0,1
244,2.9902052879333496,-3.694763422012329,0.0,-0.03782907500863075,0.3714921772480011,0.04188603162765503,0,0,0,0.008520836941897869,0.5,0.3,0,0,wall,1,1,1,1,0,1
248,1.1608411073684692,-0.556839644908905,-378.32586669921875,-1.564664602279663,2.653301239013672,0.007317483425140381,42,0,55,0.019219577312469482,0.5,0.3,97,97,wall,1,1,1,1,0,1
252,0.1511864960193634,-0.00944518856704235,0.0,-1.643262267112732,2.7182188034057617,0.0180242657661438,0,0,0,0.008570943959057331,0.5,0.3,0,0,wall,1,1,1,1,0,1
256,1.8967939615249634,-1.4867054224014282,-587.363037109375,-1.9802303314208984,2.8937153816223145,0.17105859518051147,10,0,110,0.028249217197299004,0.5,0.3,120,120,wall,1,1,1,1,0,1
260,0.8299426436424255,-0.28463006019592285,-818.4013061523438,-1.4838154315948486,2.562591075897217,0.0774921178817749,3,6,124,0.027689801529049873,0.5,0.3,120,133,wall,1,1,1,1,0,1
264,3.3813962936401367,-4.724727153778076,-887.4817504882812,-0.5301102995872498,1.5434848070144653,0.013097405433654785,23,14,123,0.035849787294864655,0.5,0.3,120,160,wall,1,1,1,1,0,1
268,3.1581459045410156,-4.1214399337768555,-756.8856811523438,-0.6816538572311401,1.7514100074768066,0.000539243221282959,59,5,69,0.027002422139048576,0.5,0.3,88,133,wall,1,1,1,1,0,1
272,1.1467905044555664,-0.5434414744377136,-466.29315185546875,-0.21105565130710602,0.9733664989471436,0.01120978593826294,71,7,73,0.011400716379284859,0.5,0.3,120,151,wall,1,1,1,1,0,1
276,1.5964620113372803,-1.053178071975708,-592.2164916992188,-0.06643523275852203,0.5436921119689941,0.01352018117904663,73,14,52,0.009241403080523014,0.5,0.3,113,139,wall,1,1,1,1,0,1
280,0.4451653063297272,-0.0818893164396286,-781.2435302734375,-0.19552293419837952,0.8843203186988831,0.07298177480697632,89,4,66,0.013277104124426842,0.5,0.3,105,159,wall,1,1,1,1,0,1
284,0.5433920621871948,-0.12201443314552307,-300.69366455078125,-0.12954404950141907,0.7566758394241333,0.02378380298614502,136,0,39,0.010382359847426414,0.5,0.3,120,175,wall,1,1,1,1,0,1
288,0.07141824811697006,-0.00210767169483006,-370.1845703125,-0.25685885548591614,1.0751090049743652,0.0005447864532470703,100,9,24,0.014319059439003468,0.5,0.3,120,133,wall,1,1,1,1,0,1
292,1.2866027355194092,-0.6840274930000305,-136.510498046875,-0.05744023621082306,0.5070189833641052,0.008770406246185303,117,0,13,0.016733264550566673,0.5,0.3,120,130,wall,1,1,1,1,0,1
296,5.488213062286377,-12.446479797363281,-219.47219848632812,-0.009520178660750389,0.16643522679805756,0.028710544109344482,118,2,9,0.027688613161444664,0.5,0.3,120,129,wall,1,1,1,1,0,1
300,0.5138946771621704,-0.10912715643644333,-148.70187377929688,-0.20848920941352844,0.968173086643219,0.0067719221115112305,112,0,21,0.016415439546108246,0.5,0.3,120,133,wall,1,1,1,1,0,1
304,2.5043299198150635,-2.5915982723236084,-288.6244812011719,-0.017640093341469765,0.28173935413360596,0.0004271268844604492,111,0,15,0.012921670451760292,0.5,0.3,120,126,wall,1,1,1,1,0,1
308,1.7560702562332153,-1.2742903232574463,-244.26846313476562,-0.3432002067565918,1.242735505104065,0.0007162094116210938,119,7,4,0.016810839995741844,0.5,0.3,120,130,wall,1,1,1,1,0,1
312,1.6750365495681763,-1.1593997478485107,-375.0025939941406,-0.04319703206419945,0.44065776467323303,0.0033600926399230957,131,2,9,0.05589524284005165,0.5,0.3,120,142,wall,1,1,1,1,0,1
316,2.440814971923828,-2.461808919906616,-737.1990356445312,-0.11774922907352448,0.727802574634552,0.0030861496925354004,128,16,18,0.010887451469898224,0.5,0.3,120,162,wall,1,1,1,1,0,1
320,3.2295114994049072,-4.309811592102051,-1337.5760498046875,-0.12300416082143784,0.6801415085792542,0.07035928964614868,112,56,9,0.013175077736377716,0.5,0.3,98,177,wall,1,1,1,1,0,1
324,0.8793445825576782,-0.31952348351478577,-216.82147216796875,-0.04520034417510033,0.38874465227127075,0.05335080623626709,137,4,13,0.011126043274998665,0.5,0.3,120,154,wall,1,1,1,1,0,1
328,0.6577985286712646,-0.17880119383335114,-94.17501831054688,-0.07801923900842667,0.5754519104957581,0.03295016288757324,119,0,6,0.01454112958163023,0.5,0.3,120,125,wall,1,1,1,1,0,1
332,3.650850296020508,-5.507730007171631,-266.6371765136719,-0.06005033850669861,0.5192995667457581,0.005494356155395508,125,4,8,0.012440850958228111,0.5,0.3,120,137,wall,1,1,1,1,0,1
336,0.4126432538032532,-0.07036133855581284,-468.8970642089844,-0.11394516378641129,0.6856353282928467,0.04819190502166748,124,4,21,0.011363472789525986,0.5,0.3,120,149,wall,1,1,1,1,0,1
340,2.097301959991455,-1.8176343441009521,-913.86328125,-0.055873285979032516,0.5000487565994263,0.008671224117279053,116,33,26,0.014361996203660965,0.5,0.3,120,175,wall,1,1,1,1,0,1
344,3.0609326362609863,-3.871614933013916,-864.62646484375,-0.0903889536857605,0.6377394795417786,0.0014510154724121094,120,27,32,0.014250599779188633,0.5,0.3,120,179,wall,1,1,1,1,0,1
348,0.21930760145187378,-0.01987430639564991,-1038.770263671875,-0.40723779797554016,1.2425395250320435,0.12536442279815674,115,35,40,0.010942359454929829,0.5,0.3,120,190,wall,1,1,1,1,0,1
352,1.4943008422851562,-0.9227003455162048,-1032.43017578125,-0.001914389431476593,0.09281358867883682,0.00014573335647583008,124,35,35,0.017630422487854958,0.5,0.3,120,194,wall,1,1,1,1,0,1
356,1.6877021789550781,-1.1769993305206299,-1172.5638427734375,-0.25099772214889526,0.7193669676780701,0.18253779411315918,113,52,26,0.019379977136850357,0.5,0.3,120,191,wall,1,1,1,1,0,1
360,0.3442656397819519,-0.048974718898534775,-414.013916015625,-2.5590314865112305,1.056796669960022,0.7524347901344299,117,12,15,0.06983523815870285,0.5,0.3,120,144,wall,1,1,1,1,0,1
364,1.2394927740097046,-0.6348521709442139,0.0,-0.08342304080724716,0.6124114394187927,0.004401803016662598,0,0,0,0.009359659627079964,0.5,0.3,0,0,wall,1,1,1,1,0,1
368,2.266476631164551,-2.122692584991455,0.0,-0.27319300174713135,1.1005579233169556,0.031427085399627686,0,0,0,0.006809053011238575,0.5,0.3,0,0,wall,1,1,1,1,0,1
372,4.435410022735596,-8.129281997680664,0.0,-0.10317201912403107,0.5774288773536682,0.0844041109085083,0,0,0,0.019271379336714745,0.5,0.3,0,0,wall,1,1,1,1,0,1
376,1.170505404472351,-0.566149890422821,0.0,-0.28647929430007935,1.0729575157165527,0.08665400743484497,0,0,0,0.009347515180706978,0.5,0.3,0,0,wall,1,1,1,1,0,1
380,2.401991367340088,-2.3841166496276855,0.0,-0.24330511689186096,1.046359896659851,0.00046890974044799805,0,0,0,0.008889433927834034,0.5,0.3,0,0,wall,1,1,1,1,0,1
384,0.5531890392303467,-0.12645375728607178,0.0,-0.2188020944595337,0.9911447167396545,0.011047124862670898,0,0,0,0.007924570702016354,0.5,0.3,0,0,wall,1,1,1,1,0,1
388,1.5847079753875732,-1.0377269983291626,0.0,-0.3624609708786011,1.2746552228927612,0.018562018871307373,0,0,0,0.007618605624884367,0.5,0.3,0,0,wall,1,1,1,1,0,1
392,0.6191120743751526,-0.15838833153247833,0.0,-0.5901186466217041,1.629207968711853,0.008134722709655762,0,0,0,0.007123269140720367,0.5,0.3,0,0,wall,1,1,1,1,0,1
396,1.0585442781448364,-0.4630230963230133,0.0,-0.8658306002616882,1.9629567861557007,0.04840672016143799,0,0,0,0.008432086557149887,0.5,0.3,0,0,wall,1,1,1,1,0,1
400,1.6524848937988281,-1.128390908241272,0.0,-1.6204568147659302,2.31376051902771,0.32487571239471436,0,0,0,0.008331211283802986,0.5,0.3,0,0,wall,1,1,1,1,0,1
404,0.848630964756012,-0.29759275913238525,-909.729248046875,-1.1920726299285889,1.0982277393341064,0.4758068323135376,11,9,70,0.036798473447561264,0.5,0.3,74,90,wall,1,1,1,1,0,1
408,0.8906710147857666,-0.32780778408050537,-423.0946044921875,-0.2863759696483612,1.1326617002487183,0.017723023891448975,86,5,55,0.02294537052512169,0.5,0.3,117,146,wall,1,1,1,1,0,1
412,1.6921486854553223,-1.1832094192504883,-436.43310546875,-0.14029620587825775,0.7686865329742432,0.04693073034286499,62,0,73,0.009655448608100414,0.5,0.3,120,135,wall,1,1,1,1,0,1
416,0.24104630947113037,-0.02400963567197323,-378.12432861328125,-0.12957830727100372,0.7636080384254456,0.0005293488502502441,90,0,51,0.010162346065044403,0.5,0.3,120,141,wall,1,1,1,1,0,1
420,1.7332581281661987,-1.2413982152938843,-585.0828247070312,-0.015490620397031307,0.24885448813438416,0.020579993724822998,70,6,61,0.010477441363036633,0.5,0.3,120,137,wall,1,1,1,1,0,1
424,1.0638290643692017,-0.4676579236984253,-583.2937622070312,-0.10529148578643799,0.6883357167243958,0.000553429126739502,136,21,18,0.019758228212594986,0.5,0.3,120,175,wall,1,1,1,1,0,1
428,2.2986109256744385,-2.1833107471466064,-500.92401123046875,-0.04123017191886902,0.3444671630859375,0.06034189462661743,136,13,13,0.02747546322643757,0.5,0.3,120,162,wall,1,1,1,1,0,1
432,2.702859878540039,-3.0187814235687256,-375.0706787109375,-0.2126179337501526,0.9101954698562622,0.08358573913574219,153,1,19,0.017656836658716202,0.5,0.3,120,173,wall,1,1,1,1,0,1
436,2.9237468242645264,-3.532353162765503,-158.06460571289062,-0.1605234444141388,0.827133059501648,0.04560840129852295,148,0,7,0.011703943833708763,0.5,0.3,120,155,wall,1,1,1,1,0,1
440,2.7235946655273438,-3.0652756690979004,-233.6903076171875,-0.22140103578567505,0.9961392879486084,0.014777898788452148,136,6,6,0.009353622794151306,0.5,0.3,120,148,wall,1,1,1,1,0,1
444,4.872692584991455,-9.811211585998535,-200.38107299804688,-0.1381044238805771,0.7883335947990417,5.996227264404297e-05,139,5,6,0.010446295142173767,0.5,0.3,120,150,wall,1,1,1,1,0,1
448,0.24410882592201233,-0.024623600766062737,-460.00665283203125,-0.3073682487010956,0.7127509117126465,0.21828120946884155,120,11,25,0.025389043614268303,0.5,0.3,120,156,wall,1,1,1,1,0,1
452,4.07327938079834,-6.856034278869629,-966.6474609375,-0.06693853437900543,0.49795863032341003,0.05384927988052368,117,26,24,0.014127698726952076,0.5,0.3,120,167,wall,1,1,1,1,0,1
456,4.083354473114014,-6.889993190765381,-751.4850463867188,-0.02267896570265293,0.28010094165802,0.03584444522857666,123,26,27,0.028582075610756874,0.5,0.3,120,176,wall,1,1,1,1,0,1
460,1.5698869228363037,-1.0184069871902466,-818.0240478515625,-0.03304193541407585,0.3831945061683655,0.010037899017333984,110,26,27,0.029619023203849792,0.5,0.3,120,163,wall,1,1,1,1,0,1
464,1.8176419734954834,-1.36521577835083,-834.485595703125,-0.050805021077394485,0.47814494371414185,1.3113021850585938e-05,141,39,11,0.01321481354534626,0.5,0.3,120,191,wall,1,1,1,1,0,1
468,0.5019718408584595,-0.10412219166755676,-710.9949340820312,-0.18785205483436584,0.9128952026367188,0.025514066219329834,134,34,23,0.00937523040920496,0.5,0.3,120,191,wall,1,1,1,1,0,1
472,0.8673157691955566,-0.3108415901660919,-228.58517456054688,-0.23497693240642548,1.0250288248062134,0.01911640167236328,108,3,21,0.02741694636642933,0.5,0.3,120,132,wall,1,1,1,1,0,1
476,2.9917376041412354,-3.6985509395599365,-188.29168701171875,-0.07312493026256561,0.5735815763473511,0.0019004344940185547,124,1,16,0.010934701189398766,0.5,0.3,120,141,wall,1,1,1,1,0,1
480,3.767970561981201,-5.866777420043945,-122.27130889892578,-0.18303179740905762,0.9042317271232605,0.01808607578277588,109,0,11,0.015943007543683052,0.5,0.3,120,120,wall,1,1,1,1,0,1
484,4.46062707901001,-8.221980094909668,-398.9837341308594,-0.2531917095184326,1.0673940181732178,0.0013314485549926758,149,13,18,0.034123051911592484,0.5,0.3,120,180,wall,1,1,1,1,0,1
488,0.15524578094482422,-0.00995919480919838,-497.781982421875,-0.08813083171844482,0.6295716762542725,0.0035251975059509277,138,15,19,0.010488156229257584,0.5,0.3,120,172,wall,1,1,1,1,0,1
492,1.100486159324646,-0.5004420280456543,-659.447509765625,-0.0376691035926342,0.10954826325178146,0.09260427951812744,104,14,26,0.013548627495765686,0.5,0.3,120,144,wall,1,1,1,1,0,1
496,2.183192491531372,-1.9695574045181274,-588.5274658203125,-0.06491615623235703,0.011901717633008957,0.12608230113983154,108,12,29,0.00882146880030632,0.5,0.3,120,149,wall,1,1,1,1,0,1
500,3.145472526550293,-4.088428497314453,-1088.9444580078125,-0.00912822037935257,0.20267453789710999,3.2782554626464844e-05,107,33,38,0.011422025971114635,0.5,0.3,120,178,wall,1,1,1,1,0,1
504,0.9836047291755676,-0.3997843861579895,-358.0892639160156,-0.1897692233324051,0.9239192008972168,0.004269659519195557,142,12,30,0.012497673742473125,0.5,0.3,120,184,wall,1,1,1,1,0,1
508,3.2087209224700928,-4.254499912261963,-635.5786743164062,-0.029950564727187157,0.3430963158607483,0.03047877550125122,98,19,29,0.015781087800860405,0.5,0.3,119,146,wall,1,1,1,1,0,1
512,2.329832077026367,-2.243023633956909,-339.6535339355469,-0.14140474796295166,0.7920227646827698,0.02216207981109619,101,0,41,0.013333810493350029,0.5,0.3,115,142,wall,1,1,1,1,0,1
516,0.2289685755968094,-0.021663887426257133,0.0,-0.027523543685674667,0.35192859172821045,0.00034677982330322266,0,0,0,0.008408025838434696,0.5,0.3,0,0,wall,1,1,1,1,0,1
520,0.7914421558380127,-0.25883498787879944,-261.33135986328125,-0.13187934458255768,0.770361065864563,0.00021588802337646484,79,0,41,0.008617733605206013,0.5,0.3,120,120,wall,1,1,1,1,0,1
524,0.3290925920009613,-0.04475286602973938,-208.26011657714844,-0.16280198097229004,0.8559227585792542,0.0005254745483398438,92,0,26,0.010928386822342873,0.5,0.3,118,118,wall,1,1,1,1,0,1
528,0.6130310297012329,-0.15529215335845947,-217.9641876220703,-0.10651110857725143,0.6918748617172241,0.005759000778198242,79,0,29,0.010174932889640331,0.5,0.3,108,108,wall,1,1,1,1,0,1
532,0.7938380837440491,-0.260404497385025,-161.41555786132812,-0.1801067292690277,0.8937803506851196,0.02517080307006836,81,0,13,0.01356196217238903,0.5,0.3,94,94,wall,1,1,1,1,0,1
536,0.2948158383369446,-0.035915859043598175,0.0,-0.6399559378623962,1.6363581418991089,0.10490506887435913,0,0,0,0.009218189865350723,0.5,0.3,0,0,wall,1,1,1,1,0,1
540,0.20306256413459778,-0.01703900843858719,-383.61529541015625,-1.1421080827713013,2.1914055347442627,0.13549983501434326,47,0,35,0.013141157105565071,0.5,0.3,82,82,wall,1,1,1,1,0,1
544,4.52113676071167,-8.446560859680176,-439.88983154296875,-4.39224910736084,1.8412697315216064,0.9442030787467957,31,0,60,0.022162169218063354,0.5,0.3,91,91,wall,1,1,1,1,0,1
548,1.4143128395080566,-0.8265622854232788,-466.0727233886719,-3.300942897796631,2.0161354541778564,0.7664366364479065,26,0,69,0.01565541699528694,0.5,0.3,95,95,wall,1,1,1,1,0,1
552,0.7528864145278931,-0.23423054814338684,-636.0562133789062,-1.9280507564544678,2.010406494140625,0.5023171305656433,21,5,79,0.02294815704226494,0.5,0.3,94,105,wall,1,1,1,1,0,1
556,0.6533177495002747,-0.17637358605861664,-588.3782958984375,-1.344733476638794,2.211602210998535,0.2513202428817749,12,0,64,0.02302096039056778,0.5,0.3,63,76,wall,1,1,1,1,0,1
560,3.4426486492156982,-4.897449970245361,-629.14501953125,-0.893232524394989,2.0046749114990234,0.006701529026031494,25,2,55,0.009876850061118603,0.5,0.3,61,82,wall,1,1,1,1,0,1
564,0.8166961669921875,-0.27561676502227783,-439.4130859375,-0.7244969606399536,1.8025898933410645,0.02436763048171997,44,0,75,0.008841712027788162,0.5,0.3,105,119,wall,1,1,1,1,0,1
568,0.5879257917404175,-0.14283335208892822,-603.0635986328125,-0.6063647866249084,1.6253091096878052,0.06882816553115845,63,3,42,0.008126904256641865,0.5,0.3,89,108,wall,1,1,1,1,0,1
572,1.4152158498764038,-0.8276181221008301,-236.29025268554688,-0.14124059677124023,0.7572197914123535,0.05819356441497803,74,0,28,0.01567312330007553,0.5,0.3,94,102,wall,1,1,1,1,0,1
576,2.9692726135253906,-3.643214702606201,-619.2073364257812,-0.02350693754851818,0.32236042618751526,0.010076582431793213,67,8,40,0.020456623286008835,0.5,0.3,65,115,wall,1,1,1,1,0,1
580,2.51761531829834,-2.6191680431365967,-205.48782348632812,-0.21992936730384827,0.9948249459266663,0.0005469322204589844,138,5,7,0.03299994394183159,0.5,0.3,120,150,wall,1,1,1,1,0,1
584,1.3358299732208252,-0.7373725771903992,-454.7826843261719,-1.1020218133926392,0.06857292354106903,0.5193643569946289,109,0,32,0.012705075554549694,0.5,0.3,120,141,wall,1,1,1,1,0,1
588,3.3572165966033936,-4.657397747039795,-131.4698028564453,-0.20838971436023712,0.9382856488227844,0.055889904499053955,112,0,9,0.014994576573371887,0.5,0.3,120,121,wall,1,1,1,1,0,1
592,2.895991325378418,-3.4656054973602295,-634.2021484375,-0.005975821055471897,0.1617988795042038,0.0062274932861328125,147,7,13,0.010839126072824001,0.5,0.3,120,167,wall,1,1,1,1,0,1
596,0.9557384848594666,-0.37745288014411926,-515.9749145507812,-0.04792493209242821,0.46439439058303833,3.701448440551758e-05,111,7,26,0.014087120071053505,0.5,0.3,120,144,wall,1,1,1,1,0,1
600,1.2550878524780273,-0.6509278416633606,-512.482421875,-0.20358772575855255,0.9570382833480835,0.00348055362701416,123,18,18,0.021747034043073654,0.5,0.3,120,159,wall,1,1,1,1,0,1
604,1.2619624137878418,-0.6580780744552612,-400.4168395996094,-0.1107320785522461,0.7013906240463257,0.018587052822113037,133,8,13,0.014539431780576706,0.5,0.3,120,154,wall,1,1,1,1,0,1
608,3.717336416244507,-5.710160732269287,-365.59405517578125,-0.018181942403316498,0.28597596287727356,0.0014094114303588867,132,0,18,0.02909998968243599,0.5,0.3,120,150,wall,1,1,1,1,0,1
612,0.5268008708953857,-0.11467733234167099,-399.19708251953125,-0.019358357414603233,0.2850964367389679,0.01782006025314331,143,9,16,0.03363849222660065,0.5,0.3,120,168,wall,1,1,1,1,0,1
616,1.0462263822555542,-0.4523097276687622,-651.4730834960938,-0.0636834129691124,0.47685712575912476,0.05676412582397461,140,22,20,0.041050974279642105,0.5,0.3,120,182,wall,1,1,1,1,0,1
620,0.22752030193805695,-0.021390695124864578,-350.79998779296875,-0.01864979788661003,0.16153134405612946,0.05611252784729004,149,0,14,0.03825870528817177,0.5,0.3,120,163,wall,1,1,1,1,0,1
624,0.40779295563697815,-0.06871698051691055,-200.24954223632812,-0.08458662778139114,0.6169466376304626,0.0009525418281555176,142,4,1,0.025599339976906776,0.5,0.3,120,147,wall,1,1,1,1,0,1
628,0.25286686420440674,-0.02642216719686985,-114.35199737548828,-0.07889905571937561,0.5958571434020996,1.5020370483398438e-05,121,0,3,0.03414018079638481,0.5,0.3,120,124,wall,1,1,1,1,0,1
632,3.6231892108917236,-5.424586772918701,-435.5145263671875,-0.08237893134355545,0.6088534593582153,0.00037866830825805664,146,16,10,0.030317582190036774,0.5,0.3,120,172,wall,1,1,1,1,0,1
636,6.5023651123046875,-17.471384048461914,-154.02569580078125,-0.11008206009864807,0.7038140296936035,0.0009064674377441406,127,1,12,0.05850137025117874,0.5,0.3,120,140,wall,1,1,1,1,0,1
640,3.089923143386841,-3.9452991485595703,-758.8850708007812,-0.3251307010650635,1.209580421447754,0.0004305243492126465,117,20,22,0.04169190302491188,0.5,0.3,120,159,wall,1,1,1,1,0,1
644,2.4708991050720215,-2.5228686332702637,-754.0374755859375,-0.08108217269182205,0.6040441393852234,0.00015401840209960938,122,33,16,0.059040844440460205,0.5,0.3,120,171,wall,1,1,1,1,0,1
648,4.6023688316345215,-8.752808570861816,-920.9134521484375,-0.14071889221668243,0.7957606315612793,1.1920928955078125e-07,124,47,14,0.028768830001354218,0.5,0.3,120,185,wall,1,1,1,1,0,1
652,1.0123481750488281,-0.4234912097454071,-1015.2625122070312,-0.026280252262949944,0.34206610918045044,0.00825589895248413,115,40,24,0.034201715141534805,0.5,0.3,120,179,wall,1,1,1,1,0,1
656,2.2806787490844727,-2.1493782997131348,-435.34613037109375,-0.24448491632938385,1.0482920408248901,0.008302092552185059,133,13,28,0.03608471155166626,0.5,0.3,120,174,wall,1,1,1,1,0,1
660,0.6759858727455139,-0.18882514536380768,-280.3592224121094,-0.012719077989459038,0.2368864119052887,0.007811188697814941,124,0,27,0.05844060704112053,0.5,0.3,120,151,wall,1,1,1,1,0,1
664,3.6644201278686523,-5.5487494468688965,0.0,-0.06080397218465805,0.46988898515701294,0.053627192974090576,0,0,0,0.036678701639175415,0.5,0.3,0,0,wall,1,1,1,1,0,1
668,1.4752123355865479,-0.89927738904953,0.0,-0.12113039195537567,0.732442319393158,0.021657347679138184,0,0,0,0.022310351952910423,0.5,0.3,0,0,wall,1,1,1,1,0,1
672,2.307990550994873,-2.2011654376983643,0.0,-0.4924721419811249,1.4750500917434692,0.04687154293060303,0,0,0,0.05838244408369064,0.5,0.3,0,0,wall,1,1,1,1,0,1
676,0.09538306295871735,-0.003759474726393819,0.0,-2.2302329540252686,2.9926884174346924,0.2424718737602234,0,0,0,0.017196720466017723,0.5,0.3,0,0,wall,1,1,1,1,0,1
680,1.4690580368041992,-0.8917898535728455,-492.45404052734375,-5.271760940551758,3.407670497894287,0.8120102882385254,24,0,69,0.01097550243139267,0.5,0.3,93,93,wall,1,1,1,1,0,1
684,2.552666425704956,-2.692605495452881,-457.5392761230469,-5.987860679626465,3.4026498794555664,0.9146949052810669,16,0,35,0.014422056265175343,0.5,0.3,51,51,wall,1,1,1,1,0,1
688,5.886071681976318,-14.316461563110352,-708.0233154296875,-0.7578175067901611,1.5565426349639893,0.23185324668884277,12,5,65,0.0236625038087368,0.5,0.3,67,82,wall,1,1,1,1,0,1
692,2.2943027019500732,-2.1751341819763184,-422.5937805175781,-1.3216423988342285,2.43363356590271,0.036759138107299805,43,0,77,0.00874695461243391,0.5,0.3,120,120,wall,1,1,1,1,0,1
696,0.7666661143302917,-0.24288302659988403,-543.639404296875,-0.6552343964576721,1.7163833379745483,0.011858701705932617,53,5,74,0.008955593220889568,0.5,0.3,120,132,wall,1,1,1,1,0,1
700,2.65094256401062,-2.903923988342285,-471.3758544921875,-0.09246470779180527,0.6426593065261841,0.012949883937835693,69,3,60,0.03211012855172157,0.5,0.3,120,132,wall,1,1,1,1,0,1
704,1.5799078941345215,-1.0314499139785767,-879.558349609375,-0.023301053792238235,0.19303201138973236,0.060663700103759766,123,0,60,0.01683228835463524,0.5,0.3,120,183,wall,1,1,1,1,0,1
708,1.244928240776062,-0.6404322981834412,-530.82080078125,-0.08261749148368835,0.609246015548706,0.0057059526443481445,126,10,33,0.01401024591177702,0.5,0.3,120,169,wall,1,1,1,1,0,1
712,3.374998092651367,-4.706864356994629,-633.8737182617188,-0.2363751232624054,1.0313003063201904,0.002422034740447998,117,22,36,0.034216757863759995,0.5,0.3,120,175,wall,1,1,1,1,0,1
716,1.041477918624878,-0.4482133090496063,-344.9673156738281,-0.19826550781726837,0.9445026516914368,0.0024419426918029785,128,9,28,0.01595699042081833,0.5,0.3,120,165,wall,1,1,1,1,0,1
720,1.3999601602554321,-0.8098711967468262,-682.7042236328125,-0.10318668931722641,0.6813891530036926,0.0016321539878845215,94,19,45,0.01422641146928072,0.5,0.3,120,158,wall,1,1,1,1,0,1
724,3.88718843460083,-6.243897914886475,-194.3286590576172,-0.15390418469905853,0.8317556381225586,0.006395816802978516,126,0,26,0.010936282575130463,0.5,0.3,120,152,wall,1,1,1,1,0,1
728,0.5149171352386475,-0.10956183820962906,-254.91812133789062,-0.08600763976573944,0.38151252269744873,0.1146620512008667,118,4,8,0.009094790555536747,0.5,0.3,120,130,wall,1,1,1,1,0,1
732,0.058346688747406006,-0.0014067504089325666,-593.1277465820312,-0.044170305132865906,0.4454690217971802,0.004198193550109863,105,17,26,0.015101977623999119,0.5,0.3,120,148,wall,1,1,1,1,0,1
736,1.3249303102493286,-0.7253885269165039,-255.7429962158203,-0.1524500548839569,0.8282017111778259,0.0024157166481018066,124,6,14,0.016913095489144325,0.5,0.3,113,144,wall,1,1,1,1,0,1
740,4.051292419433594,-6.7822184562683105,-162.69036865234375,-0.11375980824232101,0.7152270674705505,0.00448453426361084,106,0,18,0.014025337994098663,0.5,0.3,120,124,wall,1,1,1,1,0,1
744,1.2663915157318115,-0.6627055406570435,-285.4377136230469,-0.1368807703256607,0.7847985625267029,0.0017250776290893555,113,5,25,0.010798914358019829,0.5,0.3,120,143,wall,1,1,1,1,0,1
748,3.9252662658691406,-6.366824150085449,-175.3481903076172,-0.2893795073032379,1.1408069133758545,0.00646364688873291,109,0,17,0.013914895243942738,0.5,0.3,120,126,wall,1,1,1,1,0,1
752,0.5304271578788757,-0.1162615492939949,-309.8040466308594,-0.003741462016478181,0.08901317417621613,0.022028982639312744,116,3,9,0.015960868448019028,0.5,0.3,120,128,wall,1,1,1,1,0,1
756,0.8699371218681335,-0.3127233684062958,-569.3883666992188,-0.1919236183166504,0.9293304085731506,0.00026601552963256836,119,10,31,0.011431409977376461,0.5,0.3,120,160,wall,1,1,1,1,0,1
760,0.6148964762687683,-0.15623870491981506,-518.1451416015625,-0.3148576319217682,1.1866891384124756,0.021673858165740967,89,5,63,0.01993667148053646,0.5,0.3,120,157,wall,1,1,1,1,0,1
764,0.8546349406242371,-0.30181851983070374,-617.940673828125,-0.10476633906364441,0.6384013891220093,0.05897945165634155,89,9,55,0.019044118002057076,0.5,0.3,112,153,wall,1,1,1,1,0,1
768,1.5838500261306763,-1.0366036891937256,0.0,-0.003950349986553192,0.01054238062351942,0.031012654304504395,0,0,0,0.013764617033302784,0.5,0.3,0,0,wall,1,1,1,1,0,1
772,0.585188627243042,-0.14150649309158325,-424.38934326171875,-0.2903294563293457,1.1430110931396484,0.0006687045097351074,90,9,29,0.011768855154514313,0.5,0.3,107,128,wall,1,1,1,1,0,1
776,0.5795828700065613,-0.13880838453769684,-540.6809692382812,-0.14181281626224518,0.3440248966217041,0.1682274341583252,120,0,23,0.012987787835299969,0.5,0.3,120,143,wall,1,1,1,1,0,1
780,3.0745630264282227,-3.906172513961792,0.0,-0.16716241836547852,0.10517991334199905,0.2008792757987976,0,0,0,0.015216059051454067,0.5,0.3,0,0,wall,1,1,1,1,0,1
784,0.07983454316854477,-0.0026337001472711563,0.0,-0.008152448572218418,0.1913670301437378,0.001876533031463623,0,0,0,0.009397496469318867,0.5,0.3,0,0,wall,1,1,1,1,0,1
788,1.0818003416061401,-0.4835917055606842,0.0,-0.3955082595348358,1.3293832540512085,0.02611595392227173,0,0,0,0.00944898184388876,0.5,0.3,0,0,wall,1,1,1,1,0,1
792,2.471932888031006,-2.524980068206787,0.0,-1.6596065759658813,2.0222835540771484,0.4288892149925232,0,0,0,0.00991995818912983,0.5,0.3,0,0,wall,1,1,1,1,0,1
796,1.9026552438735962,-1.4959077835083008,-181.9832763671875,-3.4203946590423584,1.8133231401443481,0.8117731809616089,63,0,20,0.021884243935346603,0.5,0.3,83,83,wall,1,1,1,1,0,1
800,0.8950100541114807,-0.33100947737693787,-548.6654052734375,-1.9607374668121338,2.533374786376953,0.3618796467781067,11,0,60,0.015059409663081169,0.5,0.3,66,71,wall,1,1,1,1,0,1
804,1.1371703147888184,-0.5343620777130127,-590.08203125,-1.4064345359802246,1.7714030742645264,0.4168176054954529,20,3,67,0.03588593751192093,0.5,0.3,75,90,wall,1,1,1,1,0,1
808,2.551919937133789,-2.691030979156494,-527.9568481445312,-1.38813054561615,2.456576347351074,0.10738927125930786,27,0,90,0.011626796796917915,0.5,0.3,109,117,wall,1,1,1,1,0,1
812,2.4532055854797363,-2.4868667125701904,-593.6846923828125,-0.18967276811599731,0.8372816443443298,0.09111565351486206,78,10,58,0.026171939447522163,0.5,0.3,103,146,wall,1,1,1,1,0,1
816,2.824742317199707,-3.297177314758301,-212.4417266845703,-0.02957548201084137,0.2593293786048889,0.059870779514312744,141,2,4,0.008337829262018204,0.5,0.3,120,147,wall,1,1,1,1,0,1
820,3.1166651248931885,-4.013884544372559,-499.47454833984375,-0.012008466757833958,0.21767303347587585,0.01903712749481201,115,7,17,0.03023763932287693,0.5,0.3,116,139,wall,1,1,1,1,0,1
824,5.638117790222168,-13.135689735412598,-463.2701721191406,-0.06276258081197739,0.5313653349876404,0.0021193623542785645,98,4,32,0.015634121373295784,0.5,0.3,101,134,wall,1,1,1,1,0,1
828,1.6530691385269165,-1.1291890144348145,-742.4921264648438,-0.12905995547771454,0.5014042854309082,0.13391047716140747,109,16,25,0.009396119974553585,0.5,0.3,110,150,wall,1,1,1,1,0,1
832,5.174739837646484,-11.065260887145996,-597.8582153320312,-0.14809992909431458,0.4794391095638275,0.15417450666427612,109,6,29,0.01261450070887804,0.5,0.3,110,144,wall,1,1,1,1,0,1
836,1.2926872968673706,-0.6905125379562378,-239.0985107421875,-0.5142143964767456,0.5842128992080688,0.3277199864387512,101,0,26,0.017002709209918976,0.5,0.3,98,127,wall,1,1,1,1,0,1
840,0.29953643679618835,-0.037075236439704895,-174.29026794433594,-0.19467127323150635,0.9354918003082275,0.006905198097229004,113,0,28,0.009889984503388405,0.5,0.3,113,141,wall,1,1,1,1,0,1
844,1.5627232789993286,-1.0091338157653809,-419.4234619140625,-0.15360231697559357,0.3669258952140808,0.17407602071762085,107,0,13,0.01688406988978386,0.5,0.3,81,120,wall,1,1,1,1,0,1
848,2.7413456439971924,-3.1053619384765625,-245.76068115234375,-0.028461845591664314,0.3188397288322449,0.03792619705200195,125,4,7,0.011706308461725712,0.5,0.3,113,136,wall,1,1,1,1,0,1
852,1.3556591272354126,-0.7594262957572937,-305.6072692871094,-0.03651256859302521,0.3111540973186493,0.060617148876190186,115,6,7,0.014020731672644615,0.5,0.3,97,128,wall,1,1,1,1,0,1
856,0.4403849244117737,-0.08014003187417984,-152.9749298095703,-0.18714849650859833,0.8885084986686707,0.05357569456100464,132,0,4,0.01133232656866312,0.5,0.3,119,136,wall,1,1,1,1,0,1
860,0.6045725345611572,-0.151036337018013,-401.0016174316406,-0.17499956488609314,0.8872156739234924,0.004342913627624512,109,6,29,0.019844340160489082,0.5,0.3,114,144,wall,1,1,1,1,0,1
864,3.59747576713562,-5.347864151000977,-431.25518798828125,-0.06374262273311615,0.4933469593524933,0.04863786697387695,132,11,8,0.03221845254302025,0.5,0.3,119,151,wall,1,1,1,1,0,1
868,2.021329879760742,-1.6883364915847778,-531.1910400390625,-0.10789287090301514,0.5181440711021423,0.10870546102523804,124,1,26,0.03613237664103508,0.5,0.3,120,151,wall,1,1,1,1,0,1
872,3.114001989364624,-4.007028102874756,-323.5106201171875,-0.16833333671092987,0.8703447580337524,1.1920928955078125e-07,93,6,13,0.02860923856496811,0.5,0.3,89,112,wall,1,1,1,1,0,1
876,0.06831410527229309,-0.00192843668628484,-233.3294219970703,-0.11978527158498764,0.7341634035110474,0.001434326171875,108,3,24,0.01897723414003849,0.5,0.3,120,135,wall,1,1,1,1,0,1
880,4.469956398010254,-8.25640869140625,-276.2156982421875,-0.2687901258468628,1.0772745609283447,0.05166900157928467,116,0,20,0.013208807446062565,0.5,0.3,120,136,wall,1,1,1,1,0,1
884,1.2812039852142334,-0.6782990097999573,-532.53564453125,-0.12252206355333328,0.7422057390213013,0.005111813545227051,111,13,17,0.013153014704585075,0.5,0.3,120,141,wall,1,1,1,1,0,1
888,2.4063796997070312,-2.392835855484009,-469.3345642089844,-0.21923133730888367,0.4013496935367584,0.21199452877044678,127,3,19,0.037133533507585526,0.5,0.3,120,149,wall,1,1,1,1,0,1
892,4.914140701293945,-9.97883415222168,-626.9434204101562,-0.28708788752555847,1.1366157531738281,0.00010013580322265625,119,24,29,0.01286305021494627,0.5,0.3,120,172,wall,1,1,1,1,0,1
896,3.3726563453674316,-4.7003350257873535,-900.0294799804688,-0.10982844233512878,0.6919060945510864,0.02904409170150757,109,18,41,0.01031581498682499,0.5,0.3,120,168,wall,1,1,1,1,0,1
900,0.7073301076889038,-0.2067420929670334,-244.05865478515625,-0.1326848417520523,0.7726569175720215,0.0021265149116516113,108,3,19,0.037504225969314575,0.5,0.3,120,130,wall,1,1,1,1,0,1
904,1.0534332990646362,-0.4585626423358917,-306.4148864746094,-0.03210701793432236,0.35715773701667786,0.030351221561431885,114,5,15,0.01545703411102295,0.5,0.3,120,134,wall,1,1,1,1,0,1
908,3.042705535888672,-3.8256430625915527,0.0,-0.08866532146930695,0.42205801606178284,0.10965698957443237,0,0,0,0.017861492931842804,0.5,0.3,0,0,wall,1,1,1,1,0,1
912,0.9074316620826721,-0.34026122093200684,0.0,-0.009969979524612427,0.17763951420783997,0.026918530464172363,0,0,0,0.011591180227696896,0.5,0.3,0,0,wall,1,1,1,1,0,1
916,3.3068768978118896,-4.518774032592773,0.0,-0.01255410723388195,0.19192591309547424,0.032714903354644775,0,0,0,0.011035182513296604,0.5,0.3,0,0,wall,1,1,1,1,0,1
920,1.1970428228378296,-0.5921121835708618,0.0,-0.12626206874847412,0.6686199903488159,0.08120757341384888,0,0,0,0.008045011200010777,0.5,0.3,0,0,wall,1,1,1,1,0,1
924,0.1698884218931198,-0.01192647684365511,0.0,-0.1723879873752594,0.880696177482605,0.0025575757026672363,0,0,0,0.007388956379145384,0.5,0.3,0,0,wall,1,1,1,1,0,1
928,2.739201784133911,-3.100506544113159,0.0,-0.7566975951194763,1.8333009481430054,0.04902595281600952,0,0,0,0.00887208804488182,0.5,0.3,0,0,wall,1,1,1,1,0,1
932,1.1577575206756592,-0.553885281085968,0.0,-1.171927809715271,1.2471132278442383,0.4499392509460449,0,0,0,0.01386222243309021,0.5,0.3,0,0,wall,1,1,1,1,0,1
936,0.9425245523452759,-0.36708778142929077,-676.4981079101562,-2.6361911296844482,2.8106114864349365,0.46452224254608154,8,0,65,0.011370515450835228,0.5,0.3,66,73,wall,1,1,1,1,0,1
940,4.2862701416015625,-7.5917816162109375,-621.6289672851562,-2.5896191596984863,2.2965457439422607,0.5893301963806152,23,5,54,0.013705083169043064,0.5,0.3,69,82,wall,1,1,1,1,0,1
944,1.6082688570022583,-1.068813443183899,-701.35693359375,-2.024709701538086,2.085472345352173,0.5091800689697266,25,5,53,0.013551896438002586,0.5,0.3,66,83,wall,1,1,1,1,0,1
948,0.5409650802612305,-0.12092694640159607,-656.4218139648438,-0.4528278112411499,1.2967897653579712,0.13923203945159912,24,4,76,0.01679358072578907,0.5,0.3,93,104,wall,1,1,1,1,0,1
952,2.818314552307129,-3.282188653945923,-493.8785705566406,-0.17814382910728455,0.8953465819358826,0.0003014802932739258,55,5,71,0.01374900620430708,0.5,0.3,120,131,wall,1,1,1,1,0,1
956,0.7291229367256165,-0.21967777609825134,-386.86639404296875,-0.21659322082996368,0.9871849417686462,0.0027146339416503906,77,2,75,0.013947520405054092,0.5,0.3,116,154,wall,1,1,1,1,0,1
960,0.9822481870651245,-0.3986824154853821,-911.633056640625,-0.2994959354400635,1.1593083143234253,0.014261722564697266,60,19,112,0.00791364349424839,0.5,0.3,120,191,wall,1,1,1,1,0,1
964,0.7218644022941589,-0.2153257131576538,-470.001708984375,-0.08594636619091034,0.6164715886116028,0.019129633903503418,50,0,79,0.01669188030064106,0.5,0.3,120,129,wall,1,1,1,1,0,1
968,3.445721387863159,-4.906196594238281,-807.9522094726562,-0.15161573886871338,0.8254736661911011,0.006858468055725098,70,23,56,0.020333100110292435,0.5,0.3,109,149,wall,1,1,1,1,0,1
972,0.45443466305732727,-0.08533506095409393,-499.8407897949219,-0.2052956372499466,0.9609503149986267,0.00469517707824707,81,6,59,0.027534179389476776,0.5,0.3,120,146,wall,1,1,1,1,0,1
976,1.9527055025100708,-1.5756440162658691,-510.24609375,-0.20912021398544312,0.9698107838630676,0.005258619785308838,99,3,56,0.03547327592968941,0.5,0.3,120,158,wall,1,1,1,1,0,1
980,1.2398816347122192,-0.6352505683898926,-216.89991760253906,-0.2245028018951416,1.0044269561767578,0.008696496486663818,103,0,34,0.01962376944720745,0.5,0.3,107,137,wall,1,1,1,1,0,1
984,5.7339558601379395,-13.586052894592285,-810.6033935546875,-0.280843585729599,1.1241862773895264,0.00026810169219970703,92,24,57,0.01617261953651905,0.5,0.3,120,173,wall,1,1,1,1,0,1
988,0.300320565700531,-0.037269603461027145,-556.315673828125,-0.21607305109500885,0.6254610419273376,0.17787396907806396,134,11,18,0.017016055062413216,0.5,0.3,118,163,wall,1,1,1,1,0,1
992,0.38372525572776794,-0.06084506958723068,-421.239501953125,-0.011089879088103771,0.16244015097618103,0.03578275442123413,136,7,14,0.012116814963519573,0.5,0.3,115,157,wall,1,1,1,1,0,1
996,2.266693115234375,-2.123098134994507,-389.9212646484375,-0.2612527012825012,1.0805227756500244,0.021009981632232666,134,9,26,0.017734093591570854,0.5,0.3,120,169,wall,1,1,1,1,0,1
1000,0.18618953227996826,-0.014325016178190708,-421.5113220214844,-0.044818151742219925,0.3229212164878845,0.07282227277755737,137,9,12,0.009662064723670483,0.5,0.3,120,158,wall,1,1,1,1,0,1
1004,3.2559258937835693,-4.380600452423096,-171.2497100830078,-0.23223547637462616,1.02214777469635,0.0038588643074035645,136,0,21,0.01412946730852127,0.5,0.3,120,157,wall,1,1,1,1,0,1
1008,3.033757448196411,-3.8031749725341797,-204.5214080810547,-0.05102790892124176,0.47305649518966675,0.01783609390258789,139,0,13,0.011745268478989601,0.5,0.3,120,152,wall,1,1,1,1,0,1
1012,1.1011563539505005,-0.5010517239570618,-273.66851806640625,-0.19303953647613525,0.9319896101951599,0.001996457576751709,106,5,20,0.01137804426252842,0.5,0.3,102,131,wall,1,1,1,1,0,1
1016,2.5955023765563965,-2.7837324142456055,-381.0059509277344,-0.04161136969923973,0.43272238969802856,0.00036847591400146484,105,0,30,0.015045185573399067,0.5,0.3,113,135,wall,1,1,1,1,0,1
1020,4.0730509757995605,-6.855266094207764,-315.9566955566406,-0.14959003031253815,0.8204558491706848,0.0006294846534729004,91,5,20,0.01587122678756714,0.5,0.3,86,116,wall,1,1,1,1,0,1
1024,0.8189099431037903,-0.2771129906177521,-328.49407958984375,-0.029421662911772728,0.29995787143707275,0.048059165477752686,108,5,13,0.011115808971226215,0.5,0.3,110,126,wall,1,1,1,1,0,1
1028,3.3600990772247314,-4.665399074554443,-162.598388671875,-0.06826578080654144,0.5541662573814392,0.002283751964569092,123,0,20,0.015069883316755295,0.5,0.3,116,143,wall,1,1,1,1,0,1
1032,1.2856742143630981,-0.6830404996871948,-185.56121826171875,-0.09160208702087402,0.6078606247901917,0.04822432994842529,117,0,20,0.009474067948758602,0.5,0.3,108,137,wall,1,1,1,1,0,1
1036,0.5626763701438904,-0.1308283805847168,-465.27972412109375,-0.03806407004594803,0.35926735401153564,0.047941505908966064,123,6,12,0.010474877431988716,0.5,0.3,108,141,wall,1,1,1,1,0,1
1040,5.273721218109131,-11.4926176071167,-156.81459045410156,-0.10643686354160309,0.6920382976531982,0.001631319522857666,112,0,23,0.017347952350974083,0.5,0.3,102,135,wall,1,1,1,1,0,1
1044,0.8008107542991638,-0.264999121427536,-237.25294494628906,-0.17456701397895813,0.8861131072044373,0.004397273063659668,106,4,18,0.01808915287256241,0.5,0.3,120,128,wall,1,1,1,1,0,1
1048,2.5115015506744385,-2.6064627170562744,-413.15289306640625,-0.1779405176639557,0.8948350548744202,0.00037103891372680664,97,4,33,0.01685716025531292,0.5,0.3,116,134,wall,1,1,1,1,0,1
1052,2.2092301845550537,-2.016817331314087,0.0,-0.11519314348697662,0.6475761532783508,0.0734218955039978,0,0,0,0.018748244270682335,0.5,0.3,0,0,wall,1,1,1,1,0,1
1056,2.6097168922424316,-2.8143064975738525,0.0,-0.045061998069286346,0.41167348623275757,0.04258185625076294,0,0,0,0.010619008913636208,0.5,0.3,0,0,wall,1,1,1,1,0,1
1060,1.2228503227233887,-0.6179184913635254,0.0,-0.11184802651405334,0.7092137932777405,0.004250764846801758,0,0,0,0.0074556740000844,0.5,0.3,0,0,wall,1,1,1,1,0,1
1064,1.5416508913040161,-0.9821022152900696,0.0,-0.5947709679603577,1.4620777368545532,0.1712733507156372,0,0,0,0.014987762086093426,0.5,0.3,0,0,wall,1,1,1,1,0,1
1068,1.7662944793701172,-1.2891719341278076,-323.1366271972656,-1.9892511367797852,1.4584298133850098,0.6095590591430664,52,0,39,0.012504834681749344,0.5,0.3,91,91,wall,1,1,1,1,0,1
1072,0.6698705554008484,-0.18542419373989105,-423.9043273925781,-1.973581075668335,2.761449098587036,0.26144933700561523,38,0,55,0.012691086158156395,0.5,0.3,93,93,wall,1,1,1,1,0,1
1076,2.1535568237304688,-1.9164490699768066,-511.17742919921875,-3.703517198562622,2.3055946826934814,0.7860965132713318,15,0,56,0.02996322140097618,0.5,0.3,71,71,wall,1,1,1,1,0,1
1080,0.8228524327278137,-0.2797876298427582,-481.69677734375,-0.699657678604126,1.6257340908050537,0.1658880114555359,19,0,51,0.02526979334652424,0.5,0.3,70,70,wall,1,1,1,1,0,1
1084,1.8092041015625,-1.3525700569152832,-411.6312255859375,-0.9931075572967529,1.4455041885375977,0.35993146896362305,42,3,19,0.02615211345255375,0.5,0.3,52,64,wall,1,1,1,1,0,1
1088,2.7066433429718018,-3.0272388458251953,-280.4384765625,-0.28973159193992615,1.1412047147750854,0.00886625051498413,77,0,44,0.01689164713025093,0.5,0.3,95,121,wall,1,1,1,1,0,1
1092,1.1819852590560913,-0.5773095488548279,-495.5472106933594,-0.053572796285152435,0.49017956852912903,0.006606161594390869,84,9,49,0.014517830684781075,0.5,0.3,104,142,wall,1,1,1,1,0,1
1096,1.347793459892273,-0.7506392598152161,-223.94332885742188,-0.2686944007873535,1.0985496044158936,0.011223018169403076,108,1,31,0.009696646593511105,0.5,0.3,97,140,wall,1,1,1,1,0,1
1100,0.34945887327194214,-0.05046343058347702,-399.64031982421875,-0.14421889185905457,0.8013160824775696,0.019350528717041016,96,6,32,0.009443324990570545,0.5,0.3,105,134,wall,1,1,1,1,0,1
1104,3.4516844749450684,-4.923192024230957,-618.7597045898438,-0.042125195264816284,0.43538740277290344,0.0002537369728088379,81,13,37,0.010826424695551395,0.5,0.3,97,131,wall,1,1,1,1,0,1
1108,1.1942472457885742,-0.5893497467041016,-614.0020751953125,-0.10332052409648895,0.6062299013137817,0.07283127307891846,79,13,21,0.013640494085848331,0.5,0.3,77,113,wall,1,1,1,1,0,1
1112,0.8001756072044373,-0.2645789086818695,-514.5878295898438,-0.02968783676624298,0.2271687090396881,0.06681227684020996,100,12,15,0.013983138836920261,0.5,0.3,93,127,wall,1,1,1,1,0,1
1116,4.52393913269043,-8.45703411102295,-649.3716430664062,-0.028606029227375984,0.317889541387558,0.03881573677062988,102,19,17,0.028379319235682487,0.5,0.3,103,138,wall,1,1,1,1,0,1
1120,0.3924647271633148,-0.06364816427230835,-230.6893310546875,-0.05251049995422363,0.31170937418937683,0.08703505992889404,115,0,15,0.012428563088178635,0.5,0.3,98,130,wall,1,1,1,1,0,1
1124,1.4706045389175415,-0.8936684727668762,-478.7183532714844,-0.23261259496212006,1.0230993032455444,0.0011544227600097656,84,9,44,0.019273661077022552,0.5,0.3,95,137,wall,1,1,1,1,0,1
1128,1.5689072608947754,-1.0171362161636353,-223.32957458496094,-0.19093622267246246,0.9269355535507202,0.0004355907440185547,102,0,33,0.01098985131829977,0.5,0.3,99,135,wall,1,1,1,1,0,1
1132,1.398634433746338,-0.8083381056785583,-335.3857727050781,-0.10063590109348297,0.6716644763946533,0.009700596332550049,103,6,20,0.010627985000610352,0.5,0.3,87,129,wall,1,1,1,1,0,1
1136,2.9871866703033447,-3.687307357788086,-280.9378662109375,-0.11904183775186539,0.7278000116348267,0.01806706190109253,95,0,26,0.011861062608659267,0.5,0.3,96,121,wall,1,1,1,1,0,1
1140,2.3538684844970703,-2.289543867111206,-186.1140594482422,-0.05632897466421127,0.5005715489387512,0.012583792209625244,107,0,17,0.009149261750280857,0.5,0.3,96,124,wall,1,1,1,1,0,1
1144,2.4585812091827393,-2.497777223587036,-290.3974304199219,-0.000974929251242429,0.05025581642985344,0.010067284107208252,122,0,6,0.020345648750662804,0.5,0.3,112,128,wall,1,1,1,1,0,1
1148,1.1784956455230713,-0.5739057660102844,-418.4075012207031,-0.03209222853183746,0.3741893768310547,0.015472888946533203,112,9,21,0.01502081286162138,0.5,0.3,116,142,wall,1,1,1,1,0,1
1152,1.4241492748260498,-0.8380995988845825,-630.33544921875,-0.153657466173172,0.8315398097038269,8.606910705566406e-05,97,18,28,0.012728194706141949,0.5,0.3,103,143,wall,1,1,1,1,0,1
1156,1.3768898248672485,-0.7833989858627319,-732.3712158203125,-0.029713043943047523,0.15046964585781097,0.07776254415512085,94,11,24,0.008638079278171062,0.5,0.3,89,129,wall,1,1,1,1,0,1
1160,0.39127492904663086,-0.06326283514499664,-479.7076416015625,-0.15417614579200745,0.7930245995521545,0.05944490432739258,131,0,36,0.009875020943582058,0.5,0.3,120,167,wall,1,1,1,1,0,1
1164,4.478184700012207,-8.286833763122559,-205.61143493652344,-0.11903349310159683,0.7316349744796753,0.004432976245880127,109,0,29,0.012953301891684532,0.5,0.3,120,138,wall,1,1,1,1,0,1
1168,0.6188753843307495,-0.15826724469661713,-266.2493896484375,-0.19616085290908813,0.9389960169792175,0.0074166059494018555,108,4,29,0.009166873060166836,0.5,0.3,112,141,wall,1,1,1,1,0,1
1172,0.9364730715751648,-0.36238914728164673,-315.0619201660156,-0.1053076907992363,0.6854431629180908,0.014853417873382568,113,5,27,0.012263789772987366,0.5,0.3,120,145,wall,1,1,1,1,0,1
1176,0.6181942820549011,-0.15791907906532288,-372.5685119628906,-0.27395710349082947,1.1087175607681274,0.013907015323638916,107,7,18,0.011118156835436821,0.5,0.3,100,132,wall,1,1,1,1,0,1
1180,0.4404344856739044,-0.08015806972980499,-520.8515014648438,-0.20209315419197083,0.9533485174179077,0.005451500415802002,101,13,32,0.018455710262060165,0.5,0.3,120,146,wall,1,1,1,1,0,1
1184,0.3575958013534546,-0.05284080654382706,-468.5507507324219,-0.243826761841774,1.0405478477478027,0.02807825803756714,104,10,34,0.031836047768592834,0.5,0.3,120,148,wall,1,1,1,1,0,1
1188,0.1388588398694992,-0.007967676036059856,0.0,-0.001747099682688713,0.08478944003582001,0.006051838397979736,0,0,0,0.011111348867416382,0.5,0.3,0,0,wall,1,1,1,1,0,1
1192,3.4426937103271484,-4.897578239440918,0.0,-0.37079909443855286,1.0623418092727661,0.17146837711334229,0,0,0,0.01019633375108242,0.5,0.3,0,0,wall,1,1,1,1,0,1
1196,2.518604040145874,-2.621225595474243,0.0,-0.05865564942359924,0.5008975863456726,0.026657283306121826,0,0,0,0.0078835254535079,0.5,0.3,0,0,wall,1,1,1,1,0,1
1200,0.21423406898975372,-0.018965385854244232,0.0,-0.05621350556612015,0.5029515027999878,0.0001760721206665039,0,0,0,0.00759724760428071,0.5,0.3,0,0,wall,1,1,1,1,0,1
1204,0.9898442625999451,-0.4048725664615631,0.0,-0.24674242734909058,1.0535105466842651,0.00498509407043457,0,0,0,0.008216342888772488,0.5,0.3,0,0,wall,1,1,1,1,0,1
1208,0.1574435830116272,-0.010243173688650131,0.0,-0.3414385914802551,1.239295244216919,0.0058144330978393555,0,0,0,0.007201548665761948,0.5,0.3,0,0,wall,1,1,1,1,0,1
1212,1.3043111562728882,-0.7029865384101868,0.0,-0.23386365175247192,1.025740623474121,0.0036344528198242188,0,0,0,0.012890681624412537,0.5,0.3,0,0,wall,1,1,1,1,0,1
1216,0.978065550327301,-0.39529427886009216,0.0,-1.6933883428573608,2.750535726547241,0.05462223291397095,0,0,0,0.011354886926710606,0.5,0.3,0,0,wall,1,1,1,1,0,1
1220,0.4700786769390106,-0.09131155163049698,-413.4562683105469,-3.5222034454345703,3.023155450820923,0.6044390201568604,34,0,43,0.017580881714820862,0.5,0.3,77,77,wall,1,1,1,1,0,1
1224,1.9963786602020264,-1.6469122171401978,-731.8951416015625,-2.4690651893615723,2.699622392654419,0.4562148451805115,21,6,91,0.012608515098690987,0.5,0.3,99,118,wall,1,1,1,1,0,1
1228,4.053930282592773,-6.791053771972656,-718.8458862304688,-2.174868583679199,2.359251022338867,0.4793761372566223,31,6,91,0.03438134491443634,0.5,0.3,101,128,wall,1,1,1,1,0,1
1232,2.5340383052825928,-2.6534502506256104,-639.7738647460938,-1.6557680368423462,2.367236614227295,0.31712281703948975,21,0,102,0.016548944637179375,0.5,0.3,98,123,wall,1,1,1,1,0,1
1236,1.8591725826263428,-1.4283150434494019,-563.9743041992188,-0.7533276677131653,1.8381823301315308,0.024538934230804443,29,0,88,0.015486967749893665,0.5,0.3,104,117,wall,1,1,1,1,0,1
1240,2.0954396724700928,-1.8144078254699707,-536.2572631835938,-0.06150813773274422,0.5231682062149048,0.012952923774719238,75,8,77,0.01661130227148533,0.5,0.3,114,160,wall,1,1,1,1,0,1
1244,2.873932123184204,-3.413010597229004,-495.70989990234375,-0.2798469066619873,1.122159481048584,0.0019390583038330078,64,5,82,0.011757152155041695,0.5,0.3,120,151,wall,1,1,1,1,0,1
1248,3.095487117767334,-3.9595208168029785,-517.385498046875,-0.07421565055847168,0.5702058672904968,0.02193295955657959,112,8,28,0.009886466898024082,0.5,0.3,96,148,wall,1,1,1,1,0,1
1252,1.1786315441131592,-0.5740380883216858,-103.1523666381836,-0.23315462470054626,1.0171494483947754,0.028196513652801514,97,0,7,0.01154984813183546,0.5,0.3,89,104,wall,1,1,1,1,0,1
1256,1.321327567100525,-0.7214489579200745,-174.27711486816406,-0.17861241102218628,0.8821195960044861,0.03734856843948364,116,3,5,0.016629287973046303,0.5,0.3,107,124,wall,1,1,1,1,0,1
1260,1.8632407188415527,-1.4345725774765015,-649.3319091796875,-0.06904033571481705,0.5573833584785461,0.0005370974540710449,100,21,16,0.01328134536743164,0.5,0.3,94,137,wall,1,1,1,1,0,1
1264,2.713014602661133,-3.0415074825286865,-728.5475463867188,-0.060083020478487015,0.5199232697486877,0.0017048120498657227,85,12,16,0.013341971673071384,0.5,0.3,71,113,wall,1,1,1,1,0,1
1268,3.6747379302978516,-5.58004093170166,-253.37669372558594,-0.04616028815507889,0.45550909638404846,0.0035599470138549805,105,2,19,0.010248089209198952,0.5,0.3,83,126,wall,1,1,1,1,0,1
1272,2.7175486087799072,-3.0516817569732666,-101.44824981689453,-0.3330673575401306,1.2240867614746094,0.004751384258270264,129,0,8,0.01342926174402237,0.5,0.3,119,137,wall,1,1,1,1,0,1
1276,1.0997761487960815,-0.4997965097427368,-255.2438507080078,-0.2314157336950302,1.020277500152588,0.004693567752838135,110,6,10,0.013189173303544521,0.5,0.3,115,126,wall,1,1,1,1,0,1
1280,1.2935718297958374,-0.6914578080177307,-162.61688232421875,-0.11328782141208649,0.7083191275596619,0.0209730863571167,117,0,22,0.011888884007930756,0.5,0.3,120,139,wall,1,1,1,1,0,1
1284,0.3800217807292938,-0.05967625975608826,-310.96246337890625,-0.02136717550456524,0.308384507894516,0.007565498352050781,124,5,9,0.0136039387434721,0.5,0.3,101,138,wall,1,1,1,1,0,1
1288,3.7448456287384033,-5.794986724853516,-450.46746826171875,-0.005495406687259674,0.10839974135160446,0.026582419872283936,133,4,10,0.017562072724103928,0.5,0.3,114,147,wall,1,1,1,1,0,1
1292,2.8785531520843506,-3.423994779586792,-308.6243591308594,-0.1834517866373062,0.9061068892478943,0.015658259391784668,112,1,22,0.013965747319161892,0.5,0.3,110,135,wall,1,1,1,1,0,1
1296,0.5786856412887573,-0.13837894797325134,-451.77093505859375,-0.17637325823307037,0.8649007678031921,0.04984074831008911,125,6,18,0.010144036263227463,0.5,0.3,120,149,wall,1,1,1,1,0,1
1300,1.8729112148284912,-1.4495025873184204,-568.5379028320312,-0.11269023269414902,0.7121066451072693,0.0007430911064147949,116,20,8,0.014623678289353848,0.5,0.3,120,144,wall,1,1,1,1,0,1
1304,0.3660491704940796,-0.05536859109997749,-220.45103454589844,-0.20655235648155212,0.7260822057723999,0.14799481630325317,112,0,13,0.00877436064183712,0.5,0.3,120,125,wall,1,1,1,1,0,1
1308,0.9806409478187561,-0.3973787724971771,-228.2091064453125,-0.08289095014333725,0.5856919884681702,0.04039710760116577,124,0,8,0.019167598336935043,0.5,0.3,120,132,wall,1,1,1,1,0,1
1312,1.5975745916366577,-1.0546464920043945,0.0,-0.05479810759425163,0.49157771468162537,0.016404569149017334,0,0,0,0.009846968576312065,0.5,0.3,0,0,wall,1,1,1,1,0,1
1316,2.7279744148254395,-3.0751421451568604,-148.77378845214844,-0.24203385412693024,0.9338434338569641,0.10871648788452148,74,0,8,0.019795861095190048,0.5,0.3,82,82,wall,1,1,1,1,0,1
1320,1.5543590784072876,-0.9983603358268738,-220.33700561523438,-0.5310240983963013,1.5410940647125244,0.028229951858520508,46,0,21,0.011437036097049713,0.5,0.3,67,67,wall,1,1,1,1,0,1
1324,2.990283250808716,-3.694956064224243,-393.7611999511719,-0.341433584690094,1.238020896911621,0.014298796653747559,31,0,45,0.014171984046697617,0.5,0.3,76,76,wall,1,1,1,1,0,1
1328,5.111860752105713,-10.797983169555664,-388.9285888671875,-1.7130484580993652,2.665628433227539,0.1812119483947754,40,0,60,0.017572222277522087,0.5,0.3,100,100,wall,1,1,1,1,0,1
1332,2.30538272857666,-2.1961936950683594,0.0,-0.8363494277000427,1.515150547027588,0.2826986312866211,0,0,0,0.009772978723049164,0.5,0.3,0,0,wall,1,1,1,1,0,1
1336,0.4505760371685028,-0.08389204740524292,0.0,-2.4986186027526855,3.3034262657165527,0.13427495956420898,0,0,0,0.008343474939465523,0.5,0.3,0,0,wall,1,1,1,1,0,1
1340,0.5778804421424866,-0.13799412548542023,-716.49560546875,-0.006897707469761372,0.12435141950845718,0.0291212797164917,26,0,39,0.045308779925107956,0.5,0.3,51,65,wall,1,1,1,1,0,1
1344,2.0014595985412598,-1.6553058624267578,-936.22705078125,-0.810163140296936,1.894735336303711,0.05507457256317139,36,10,56,0.011163817718625069,0.5,0.3,67,102,wall,1,1,1,1,0,1
1348,3.043940544128418,-3.828749656677246,-611.1057739257812,-2.6662518978118896,0.4244527220726013,0.8021365404129028,72,9,56,0.020252354443073273,0.5,0.3,99,137,wall,1,1,1,1,0,1
1352,2.1953322887420654,-1.9915220737457275,-570.6299438476562,-0.30602672696113586,1.1734801530838013,0.0018763542175292969,53,7,101,0.010040259920060635,0.5,0.3,120,161,wall,1,1,1,1,0,1
1356,0.6514190435409546,-0.1753498911857605,-514.9100341796875,-0.3985862135887146,1.3392553329467773,0.0013432502746582031,60,6,96,0.010623397305607796,0.5,0.3,120,162,wall,1,1,1,1,0,1
1360,1.0314372777938843,-0.4396127164363861,-397.64874267578125,-0.01207637693732977,0.2219957858324051,0.016600430011749268,97,0,69,0.01454189419746399,0.5,0.3,120,166,wall,1,1,1,1,0,1
1364,0.49158841371536255,-0.09985915571451187,-441.95794677734375,-0.06112779676914215,0.3579502999782562,0.08944511413574219,84,0,51,0.010336269624531269,0.5,0.3,120,135,wall,1,1,1,1,0,1
1368,1.5760022401809692,-1.02635657787323,-897.9567260742188,-0.0748014897108078,0.5801781415939331,3.248453140258789e-05,103,30,51,0.009006076492369175,0.5,0.3,120,184,wall,1,1,1,1,0,1
1372,0.48065388202667236,-0.09546617418527603,-647.4816284179688,-0.04326346144080162,0.4265667200088501,0.026322662830352783,132,27,27,0.016955677419900894,0.5,0.3,120,186,wall,1,1,1,1,0,1
1376,2.8028528690338135,-3.24627423286438,-302.8641662597656,-0.05625278502702713,0.46565380692481995,0.04445844888687134,119,5,35,0.014897770248353481,0.5,0.3,120,159,wall,1,1,1,1,0,1
1380,3.5395328998565674,-5.176980495452881,-120.72354125976562,-0.32650476694107056,1.2121350765228271,3.719329833984375e-05,112,0,19,0.022438257932662964,0.5,0.3,120,131,wall,1,1,1,1,0,1
1384,0.44391289353370667,-0.08142919838428497,-259.1942443847656,-0.053553201258182526,0.45030125975608826,0.045615434646606445,117,5,23,0.012323766946792603,0.5,0.3,120,145,wall,1,1,1,1,0,1
1388,2.6726903915405273,-2.951765775680542,-1164.6416015625,-0.09188894927501678,0.485129714012146,0.09848475456237793,76,3,77,0.008927784860134125,0.5,0.3,103,156,wall,1,1,1,1,0,1
1392,0.11377324163913727,-0.005348904989659786,-534.9583129882812,-0.30802762508392334,1.173965334892273,0.020778000354766846,129,5,29,0.00918723177164793,0.5,0.3,120,163,wall,1,1,1,1,0,1
1396,3.0243513584136963,-3.779628276824951,-600.9710693359375,-0.08176204562187195,0.6065312623977661,0.0016344189643859863,113,21,16,0.024644505232572556,0.5,0.3,90,150,wall,1,1,1,1,0,1
1400,1.69927179813385,-1.1931918859481812,-457.8702697753906,-0.006734104827046394,0.17407843470573425,9.608268737792969e-05,127,5,20,0.008537393994629383,0.5,0.3,120,152,wall,1,1,1,1,0,1
1404,0.786051332950592,-0.2553209364414215,-772.5191040039062,-0.2189362496137619,0.992365837097168,0.0047997236251831055,125,27,28,0.009108209982514381,0.5,0.3,120,180,wall,1,1,1,1,0,1
1408,0.43569719791412354,-0.07844299077987671,-132.06796264648438,-0.3186926543712616,1.1975458860397339,0.00020045042037963867,107,0,13,0.008167416788637638,0.5,0.3,120,120,wall,1,1,1,1,0,1
1412,0.24098557233810425,-0.023997537791728973,-138.90237426757812,-0.04742944985628128,0.4613831341266632,0.005512356758117676,141,0,7,0.014015858992934227,0.5,0.3,120,148,wall,1,1,1,1,0,1
1416,2.7039411067962646,-3.0211970806121826,-495.65374755859375,-0.027551524341106415,0.08866292238235474,0.07951182126998901,114,4,26,0.019683126360177994,0.5,0.3,120,144,wall,1,1,1,1,0,1
1420,1.4791978597640991,-0.9041429758071899,-530.5158081054688,-0.018965549767017365,0.1603054255247116,0.056986451148986816,112,7,24,0.06439422070980072,0.5,0.3,120,143,wall,1,1,1,1,0,1
1424,1.6686195135116577,-1.1505334377288818,-457.7640075683594,-0.01428492646664381,0.24136999249458313,0.018108069896697998,122,12,11,0.02990827150642872,0.5,0.3,120,145,wall,1,1,1,1,0,1
1428,2.883840560913086,-3.436584949493408,-392.994873046875,-0.060220867395401,0.5035741925239563,0.030784904956817627,113,0,33,0.01687016710639,0.5,0.3,120,146,wall,1,1,1,1,0,1
1432,0.4126088619232178,-0.07034961879253387,-342.7123107910156,-0.06437952816486359,0.5380294919013977,0.003555119037628174,115,0,35,0.02382460981607437,0.5,0.3,120,150,wall,1,1,1,1,0,1
1436,3.2642109394073486,-4.402922630310059,-408.83453369140625,-0.22288283705711365,0.9978551864624023,0.0198783278465271,107,5,32,0.043207600712776184,0.5,0.3,120,144,wall,1,1,1,1,0,1
1440,0.545790433883667,-0.12309388071298599,-495.3652648925781,-0.5334165692329407,1.1111373901367188,0.2519295811653137,120,7,27,0.05354290083050728,0.5,0.3,120,154,wall,1,1,1,1,0,1
1444,2.8185291290283203,-3.2826883792877197,-280.8975830078125,-0.23902854323387146,0.7338168025016785,0.1710098385810852,108,0,35,0.03195820748806,0.5,0.3,120,143,wall,1,1,1,1,0,1
1448,2.462792158126831,-2.506340980529785,0.0,-0.07942111790180206,0.40154212713241577,0.1033429503440857,0,0,0,0.011399936862289906,0.5,0.3,0,0,wall,1,1,1,1,0,1
1452,4.128702163696289,-7.0438761711120605,0.0,-1.6053622961044312,2.678279161453247,0.052668869495391846,0,0,0,0.012974334880709648,0.5,0.3,0,0,wall,1,1,1,1,0,1
1456,0.8278417587280273,-0.28319087624549866,0.0,-1.4422661066055298,2.547389030456543,0.007403075695037842,0,0,0,0.008677384816110134,0.5,0.3,0,0,wall,1,1,1,1,0,1
1460,2.9911818504333496,-3.6971771717071533,-540.5489501953125,-2.4597718715667725,3.2029216289520264,0.21003448963165283,19,0,101,0.02111983671784401,0.5,0.3,120,120,wall,1,1,1,1,0,1
1464,0.36499759554862976,-0.05505092814564705,-760.5176391601562,-1.6935412883758545,2.759641647338867,0.017008841037750244,22,8,120,0.011998535133898258,0.5,0.3,116,150,wall,1,1,1,1,0,1
1468,2.680673837661743,-2.969426393508911,-532.8833618164062,-1.6334483623504639,2.446359157562256,0.2726951837539673,45,5,84,0.030061570927500725,0.5,0.3,112,134,wall,1,1,1,1,0,1
1472,3.043844223022461,-3.8285071849823,-922.1686401367188,-0.11983142048120499,0.4513317346572876,0.1351604461669922,26,11,73,0.012606487609446049,0.5,0.3,75,110,wall,1,1,1,1,0,1
1476,0.7158593535423279,-0.211758092045784,-257.88397216796875,-0.5758898258209229,1.6095527410507202,0.006779193878173828,76,0,44,0.00966016948223114,0.5,0.3,120,120,wall,1,1,1,1,0,1
1480,1.4839513301849365,-0.9099633693695068,-1377.8485107421875,-0.2092817723751068,0.9704466462135315,0.00026297569274902344,43,51,50,0.03319505602121353,0.5,0.3,88,144,wall,1,1,1,1,0,1
1484,1.3856815099716187,-0.7934351563453674,-989.9852294921875,-0.5924633145332336,1.6328110694885254,0.0008339285850524902,50,23,50,0.011312532238662243,0.5,0.3,77,123,wall,1,1,1,1,0,1
1488,0.08359139412641525,-0.0028874052222818136,-435.6934509277344,-0.04452255740761757,0.42506465315818787,0.0327262282371521,89,0,46,0.0201462060213089,0.5,0.3,120,135,wall,1,1,1,1,0,1
1492,0.37690073251724243,-0.058700062334537506,-215.9586181640625,-0.21774691343307495,0.989844024181366,0.001951456069946289,87,0,33,0.014326885342597961,0.5,0.3,120,120,wall,1,1,1,1,0,1
1496,2.306760549545288,-2.198819637298584,-243.9617919921875,-0.3575417697429657,1.2684166431427002,0.0017628073692321777,79,0,41,0.007428960409015417,0.5,0.3,120,120,wall,1,1,1,1,0,1
1500,2.541703462600708,-2.669527292251587,-127.55908966064453,-0.07304202765226364,0.42414143681526184,0.09000533819198608,116,0,4,0.0259548407047987,0.5,0.3,120,120,wall,1,1,1,1,0,1
1504,5.777868747711182,-13.794943809509277,-294.3450012207031,-0.1651076227426529,0.8563135862350464,0.02299410104751587,87,2,44,0.00816246960312128,0.5,0.3,109,133,wall,1,1,1,1,0,1
1508,0.10952071845531464,-0.004956523422151804,-124.17723846435547,-0.11576779931783676,0.6598674058914185,0.06823956966400146,113,0,7,0.049005720764398575,0.5,0.3,120,120,wall,1,1,1,1,0,1
1512,2.577427625656128,-2.745096206665039,-146.8343048095703,-0.08774523437023163,0.6031588912010193,0.04111760854721069,109,2,7,0.010561399161815643,0.5,0.3,116,118,wall,1,1,1,1,0,1
1516,4.702346324920654,-9.137214660644531,-516.3108520507812,-0.3192366361618042,1.198565125465393,0.0005889534950256348,70,4,54,0.013709422200918198,0.5,0.3,106,128,wall,1,1,1,1,0,1
1520,0.9252087473869324,-0.3537236154079437,-70.98712921142578,-0.06020667776465416,0.4820314049720764,0.04582834243774414,124,0,5,0.01316187996417284,0.5,0.3,120,129,wall,1,1,1,1,0,1
1524,2.464653968811035,-2.5101318359375,-130.40087890625,-0.09443916380405426,0.139821395277977,0.14857053756713867,123,0,8,0.008206485770642757,0.5,0.3,115,131,wall,1,1,1,1,0,1
1528,0.4530746042728424,-0.08482503145933151,-129.80873107910156,-0.017474550753831863,0.2345082312822342,0.03587675094604492,135,0,5,0.010820027440786362,0.5,0.3,120,140,wall,1,1,1,1,0,1
1532,1.8715497255325317,-1.447395920753479,-207.7127685546875,-0.029638215899467468,0.30761587619781494,0.04592841863632202,117,2,11,0.01679398864507675,0.5,0.3,107,130,wall,1,1,1,1,0,1
1536,0.9670551419258118,-0.38644444942474365,-273.84832763671875,-0.3971767723560333,1.3234894275665283,0.04406929016113281,111,2,44,0.011681148782372475,0.5,0.3,99,157,wall,1,1,1,1,0,1
1540,1.5913258790969849,-1.0464123487472534,-733.586669921875,-0.3164919912815094,1.1875746250152588,0.02749025821685791,94,25,16,0.012420110404491425,0.5,0.3,77,135,wall,1,1,1,1,0,1
1544,2.4160866737365723,-2.412179470062256,0.0,-0.057887110859155655,0.5103393793106079,0.0015777349472045898,0,0,0,0.006081822328269482,0.5,0.3,0,0,wall,1,1,1,1,0,1
1548,1.8803436756134033,-1.4610298871994019,0.0,-0.012670693919062614,0.16328848898410797,0.04065293073654175,0,0,0,0.010242809541523457,0.5,0.3,0,0,wall,1,1,1,1,0,1
1552,1.733316421508789,-1.2414816617965698,0.0,-0.07992558181285858,0.38996896147727966,0.10631126165390015,0,0,0,0.012869151309132576,0.5,0.3,0,0,wall,1,1,1,1,0,1
1556,1.5560685396194458,-1.000557541847229,0.0,-0.2799679934978485,1.1224313974380493,0.00044161081314086914,0,0,0,0.006366842892020941,0.5,0.3,0,0,wall,1,1,1,1,0,1
1560,1.778302550315857,-1.3067601919174194,0.0,-0.05947484076023102,0.2499503344297409,0.10568779706954956,0,0,0,0.013123585842549801,0.5,0.3,0,0,wall,1,1,1,1,0,1
1564,2.277132272720337,-2.1426987648010254,0.0,-0.5284461379051208,1.5380953550338745,0.025846421718597412,0,0,0,0.006182680372148752,0.5,0.3,0,0,wall,1,1,1,1,0,1
1568,1.54194176197052,-0.982472836971283,0.0,-0.737962007522583,1.8222025632858276,0.004706740379333496,0,0,0,0.007148317061364651,0.5,0.3,0,0,wall,1,1,1,1,0,1
1572,0.3645695745944977,-0.054921891540288925,0.0,-0.8340585827827454,1.9371248483657837,0.006645798683166504,0,0,0,0.0068469881080091,0.5,0.3,0,0,wall,1,1,1,1,0,1
1576,1.2386329174041748,-0.6339716911315918,-279.0312805175781,-0.2228270322084427,1.0013571977615356,0.0005426406860351562,38,0,24,0.053544782102108,0.5,0.3,62,62,wall,1,1,1,1,0,1
1580,2.6274027824401855,-2.8525805473327637,-427.2795715332031,-0.9310858249664307,2.043286085128784,0.028451621532440186,36,0,57,0.007601288612931967,0.5,0.3,93,93,wall,1,1,1,1,0,1
1584,1.7964586019515991,-1.3335798978805542,-297.30645751953125,-0.20957830548286438,0.9711228609085083,0.0011143088340759277,56,0,41,0.023365171626210213,0.5,0.3,97,97,wall,1,1,1,1,0,1
1588,1.9387019872665405,-1.5531260967254639,-484.04583740234375,-0.20731745660305023,0.9658754467964172,0.0008454322814941406,32,0,76,0.03125994652509689,0.5,0.3,108,108,wall,1,1,1,1,0,1
1592,7.444449424743652,-22.900753021240234,0.0,-0.20487312972545624,0.96014004945755,0.0018094778060913086,0,0,0,0.031612638384103775,0.5,0.3,0,0,wall,1,1,1,1,0,1
