method,traversal,seed,profile,replicate_kind,source_file,source_file_sha256,source_run,ape_raw_rmse,ape_align_rmse,rpe_2m_align_rmse,rpe_5m_align_rmse,rpe_10m_align_rmse,cross_track_mean,row_correct_fraction,row_switch_events,source_output,source_output_sha256
amcl,rh_run1,11,full,dedicated_run,/home/pulver/projects/vineyard_pf/Outdoor_SLPF_icra_evidence/data/2025/amcl/amcl_3runs_metrics/amcl_metrics_3runs_per_run.csv,700767df1a7100b22e1974973a8dc136de763766744031900065c6997fee913c,amcl_pose,1.9617348073402303,1.3002828158830904,4.755173217057186,5.5174434903395335,1.5986632873593132,1.3173394752648835,0.6218905472636815,29.0,/home/pulver/projects/vineyard_pf/Outdoor_SLPF_icra_evidence/data/2025/amcl/amcl_3runs_metrics/amcl_pose_clean.tum,384e8d7b4ca1e0122ead7d5fd2d0056f56422347ce799f04e2d64e7a7a2e59be
amcl,rh_run1,22,full,dedicated_run,/home/pulver/projects/vineyard_pf/Outdoor_SLPF_icra_evidence/data/2025/amcl/amcl_3runs_metrics/amcl_metrics_3runs_per_run.csv,700767df1a7100b22e1974973a8dc136de763766744031900065c6997fee913c,amcl_pose1_2,0.8264354398549525,0.6052260453150908,4.641777617445659,5.253266498870957,1.0962715174128748,1.3540276473340083,0.8507462686567164,23.0,/home/pulver/projects/vineyard_pf/Outdoor_SLPF_icra_evidence/data/2025/amcl/amcl_3runs_metrics/amcl_pose1_2_clean.tum,9d934d2776e85056f4dc4a2ac9949efdfcaaef065432e1d50db68da369d0d10f
amcl,rh_run1,33,full,dedicated_run,/home/pulver/projects/vineyard_pf/Outdoor_SLPF_icra_evidence/data/2025/amcl/amcl_3runs_metrics/amcl_metrics_3runs_per_run.csv,700767df1a7100b22e1974973a8dc136de763766744031900065c6997fee913c,amcl_pose1_3,1.3088247027328257,1.1426544446513838,4.681538391576877,5.3911064343526,2.018310824250767,1.541749143825597,0.5298507462686567,30.0,/home/pulver/projects/vineyard_pf/Outdoor_SLPF_icra_evidence/data/2025/amcl/amcl_3runs_metrics/amcl_pose1_3_clean.tum,88e15218d698f74593ab6a67f3a11e6c8a0f90b7f23db96f454ca3c1de35d2be
amcl,rh_run2,11,full,historical_seed_run,/home/pulver/projects/vineyard_pf/Outdoor_SLPF_icra_evidence/results/iros_rh2/20260225_105822_multiseed_all_methods/trajectory_metrics_multiseed_per_seed.csv,c1da74b1ca4643a78c06b73405154b120f0f4892e3df066c38b050e962620325,amcl_seed_11,4.140705802073487,2.2548088377229867,3.6195492724029066,4.355925093063604,2.326882876790847,1.6271889403113937,0.5085158150851582,27.0,/home/pulver/projects/vineyard_pf/Outdoor_SLPF_icra_evidence/results/iros_rh2/20260225_105822_multiseed_all_methods/amcl/seed_11/trajectory_0.5.tum,46f2e619b8da463734ba692295648bf9a9d4be1e2237e41f90410acbd56e37c7
amcl,rh_run2,22,full,historical_seed_run,/home/pulver/projects/vineyard_pf/Outdoor_SLPF_icra_evidence/results/iros_rh2/20260225_105822_multiseed_all_methods/trajectory_metrics_multiseed_per_seed.csv,c1da74b1ca4643a78c06b73405154b120f0f4892e3df066c38b050e962620325,amcl_seed_22,2.1746954553651068,1.6012078303426318,3.005236962796829,3.7554791499076927,4.725080002216219,1.3849716697286092,0.6213592233009708,29.0,/home/pulver/projects/vineyard_pf/Outdoor_SLPF_icra_evidence/results/iros_rh2/20260225_105822_multiseed_all_methods/amcl/seed_22/trajectory_0.5.tum,29cd0ad916d677235f63e1e3afd4366ce40e3cb522783680d5304826c8932906
amcl,rh_run2,33,full,historical_seed_run,/home/pulver/projects/vineyard_pf/Outdoor_SLPF_icra_evidence/results/iros_rh2/20260225_105822_multiseed_all_methods/trajectory_metrics_multiseed_per_seed.csv,c1da74b1ca4643a78c06b73405154b120f0f4892e3df066c38b050e962620325,amcl_seed_33,4.185538312447544,2.274360814846897,1.7121121324042377,2.1764424416519783,3.2988954197731024,1.642287446908044,0.5157384987893463,24.0,/home/pulver/projects/vineyard_pf/Outdoor_SLPF_icra_evidence/results/iros_rh2/20260225_105822_multiseed_all_methods/amcl/seed_33/trajectory_0.5.tum,c1dc9484908c38183d0a1defd2fde3ded6ecf808dda51f4d27ccfa70c72b31e7
amcl_ngps,rh_run1,11,full,dedicated_run,/home/pulver/projects/vineyard_pf/Outdoor_SLPF_icra_evidence/data/2025/amcl/amcl_3runs_metrics/amcl_metrics_3runs_per_run.csv,700767df1a7100b22e1974973a8dc136de763766744031900065c6997fee913c,amcl_pose_ngps_s11,1.9166450076258572,1.2783585520277032,4.714104346137692,5.467616553398703,1.5089605499033003,1.3105476947053039,0.6218905472636815,29.0,/home/pulver/projects/vineyard_pf/Outdoor_SLPF_icra_evidence/data/2025/amcl/amcl_3runs_metrics/amcl_ngps_fused/amcl_pose_ngps_s11.tum,fa12022a62e405767e056de97f742aaa59efd64c8282b035a5f77145923eade1
amcl_ngps,rh_run1,22,full,dedicated_run,/home/pulver/projects/vineyard_pf/Outdoor_SLPF_icra_evidence/data/2025/amcl/amcl_3runs_metrics/amcl_metrics_3runs_per_run.csv,700767df1a7100b22e1974973a8dc136de763766744031900065c6997fee913c,amcl_pose1_2_ngps_s22,0.7917694041240496,0.5751951415490015,4.62413257797462,5.234478140336539,1.056459672605458,1.3413718159639614,0.8507462686567164,23.0,/home/pulver/projects/vineyard_pf/Outdoor_SLPF_icra_evidence/data/2025/amcl/amcl_3runs_metrics/amcl_ngps_fused/amcl_pose1_2_ngps_s22.tum,da21578a6cbfb8cdeda251ba4ec5dacdfedd7178bdfdea0301506b1f004ad010
amcl_ngps,rh_run1,33,full,dedicated_run,/home/pulver/projects/vineyard_pf/Outdoor_SLPF_icra_evidence/data/2025/amcl/amcl_3runs_metrics/amcl_metrics_3runs_per_run.csv,700767df1a7100b22e1974973a8dc136de763766744031900065c6997fee913c,amcl_pose1_3_ngps_s33,1.2786137268574478,1.1155147717849938,4.642046621969418,5.352698788505591,1.8622377352727977,1.515499634205099,0.5398009950248757,30.0,/home/pulver/projects/vineyard_pf/Outdoor_SLPF_icra_evidence/data/2025/amcl/amcl_3runs_metrics/amcl_ngps_fused/amcl_pose1_3_ngps_s33.tum,73eb9505877e17aae194a7177cc4b1d5a28f53a1ac0038aa342d620c43d42119
amcl_ngps,rh_run2,11,full,historical_seed_run,/home/pulver/projects/vineyard_pf/Outdoor_SLPF_icra_evidence/results/iros_rh2/20260225_105822_multiseed_all_methods/trajectory_metrics_multiseed_per_seed.csv,c1da74b1ca4643a78c06b73405154b120f0f4892e3df066c38b050e962620325,amcl_ngps_seed_11,4.00781853302005,2.189792589674118,3.6064001845478795,4.346120604228235,2.265846230536847,1.5806620149126107,0.5158150851581509,27.0,/home/pulver/projects/vineyard_pf/Outdoor_SLPF_icra_evidence/results/iros_rh2/20260225_105822_multiseed_all_methods/amcl_ngps/seed_11/trajectory_0.5.tum,003770c751df30e8537b8bf13680f4f9f84938e68ac9c41caeca1bc9bede21c2
amcl_ngps,rh_run2,22,full,historical_seed_run,/home/pulver/projects/vineyard_pf/Outdoor_SLPF_icra_evidence/results/iros_rh2/20260225_105822_multiseed_all_methods/trajectory_metrics_multiseed_per_seed.csv,c1da74b1ca4643a78c06b73405154b120f0f4892e3df066c38b050e962620325,amcl_ngps_seed_22,2.099756683628129,1.5413632134037984,3.0467120374854737,3.751592851972572,4.728609336056568,1.357562901679802,0.6237864077669902,28.0,/home/pulver/projects/vineyard_pf/Outdoor_SLPF_icra_evidence/results/iros_rh2/20260225_105822_multiseed_all_methods/amcl_ngps/seed_22/trajectory_0.5.tum,96fa3c7666c363e9375f5da8c39929013ee4e523a2257aa9e03686e62baf9168
amcl_ngps,rh_run2,33,full,historical_seed_run,/home/pulver/projects/vineyard_pf/Outdoor_SLPF_icra_evidence/results/iros_rh2/20260225_105822_multiseed_all_methods/trajectory_metrics_multiseed_per_seed.csv,c1da74b1ca4643a78c06b73405154b120f0f4892e3df066c38b050e962620325,amcl_ngps_seed_33,4.035823873445328,2.195606546923354,1.734836926581308,2.167153985849332,3.290421093267271,1.59693213980717,0.5230024213075061,25.0,/home/pulver/projects/vineyard_pf/Outdoor_SLPF_icra_evidence/results/iros_rh2/20260225_105822_multiseed_all_methods/amcl_ngps/seed_33/trajectory_0.5.tum,5e517fd4f10b49171ee72c5c0fe29ff532999d66b5a807f393755fdc8d3e7986
ngps,rh_run1,11,full,historical_seed_run,/home/pulver/projects/vineyard_pf/Outdoor_SLPF_icra_evidence/results/iros_rh1/final_20260217/trajectory_metrics_multiseed_per_seed.csv,0eac5ae96c1fcf41283417bc66a44d2e08e5e533782bf581486307c298920797,ngps_seed_11,2.8617235154069283,2.805242961095016,3.391938650686634,3.779895931242888,3.933433470773972,1.779339911048431,0.6190476190476191,60.0,/home/pulver/projects/Outdoor_SLPF/results/iros/20260217_172656_multiseed_main/ngps/seed_11/trajectory_0.5.tum,
ngps,rh_run1,22,full,historical_seed_run,/home/pulver/projects/vineyard_pf/Outdoor_SLPF_icra_evidence/results/iros_rh1/final_20260217/trajectory_metrics_multiseed_per_seed.csv,0eac5ae96c1fcf41283417bc66a44d2e08e5e533782bf581486307c298920797,ngps_seed_22,3.072534226228402,3.0216533312888565,3.323292967778408,3.5917631136354577,3.558205126675152,1.625345231419208,0.6090225563909775,72.0,/home/pulver/projects/Outdoor_SLPF/results/iros/20260217_172656_multiseed_main/ngps/seed_22/trajectory_0.5.tum,
ngps,rh_run1,33,full,historical_seed_run,/home/pulver/projects/vineyard_pf/Outdoor_SLPF_icra_evidence/results/iros_rh1/final_20260217/trajectory_metrics_multiseed_per_seed.csv,0eac5ae96c1fcf41283417bc66a44d2e08e5e533782bf581486307c298920797,ngps_seed_33,3.172263375020562,3.1074125166453253,3.9747700052910986,4.5930538110348325,4.817772064526688,1.9075735240792198,0.7042606516290727,61.0,/home/pulver/projects/Outdoor_SLPF/results/iros/20260217_172656_multiseed_main/ngps/seed_33/trajectory_0.5.tum,
ngps,rh_run2,11,full,historical_seed_run,/home/pulver/projects/vineyard_pf/Outdoor_SLPF_icra_evidence/results/iros_rh2/20260225_105822_multiseed_all_methods/trajectory_metrics_multiseed_per_seed.csv,c1da74b1ca4643a78c06b73405154b120f0f4892e3df066c38b050e962620325,ngps_seed_11,3.0048121235951144,2.931852365489344,3.500814050142091,3.7701619379240037,3.8517815594424016,2.0286390658728863,0.5675255442025766,734.0,/home/pulver/projects/vineyard_pf/Outdoor_SLPF_icra_evidence/results/iros_rh2/20260225_105822_multiseed_all_methods/ngps/seed_11/trajectory_0.5.tum,f65ba863ccc5d78fbcd5a36b38143d1e54d08c921145df0931ca95ec8377eaa7
ngps,rh_run2,22,full,historical_seed_run,/home/pulver/projects/vineyard_pf/Outdoor_SLPF_icra_evidence/results/iros_rh2/20260225_105822_multiseed_all_methods/trajectory_metrics_multiseed_per_seed.csv,c1da74b1ca4643a78c06b73405154b120f0f4892e3df066c38b050e962620325,ngps_seed_22,3.0096935518805608,2.912088272009923,3.5835404552313173,3.9017476768816235,4.210441702684102,1.9283318719331917,0.5650821856952466,725.0,/home/pulver/projects/vineyard_pf/Outdoor_SLPF_icra_evidence/results/iros_rh2/20260225_105822_multiseed_all_methods/ngps/seed_22/trajectory_0.5.tum,0494c2206bd948435727def17760e2b7a4a9a9a9059d6ae41734f452df8ff8ad
ngps,rh_run2,33,full,historical_seed_run,/home/pulver/projects/vineyard_pf/Outdoor_SLPF_icra_evidence/results/iros_rh2/20260225_105822_multiseed_all_methods/trajectory_metrics_multiseed_per_seed.csv,c1da74b1ca4643a78c06b73405154b120f0f4892e3df066c38b050e962620325,ngps_seed_33,3.4701574818312255,3.4201048195182318,4.209863829716349,4.9928126420918195,5.728873238272183,2.0144715657803722,0.5990670812972012,681.0,/home/pulver/projects/vineyard_pf/Outdoor_SLPF_icra_evidence/results/iros_rh2/20260225_105822_multiseed_all_methods/ngps/seed_33/trajectory_0.5.tum,328e1c60b96ddfbe7d3da98194f274ef8f3496973be17deee8944069633329ea
rtab_rgb,rh_run1,11,full,dedicated_run,/home/pulver/projects/vineyard_pf/Outdoor_SLPF_icra_evidence/results/rtabmap/rgb_run1_3runs/rtab_rgb_run1_part1_3runs_per_run.csv,c82d5ad249f9f8330962137070f94f998f469c24c35842e2d659396fa9107768,run1,59.13986688957872,6.636364180370565,1.181979954261642,2.2161222254121307,4.034935076074217,6.23289511263071,0.45169082125603865,14,/home/pulver/projects/vineyard_pf/Outdoor_SLPF_icra_evidence/results/rtabmap/rgb_run1_3runs/run1/rtabmap/rgb/tum1/rtabmap_rgb_filtered.tum,0cfc422801ed47ee39d0584630b78b11c5b6bc99eee9163d7b4b291dacb19b39
rtab_rgb,rh_run1,22,full,dedicated_run,/home/pulver/projects/vineyard_pf/Outdoor_SLPF_icra_evidence/results/rtabmap/rgb_run1_3runs/rtab_rgb_run1_part1_3runs_per_run.csv,c82d5ad249f9f8330962137070f94f998f469c24c35842e2d659396fa9107768,run2,60.281231239962985,6.720610964101041,1.1948240569523396,2.201936086119466,4.006285875118436,6.172919522621349,0.4411764705882353,14,/home/pulver/projects/vineyard_pf/Outdoor_SLPF_icra_evidence/results/rtabmap/rgb_run1_3runs/run2/rtabmap/rgb/tum1/rtabmap_rgb_filtered.tum,57286b961d9e6795522357d2b92561632ca8675aefa95621720d25cbd5674c6e
rtab_rgb,rh_run1,33,full,dedicated_run,/home/pulver/projects/vineyard_pf/Outdoor_SLPF_icra_evidence/results/rtabmap/rgb_run1_3runs/rtab_rgb_run1_part1_3runs_per_run.csv,c82d5ad249f9f8330962137070f94f998f469c24c35842e2d659396fa9107768,run3,59.42743314823648,6.6896877637056855,1.1979156077890272,2.2178885087151867,4.1026856330881865,6.214656487805037,0.44902912621359226,14,/home/pulver/projects/vineyard_pf/Outdoor_SLPF_icra_evidence/results/rtabmap/rgb_run1_3runs/run3/rtabmap/rgb/tum1/rtabmap_rgb_filtered.tum,7b12129d29038955aef25ed76ee3dad75f554c05ccecdb4f8965784522737599
rtab_rgb,rh_run2,11,full,historical_seed_run,/home/pulver/projects/vineyard_pf/Outdoor_SLPF_icra_evidence/results/iros_rh2/20260225_105822_multiseed_all_methods/trajectory_metrics_multiseed_per_seed.csv,c1da74b1ca4643a78c06b73405154b120f0f4892e3df066c38b050e962620325,rtab_rgb_seed_11,85.81465527035148,8.828258524219896,1.6313309646279348,2.4843253531781864,5.941015624029872,6.654836596207861,0.3772609819121447,17.0,/home/pulver/projects/vineyard_pf/Outdoor_SLPF_icra_evidence/results/iros_rh2/20260225_105822_multiseed_all_methods/rtab_rgb/seed_11/rtabmap_rgb_filtered.tum,53cb1eedd9733034caf3f6b3ef1358b2705509b62728bc66cc6a8a5ea39ad9ee
rtab_rgb,rh_run2,22,full,historical_seed_run,/home/pulver/projects/vineyard_pf/Outdoor_SLPF_icra_evidence/results/iros_rh2/20260225_105822_multiseed_all_methods/trajectory_metrics_multiseed_per_seed.csv,c1da74b1ca4643a78c06b73405154b120f0f4892e3df066c38b050e962620325,rtab_rgb_seed_22,85.81465527035148,8.828258524219896,1.6313309646279348,2.4843253531781864,5.941015624029872,6.520045923435233,0.37402597402597404,16.0,/home/pulver/projects/vineyard_pf/Outdoor_SLPF_icra_evidence/results/iros_rh2/20260225_105822_multiseed_all_methods/rtab_rgb/seed_22/rtabmap_rgb_filtered.tum,bfb11c18b1efed68b27b1ddb480fca333f3a79000aa4da6e80d0ed0718a0c486
rtab_rgb,rh_run2,33,full,historical_seed_run,/home/pulver/projects/vineyard_pf/Outdoor_SLPF_icra_evidence/results/iros_rh2/20260225_105822_multiseed_all_methods/trajectory_metrics_multiseed_per_seed.csv,c1da74b1ca4643a78c06b73405154b120f0f4892e3df066c38b050e962620325,rtab_rgb_seed_33,86.21486674040769,9.698240388842423,1.6132083193110651,2.484325353178187,5.941015624029876,7.243043021854754,0.4154228855721393,18.0,/home/pulver/projects/vineyard_pf/Outdoor_SLPF_icra_evidence/results/iros_rh2/20260225_105822_multiseed_all_methods/rtab_rgb/seed_33/rtabmap_rgb_filtered.tum,f8aac364ad628f89c32e5fa0e8a979439e1cf10f6102c40439077cff5d945994
rtab_rgb_ngps,rh_run1,11,full,historical_seed_run,/home/pulver/projects/vineyard_pf/Outdoor_SLPF_icra_evidence/results/iros_revision/rtab_ngps_main_table/rtab_ngps_main_table_per_seed.csv,876e135857f7f8d222abbbf263d69036a60049bced8416c4df49d8cf8cc56d56,exp1_rtab_rgb_ngps_seed_11,37.757244177449785,6.27937541396958,1.1974962295825529,2.3013772109115402,4.681323037264786,5.350218782376554,0.376657824933687,17.0,/home/pulver/projects/vineyard_pf/Outdoor_SLPF_iros_revision_plan/results/iros_revision/rtab_ngps_main_table/exp1/rtab_rgb/seed_11/trajectory_0.5.tum,
rtab_rgb_ngps,rh_run1,22,full,historical_seed_run,/home/pulver/projects/vineyard_pf/Outdoor_SLPF_icra_evidence/results/iros_revision/rtab_ngps_main_table/rtab_ngps_main_table_per_seed.csv,876e135857f7f8d222abbbf263d69036a60049bced8416c4df49d8cf8cc56d56,exp1_rtab_rgb_ngps_seed_22,37.87531257807298,6.279521943762659,1.1974959838130492,2.301377211900487,4.681323037284775,5.350251447002597,0.376657824933687,17.0,/home/pulver/projects/vineyard_pf/Outdoor_SLPF_iros_revision_plan/results/iros_revision/rtab_ngps_main_table/exp1/rtab_rgb/seed_22/trajectory_0.5.tum,
rtab_rgb_ngps,rh_run1,33,full,historical_seed_run,/home/pulver/projects/vineyard_pf/Outdoor_SLPF_icra_evidence/results/iros_revision/rtab_ngps_main_table/rtab_ngps_main_table_per_seed.csv,876e135857f7f8d222abbbf263d69036a60049bced8416c4df49d8cf8cc56d56,exp1_rtab_rgb_ngps_seed_33,37.69918988146126,6.279257896818487,1.1974962577588792,2.301377209736782,4.681323037256217,5.350197323772409,0.376657824933687,17.0,/home/pulver/projects/vineyard_pf/Outdoor_SLPF_iros_revision_plan/results/iros_revision/rtab_ngps_main_table/exp1/rtab_rgb/seed_33/trajectory_0.5.tum,
rtab_rgb_ngps,rh_run2,11,full,historical_seed_run,/home/pulver/projects/vineyard_pf/Outdoor_SLPF_icra_evidence/results/iros_revision/rtab_ngps_main_table/rtab_ngps_main_table_per_seed.csv,876e135857f7f8d222abbbf263d69036a60049bced8416c4df49d8cf8cc56d56,exp2_rtab_rgb_ngps_seed_11,41.142337813923056,8.060124363493149,1.7641222434693016,2.429741121822966,5.800109245161597,6.0127451030615475,0.3875968992248062,19.0,/home/pulver/projects/vineyard_pf/Outdoor_SLPF_iros_revision_plan/results/iros_revision/rtab_ngps_main_table/exp2/rtab_rgb/seed_11/trajectory_0.5.tum,
rtab_rgb_ngps,rh_run2,22,full,historical_seed_run,/home/pulver/projects/vineyard_pf/Outdoor_SLPF_icra_evidence/results/iros_revision/rtab_ngps_main_table/rtab_ngps_main_table_per_seed.csv,876e135857f7f8d222abbbf263d69036a60049bced8416c4df49d8cf8cc56d56,exp2_rtab_rgb_ngps_seed_22,41.25448679484262,8.075512784575007,1.724616982007517,2.7086810665689005,5.7986308314477455,5.902469504077704,0.37662337662337664,19.0,/home/pulver/projects/vineyard_pf/Outdoor_SLPF_iros_revision_plan/results/iros_revision/rtab_ngps_main_table/exp2/rtab_rgb/seed_22/trajectory_0.5.tum,
rtab_rgb_ngps,rh_run2,33,full,historical_seed_run,/home/pulver/projects/vineyard_pf/Outdoor_SLPF_icra_evidence/results/iros_revision/rtab_ngps_main_table/rtab_ngps_main_table_per_seed.csv,876e135857f7f8d222abbbf263d69036a60049bced8416c4df49d8cf8cc56d56,exp2_rtab_rgb_ngps_seed_33,43.49245666103698,8.86657908647563,1.5953687805616983,2.447734194789418,5.791108308480915,6.561276255016611,0.4154228855721393,18.0,/home/pulver/projects/vineyard_pf/Outdoor_SLPF_iros_revision_plan/results/iros_revision/rtab_ngps_main_table/exp2/rtab_rgb/seed_33/trajectory_0.5.tum,
rtab_rgbd,rh_run1,11,full,dedicated_run,/home/pulver/projects/vineyard_pf/Outdoor_SLPF_icra_evidence/results/rtabmap/rgbd_run1_3runs/rtab_rgbd_run1_part1_3runs_per_run.csv,d30eb52a45b00cfe356c38400266f7abeb2ed7f1dfe35dea081bd7e13b5f4a29,run1,61.72841875391552,10.064257860202284,8.36362775196794,10.913584341214296,13.969544193778521,6.762903610433038,0.4786729857819905,13,/home/pulver/projects/vineyard_pf/Outdoor_SLPF_icra_evidence/results/rtabmap/rgbd_run1_3runs/run1/rtabmap/rgbd/tum1/rtabmap_rgbd_filtered.tum,785691097f63d4d547d23d24e1f9786a10772287facf1a7ee2848a5a73dacaa9
rtab_rgbd,rh_run1,22,full,dedicated_run,/home/pulver/projects/vineyard_pf/Outdoor_SLPF_icra_evidence/results/rtabmap/rgbd_run1_3runs/rtab_rgbd_run1_part1_3runs_per_run.csv,d30eb52a45b00cfe356c38400266f7abeb2ed7f1dfe35dea081bd7e13b5f4a29,run2,61.1294383947474,9.995265657308865,8.231300731138177,10.797907707530298,14.015238709072417,6.78737274860787,0.47754137115839246,13,/home/pulver/projects/vineyard_pf/Outdoor_SLPF_icra_evidence/results/rtabmap/rgbd_run1_3runs/run2/rtabmap/rgbd/tum1/rtabmap_rgbd_filtered.tum,4ba7fb43f9a6c1e0fb1a68476d79e091ed6b995b3f00a4f54bb46da6faa7904a
rtab_rgbd,rh_run1,33,full,dedicated_run,/home/pulver/projects/vineyard_pf/Outdoor_SLPF_icra_evidence/results/rtabmap/rgbd_run1_3runs/rtab_rgbd_run1_part1_3runs_per_run.csv,d30eb52a45b00cfe356c38400266f7abeb2ed7f1dfe35dea081bd7e13b5f4a29,run3,61.14199810441312,10.014560144102253,8.161408395034046,10.648620047240952,14.01164699589209,6.789399350342602,0.4728132387706856,14,/home/pulver/projects/vineyard_pf/Outdoor_SLPF_icra_evidence/results/rtabmap/rgbd_run1_3runs/run3/rtabmap/rgbd/tum1/rtabmap_rgbd_filtered.tum,bdfc2facaf6f1b4ba6d221cf022ed555f2c094b61d443b4f2a8f9b196ce068fa
rtab_rgbd,rh_run2,11,full,historical_seed_run,/home/pulver/projects/vineyard_pf/Outdoor_SLPF_icra_evidence/results/iros_rh2/20260225_105822_multiseed_all_methods/trajectory_metrics_multiseed_per_seed.csv,c1da74b1ca4643a78c06b73405154b120f0f4892e3df066c38b050e962620325,rtab_rgbd_seed_11,87.17521880237679,9.061462781020525,1.8121894611140275,3.42984129433953,6.363387246225723,7.19419284848084,0.4152334152334152,18.0,/home/pulver/projects/vineyard_pf/Outdoor_SLPF_icra_evidence/results/iros_rh2/20260225_105822_multiseed_all_methods/rtab_rgbd/seed_11/rtabmap_rgbd_filtered.tum,31accc9d32c476147aaaef7643850b166ea087fe46e1fcac5e578c6dcfbee07f
rtab_rgbd,rh_run2,22,full,historical_seed_run,/home/pulver/projects/vineyard_pf/Outdoor_SLPF_icra_evidence/results/iros_rh2/20260225_105822_multiseed_all_methods/trajectory_metrics_multiseed_per_seed.csv,c1da74b1ca4643a78c06b73405154b120f0f4892e3df066c38b050e962620325,rtab_rgbd_seed_22,87.15766575005915,9.066117731355092,1.8121894611140266,3.429841294339531,6.36338724622572,7.356783895497262,0.4152334152334152,19.0,/home/pulver/projects/vineyard_pf/Outdoor_SLPF_icra_evidence/results/iros_rh2/20260225_105822_multiseed_all_methods/rtab_rgbd/seed_22/rtabmap_rgbd_filtered.tum,6de4c33383ff99a2eea1a355370d312b3d83f40e5180330963017e404c741153
rtab_rgbd,rh_run2,33,full,historical_seed_run,/home/pulver/projects/vineyard_pf/Outdoor_SLPF_icra_evidence/results/iros_rh2/20260225_105822_multiseed_all_methods/trajectory_metrics_multiseed_per_seed.csv,c1da74b1ca4643a78c06b73405154b120f0f4892e3df066c38b050e962620325,rtab_rgbd_seed_33,87.17521880237679,9.061462781020525,1.8121894611140275,3.42984129433953,6.363387246225723,7.188642030442147,0.4148148148148148,19.0,/home/pulver/projects/vineyard_pf/Outdoor_SLPF_icra_evidence/results/iros_rh2/20260225_105822_multiseed_all_methods/rtab_rgbd/seed_33/rtabmap_rgbd_filtered.tum,f88ba32f3360d66a47c4b2c0c9be4f246991ae727fbe45200eb6a69578a8bfaf
rtab_rgbd_ngps,rh_run1,11,full,historical_seed_run,/home/pulver/projects/vineyard_pf/Outdoor_SLPF_icra_evidence/results/iros_revision/rtab_ngps_main_table/rtab_ngps_main_table_per_seed.csv,876e135857f7f8d222abbbf263d69036a60049bced8416c4df49d8cf8cc56d56,exp1_rtab_rgbd_ngps_seed_11,39.184980742878345,6.316366890349516,1.2261051017409252,2.635389159295014,4.53742147463591,5.3742572878481845,0.3763157894736842,17.0,/home/pulver/projects/vineyard_pf/Outdoor_SLPF_iros_revision_plan/results/iros_revision/rtab_ngps_main_table/exp1/rtab_rgbd/seed_11/trajectory_0.5.tum,
rtab_rgbd_ngps,rh_run1,22,full,historical_seed_run,/home/pulver/projects/vineyard_pf/Outdoor_SLPF_icra_evidence/results/iros_revision/rtab_ngps_main_table/rtab_ngps_main_table_per_seed.csv,876e135857f7f8d222abbbf263d69036a60049bced8416c4df49d8cf8cc56d56,exp1_rtab_rgbd_ngps_seed_22,39.30273180419628,6.316528599360153,1.2261050870977623,2.6353891567398957,4.5374214746359485,5.374285870186304,0.3763157894736842,17.0,/home/pulver/projects/vineyard_pf/Outdoor_SLPF_iros_revision_plan/results/iros_revision/rtab_ngps_main_table/exp1/rtab_rgbd/seed_22/trajectory_0.5.tum,
rtab_rgbd_ngps,rh_run1,33,full,historical_seed_run,/home/pulver/projects/vineyard_pf/Outdoor_SLPF_icra_evidence/results/iros_revision/rtab_ngps_main_table/rtab_ngps_main_table_per_seed.csv,876e135857f7f8d222abbbf263d69036a60049bced8416c4df49d8cf8cc56d56,exp1_rtab_rgbd_ngps_seed_33,39.12637647965208,6.316241372760473,1.2261051278965123,2.635389161377771,4.537421474635898,5.374233591014207,0.3763157894736842,17.0,/home/pulver/projects/vineyard_pf/Outdoor_SLPF_iros_revision_plan/results/iros_revision/rtab_ngps_main_table/exp1/rtab_rgbd/seed_33/trajectory_0.5.tum,
rtab_rgbd_ngps,rh_run2,11,full,historical_seed_run,/home/pulver/projects/vineyard_pf/Outdoor_SLPF_icra_evidence/results/iros_revision/rtab_ngps_main_table/rtab_ngps_main_table_per_seed.csv,876e135857f7f8d222abbbf263d69036a60049bced8416c4df49d8cf8cc56d56,exp2_rtab_rgbd_ngps_seed_11,43.60546266832559,8.28705513076133,2.1722298294566658,3.384841000942592,6.240951211049151,6.509998119016065,0.4103194103194103,18.0,/home/pulver/projects/vineyard_pf/Outdoor_SLPF_iros_revision_plan/results/iros_revision/rtab_ngps_main_table/exp2/rtab_rgbd/seed_11/trajectory_0.5.tum,
rtab_rgbd_ngps,rh_run2,22,full,historical_seed_run,/home/pulver/projects/vineyard_pf/Outdoor_SLPF_icra_evidence/results/iros_revision/rtab_ngps_main_table/rtab_ngps_main_table_per_seed.csv,876e135857f7f8d222abbbf263d69036a60049bced8416c4df49d8cf8cc56d56,exp2_rtab_rgbd_ngps_seed_22,93.11355508118825,8.542926551058446,1.7994040916189975,3.3326050651509886,6.154141457394087,6.7943729194798355,0.4275184275184275,20.0,/home/pulver/projects/vineyard_pf/Outdoor_SLPF_iros_revision_plan/results/iros_revision/rtab_ngps_main_table/exp2/rtab_rgbd/seed_22/trajectory_0.5.tum,
rtab_rgbd_ngps,rh_run2,33,full,historical_seed_run,/home/pulver/projects/vineyard_pf/Outdoor_SLPF_icra_evidence/results/iros_revision/rtab_ngps_main_table/rtab_ngps_main_table_per_seed.csv,876e135857f7f8d222abbbf263d69036a60049bced8416c4df49d8cf8cc56d56,exp2_rtab_rgbd_ngps_seed_33,43.01482714410554,8.270837838407308,1.8207995238498262,3.3743196013739807,6.231022349620246,6.511759762352864,0.40987654320987654,18.0,/home/pulver/projects/vineyard_pf/Outdoor_SLPF_iros_revision_plan/results/iros_revision/rtab_ngps_main_table/exp2/rtab_rgbd/seed_33/trajectory_0.5.tum,
