method,traversal,seed,profile,replicate_kind,source_file,source_file_sha256,source_run,ape_raw_rmse,ape_align_rmse,rpe_2m_align_rmse,rpe_5m_align_rmse,rpe_10m_align_rmse,cross_track_mean,row_correct_fraction,row_switch_events,source_output,source_output_sha256,inrow_row_correct_fraction,inrow_cross_track_mean,raw_method,method_key,run_name,est_tum,eval_est_tum,gt_tum,start_pose_anchor,cross_track_median,cross_track_max,wrong_row_duration_sec,wrong_row_distance_m,max_wrong_row_duration_sec,max_wrong_row_distance_m,mean_recovery_distance_m,failure_rate,xt_below_0p25_fraction,xt_below_0p5_fraction,xt_below_1p0_fraction,headland_cross_track_mean,headland_cross_track_median,headland_cross_track_max,headland_row_correct_fraction,headland_row_switch_events,headland_wrong_row_duration_sec,headland_wrong_row_distance_m,headland_max_wrong_row_duration_sec,headland_max_wrong_row_distance_m,headland_mean_recovery_distance_m,headland_failure_rate,headland_xt_below_0p25_fraction,headland_xt_below_0p5_fraction,headland_xt_below_1p0_fraction,inrow_cross_track_median,inrow_cross_track_max,inrow_row_switch_events,inrow_wrong_row_duration_sec,inrow_wrong_row_distance_m,inrow_max_wrong_row_duration_sec,inrow_max_wrong_row_distance_m,inrow_mean_recovery_distance_m,inrow_failure_rate,inrow_xt_below_0p25_fraction,inrow_xt_below_0p5_fraction,inrow_xt_below_1p0_fraction,speed_mean,accel_rms,jerk_rms,heading_rate_rms,heading_accel_rms,stage,candidate_id,candidate_description,run_dir,duration_sec,log_path
AMCL,rh_run1,11,full,dedicated_run,results/icra_submission/evidence/canonical_baseline_metrics_per_seed.csv,700767df1a7100b22e1974973a8dc136de763766744031900065c6997fee913c,amcl_pose,1.9617348073402303,1.3002828158830904,4.755173217057186,5.5174434903395335,1.5986632873593132,1.3173394752648835,0.6218905472636815,29.0,/home/pulver/projects/vineyard_pf/Outdoor_SLPF_icra_evidence/data/2025/amcl/amcl_3runs_metrics/amcl_pose_clean.tum,384e8d7b4ca1e0122ead7d5fd2d0056f56422347ce799f04e2d64e7a7a2e59be,0.6218905472636815,1.3173394752648835,amcl,amcl,,,,,,,,,,,,,,,,,,,,,,,,,,,,,,,,,,,,,,,,,,,,,,,,,,,,,
AMCL,rh_run1,22,full,dedicated_run,results/icra_submission/evidence/canonical_baseline_metrics_per_seed.csv,700767df1a7100b22e1974973a8dc136de763766744031900065c6997fee913c,amcl_pose1_2,0.8264354398549525,0.6052260453150908,4.641777617445659,5.253266498870957,1.0962715174128748,1.3540276473340083,0.8507462686567164,23.0,/home/pulver/projects/vineyard_pf/Outdoor_SLPF_icra_evidence/data/2025/amcl/amcl_3runs_metrics/amcl_pose1_2_clean.tum,9d934d2776e85056f4dc4a2ac9949efdfcaaef065432e1d50db68da369d0d10f,0.8507462686567164,1.3540276473340083,amcl,amcl,,,,,,,,,,,,,,,,,,,,,,,,,,,,,,,,,,,,,,,,,,,,,,,,,,,,,
AMCL,rh_run1,33,full,dedicated_run,results/icra_submission/evidence/canonical_baseline_metrics_per_seed.csv,700767df1a7100b22e1974973a8dc136de763766744031900065c6997fee913c,amcl_pose1_3,1.3088247027328257,1.1426544446513838,4.681538391576877,5.3911064343526,2.018310824250767,1.541749143825597,0.5298507462686567,30.0,/home/pulver/projects/vineyard_pf/Outdoor_SLPF_icra_evidence/data/2025/amcl/amcl_3runs_metrics/amcl_pose1_3_clean.tum,88e15218d698f74593ab6a67f3a11e6c8a0f90b7f23db96f454ca3c1de35d2be,0.5298507462686567,1.541749143825597,amcl,amcl,,,,,,,,,,,,,,,,,,,,,,,,,,,,,,,,,,,,,,,,,,,,,,,,,,,,,
AMCL,rh_run2,11,full,historical_seed_run,results/icra_submission/evidence/canonical_baseline_metrics_per_seed.csv,c1da74b1ca4643a78c06b73405154b120f0f4892e3df066c38b050e962620325,amcl_seed_11,4.140705802073487,2.2548088377229867,3.6195492724029066,4.355925093063604,2.326882876790847,1.6271889403113937,0.5085158150851582,27.0,/home/pulver/projects/vineyard_pf/Outdoor_SLPF_icra_evidence/results/iros_rh2/20260225_105822_multiseed_all_methods/amcl/seed_11/trajectory_0.5.tum,46f2e619b8da463734ba692295648bf9a9d4be1e2237e41f90410acbd56e37c7,0.5085158150851582,1.6271889403113937,amcl,amcl,,,,,,,,,,,,,,,,,,,,,,,,,,,,,,,,,,,,,,,,,,,,,,,,,,,,,
AMCL,rh_run2,22,full,historical_seed_run,results/icra_submission/evidence/canonical_baseline_metrics_per_seed.csv,c1da74b1ca4643a78c06b73405154b120f0f4892e3df066c38b050e962620325,amcl_seed_22,2.1746954553651068,1.6012078303426318,3.005236962796829,3.7554791499076927,4.725080002216219,1.3849716697286092,0.6213592233009708,29.0,/home/pulver/projects/vineyard_pf/Outdoor_SLPF_icra_evidence/results/iros_rh2/20260225_105822_multiseed_all_methods/amcl/seed_22/trajectory_0.5.tum,29cd0ad916d677235f63e1e3afd4366ce40e3cb522783680d5304826c8932906,0.6213592233009708,1.3849716697286092,amcl,amcl,,,,,,,,,,,,,,,,,,,,,,,,,,,,,,,,,,,,,,,,,,,,,,,,,,,,,
AMCL,rh_run2,33,full,historical_seed_run,results/icra_submission/evidence/canonical_baseline_metrics_per_seed.csv,c1da74b1ca4643a78c06b73405154b120f0f4892e3df066c38b050e962620325,amcl_seed_33,4.185538312447544,2.274360814846897,1.7121121324042377,2.1764424416519783,3.2988954197731024,1.642287446908044,0.5157384987893463,24.0,/home/pulver/projects/vineyard_pf/Outdoor_SLPF_icra_evidence/results/iros_rh2/20260225_105822_multiseed_all_methods/amcl/seed_33/trajectory_0.5.tum,c1dc9484908c38183d0a1defd2fde3ded6ecf808dda51f4d27ccfa70c72b31e7,0.5157384987893463,1.642287446908044,amcl,amcl,,,,,,,,,,,,,,,,,,,,,,,,,,,,,,,,,,,,,,,,,,,,,,,,,,,,,
AMCL + NoisyGNSS,rh_run1,11,full,dedicated_run,results/icra_submission/evidence/canonical_baseline_metrics_per_seed.csv,700767df1a7100b22e1974973a8dc136de763766744031900065c6997fee913c,amcl_pose_ngps_s11,1.9166450076258572,1.2783585520277032,4.714104346137692,5.467616553398703,1.5089605499033003,1.3105476947053039,0.6218905472636815,29.0,/home/pulver/projects/vineyard_pf/Outdoor_SLPF_icra_evidence/data/2025/amcl/amcl_3runs_metrics/amcl_ngps_fused/amcl_pose_ngps_s11.tum,fa12022a62e405767e056de97f742aaa59efd64c8282b035a5f77145923eade1,0.6218905472636815,1.3105476947053039,amcl_ngps,amcl__plus__noisygnss,,,,,,,,,,,,,,,,,,,,,,,,,,,,,,,,,,,,,,,,,,,,,,,,,,,,,
AMCL + NoisyGNSS,rh_run1,22,full,dedicated_run,results/icra_submission/evidence/canonical_baseline_metrics_per_seed.csv,700767df1a7100b22e1974973a8dc136de763766744031900065c6997fee913c,amcl_pose1_2_ngps_s22,0.7917694041240496,0.5751951415490015,4.62413257797462,5.234478140336539,1.056459672605458,1.3413718159639614,0.8507462686567164,23.0,/home/pulver/projects/vineyard_pf/Outdoor_SLPF_icra_evidence/data/2025/amcl/amcl_3runs_metrics/amcl_ngps_fused/amcl_pose1_2_ngps_s22.tum,da21578a6cbfb8cdeda251ba4ec5dacdfedd7178bdfdea0301506b1f004ad010,0.8507462686567164,1.3413718159639614,amcl_ngps,amcl__plus__noisygnss,,,,,,,,,,,,,,,,,,,,,,,,,,,,,,,,,,,,,,,,,,,,,,,,,,,,,
AMCL + NoisyGNSS,rh_run1,33,full,dedicated_run,results/icra_submission/evidence/canonical_baseline_metrics_per_seed.csv,700767df1a7100b22e1974973a8dc136de763766744031900065c6997fee913c,amcl_pose1_3_ngps_s33,1.2786137268574478,1.1155147717849938,4.642046621969418,5.352698788505591,1.8622377352727977,1.515499634205099,0.5398009950248757,30.0,/home/pulver/projects/vineyard_pf/Outdoor_SLPF_icra_evidence/data/2025/amcl/amcl_3runs_metrics/amcl_ngps_fused/amcl_pose1_3_ngps_s33.tum,73eb9505877e17aae194a7177cc4b1d5a28f53a1ac0038aa342d620c43d42119,0.5398009950248757,1.515499634205099,amcl_ngps,amcl__plus__noisygnss,,,,,,,,,,,,,,,,,,,,,,,,,,,,,,,,,,,,,,,,,,,,,,,,,,,,,
AMCL + NoisyGNSS,rh_run2,11,full,historical_seed_run,results/icra_submission/evidence/canonical_baseline_metrics_per_seed.csv,c1da74b1ca4643a78c06b73405154b120f0f4892e3df066c38b050e962620325,amcl_ngps_seed_11,4.00781853302005,2.189792589674118,3.6064001845478795,4.346120604228235,2.265846230536847,1.5806620149126107,0.5158150851581509,27.0,/home/pulver/projects/vineyard_pf/Outdoor_SLPF_icra_evidence/results/iros_rh2/20260225_105822_multiseed_all_methods/amcl_ngps/seed_11/trajectory_0.5.tum,003770c751df30e8537b8bf13680f4f9f84938e68ac9c41caeca1bc9bede21c2,0.5158150851581509,1.5806620149126107,amcl_ngps,amcl__plus__noisygnss,,,,,,,,,,,,,,,,,,,,,,,,,,,,,,,,,,,,,,,,,,,,,,,,,,,,,
AMCL + NoisyGNSS,rh_run2,22,full,historical_seed_run,results/icra_submission/evidence/canonical_baseline_metrics_per_seed.csv,c1da74b1ca4643a78c06b73405154b120f0f4892e3df066c38b050e962620325,amcl_ngps_seed_22,2.099756683628129,1.5413632134037984,3.0467120374854737,3.751592851972572,4.728609336056568,1.357562901679802,0.6237864077669902,28.0,/home/pulver/projects/vineyard_pf/Outdoor_SLPF_icra_evidence/results/iros_rh2/20260225_105822_multiseed_all_methods/amcl_ngps/seed_22/trajectory_0.5.tum,96fa3c7666c363e9375f5da8c39929013ee4e523a2257aa9e03686e62baf9168,0.6237864077669902,1.357562901679802,amcl_ngps,amcl__plus__noisygnss,,,,,,,,,,,,,,,,,,,,,,,,,,,,,,,,,,,,,,,,,,,,,,,,,,,,,
AMCL + NoisyGNSS,rh_run2,33,full,historical_seed_run,results/icra_submission/evidence/canonical_baseline_metrics_per_seed.csv,c1da74b1ca4643a78c06b73405154b120f0f4892e3df066c38b050e962620325,amcl_ngps_seed_33,4.035823873445328,2.195606546923354,1.734836926581308,2.167153985849332,3.290421093267271,1.59693213980717,0.5230024213075061,25.0,/home/pulver/projects/vineyard_pf/Outdoor_SLPF_icra_evidence/results/iros_rh2/20260225_105822_multiseed_all_methods/amcl_ngps/seed_33/trajectory_0.5.tum,5e517fd4f10b49171ee72c5c0fe29ff532999d66b5a807f393755fdc8d3e7986,0.5230024213075061,1.59693213980717,amcl_ngps,amcl__plus__noisygnss,,,,,,,,,,,,,,,,,,,,,,,,,,,,,,,,,,,,,,,,,,,,,,,,,,,,,
NoisyGNSS,rh_run1,11,full,historical_seed_run,results/icra_submission/evidence/canonical_baseline_metrics_per_seed.csv,0eac5ae96c1fcf41283417bc66a44d2e08e5e533782bf581486307c298920797,ngps_seed_11,2.8617235154069283,2.805242961095016,3.391938650686634,3.779895931242888,3.933433470773972,1.779339911048431,0.6190476190476191,60.0,/home/pulver/projects/Outdoor_SLPF/results/iros/20260217_172656_multiseed_main/ngps/seed_11/trajectory_0.5.tum,,0.6190476190476191,1.779339911048431,ngps,noisygnss,,,,,,,,,,,,,,,,,,,,,,,,,,,,,,,,,,,,,,,,,,,,,,,,,,,,,
NoisyGNSS,rh_run1,22,full,historical_seed_run,results/icra_submission/evidence/canonical_baseline_metrics_per_seed.csv,0eac5ae96c1fcf41283417bc66a44d2e08e5e533782bf581486307c298920797,ngps_seed_22,3.072534226228402,3.0216533312888565,3.323292967778408,3.5917631136354577,3.558205126675152,1.625345231419208,0.6090225563909775,72.0,/home/pulver/projects/Outdoor_SLPF/results/iros/20260217_172656_multiseed_main/ngps/seed_22/trajectory_0.5.tum,,0.6090225563909775,1.625345231419208,ngps,noisygnss,,,,,,,,,,,,,,,,,,,,,,,,,,,,,,,,,,,,,,,,,,,,,,,,,,,,,
NoisyGNSS,rh_run1,33,full,historical_seed_run,results/icra_submission/evidence/canonical_baseline_metrics_per_seed.csv,0eac5ae96c1fcf41283417bc66a44d2e08e5e533782bf581486307c298920797,ngps_seed_33,3.172263375020562,3.1074125166453253,3.9747700052910986,4.5930538110348325,4.817772064526688,1.9075735240792198,0.7042606516290727,61.0,/home/pulver/projects/Outdoor_SLPF/results/iros/20260217_172656_multiseed_main/ngps/seed_33/trajectory_0.5.tum,,0.7042606516290727,1.9075735240792198,ngps,noisygnss,,,,,,,,,,,,,,,,,,,,,,,,,,,,,,,,,,,,,,,,,,,,,,,,,,,,,
NoisyGNSS,rh_run2,11,full,historical_seed_run,results/icra_submission/evidence/canonical_baseline_metrics_per_seed.csv,c1da74b1ca4643a78c06b73405154b120f0f4892e3df066c38b050e962620325,ngps_seed_11,3.0048121235951144,2.931852365489344,3.500814050142091,3.7701619379240037,3.8517815594424016,2.0286390658728863,0.5675255442025766,734.0,/home/pulver/projects/vineyard_pf/Outdoor_SLPF_icra_evidence/results/iros_rh2/20260225_105822_multiseed_all_methods/ngps/seed_11/trajectory_0.5.tum,f65ba863ccc5d78fbcd5a36b38143d1e54d08c921145df0931ca95ec8377eaa7,0.5675255442025766,2.0286390658728863,ngps,noisygnss,,,,,,,,,,,,,,,,,,,,,,,,,,,,,,,,,,,,,,,,,,,,,,,,,,,,,
NoisyGNSS,rh_run2,22,full,historical_seed_run,results/icra_submission/evidence/canonical_baseline_metrics_per_seed.csv,c1da74b1ca4643a78c06b73405154b120f0f4892e3df066c38b050e962620325,ngps_seed_22,3.0096935518805608,2.912088272009923,3.5835404552313173,3.9017476768816235,4.210441702684102,1.9283318719331917,0.5650821856952466,725.0,/home/pulver/projects/vineyard_pf/Outdoor_SLPF_icra_evidence/results/iros_rh2/20260225_105822_multiseed_all_methods/ngps/seed_22/trajectory_0.5.tum,0494c2206bd948435727def17760e2b7a4a9a9a9059d6ae41734f452df8ff8ad,0.5650821856952466,1.9283318719331917,ngps,noisygnss,,,,,,,,,,,,,,,,,,,,,,,,,,,,,,,,,,,,,,,,,,,,,,,,,,,,,
NoisyGNSS,rh_run2,33,full,historical_seed_run,results/icra_submission/evidence/canonical_baseline_metrics_per_seed.csv,c1da74b1ca4643a78c06b73405154b120f0f4892e3df066c38b050e962620325,ngps_seed_33,3.4701574818312255,3.4201048195182318,4.209863829716349,4.9928126420918195,5.728873238272183,2.0144715657803722,0.5990670812972012,681.0,/home/pulver/projects/vineyard_pf/Outdoor_SLPF_icra_evidence/results/iros_rh2/20260225_105822_multiseed_all_methods/ngps/seed_33/trajectory_0.5.tum,328e1c60b96ddfbe7d3da98194f274ef8f3496973be17deee8944069633329ea,0.5990670812972012,2.0144715657803722,ngps,noisygnss,,,,,,,,,,,,,,,,,,,,,,,,,,,,,,,,,,,,,,,,,,,,,,,,,,,,,
RTAB (RGB) + NoisyGNSS,rh_run1,11,full,historical_seed_run,results/icra_submission/evidence/canonical_baseline_metrics_per_seed.csv,876e135857f7f8d222abbbf263d69036a60049bced8416c4df49d8cf8cc56d56,exp1_rtab_rgb_ngps_seed_11,37.757244177449785,6.27937541396958,1.1974962295825529,2.3013772109115402,4.681323037264786,5.350218782376554,0.376657824933687,17.0,/home/pulver/projects/vineyard_pf/Outdoor_SLPF_iros_revision_plan/results/iros_revision/rtab_ngps_main_table/exp1/rtab_rgb/seed_11/trajectory_0.5.tum,,0.376657824933687,5.350218782376554,rtab_rgb_ngps,rtab_rgb__plus__noisygnss,,,,,,,,,,,,,,,,,,,,,,,,,,,,,,,,,,,,,,,,,,,,,,,,,,,,,
RTAB (RGB) + NoisyGNSS,rh_run1,22,full,historical_seed_run,results/icra_submission/evidence/canonical_baseline_metrics_per_seed.csv,876e135857f7f8d222abbbf263d69036a60049bced8416c4df49d8cf8cc56d56,exp1_rtab_rgb_ngps_seed_22,37.87531257807298,6.279521943762659,1.1974959838130492,2.301377211900487,4.681323037284775,5.350251447002597,0.376657824933687,17.0,/home/pulver/projects/vineyard_pf/Outdoor_SLPF_iros_revision_plan/results/iros_revision/rtab_ngps_main_table/exp1/rtab_rgb/seed_22/trajectory_0.5.tum,,0.376657824933687,5.350251447002597,rtab_rgb_ngps,rtab_rgb__plus__noisygnss,,,,,,,,,,,,,,,,,,,,,,,,,,,,,,,,,,,,,,,,,,,,,,,,,,,,,
RTAB (RGB) + NoisyGNSS,rh_run1,33,full,historical_seed_run,results/icra_submission/evidence/canonical_baseline_metrics_per_seed.csv,876e135857f7f8d222abbbf263d69036a60049bced8416c4df49d8cf8cc56d56,exp1_rtab_rgb_ngps_seed_33,37.69918988146126,6.279257896818487,1.1974962577588792,2.301377209736782,4.681323037256217,5.350197323772409,0.376657824933687,17.0,/home/pulver/projects/vineyard_pf/Outdoor_SLPF_iros_revision_plan/results/iros_revision/rtab_ngps_main_table/exp1/rtab_rgb/seed_33/trajectory_0.5.tum,,0.376657824933687,5.350197323772409,rtab_rgb_ngps,rtab_rgb__plus__noisygnss,,,,,,,,,,,,,,,,,,,,,,,,,,,,,,,,,,,,,,,,,,,,,,,,,,,,,
RTAB (RGB) + NoisyGNSS,rh_run2,11,full,historical_seed_run,results/icra_submission/evidence/canonical_baseline_metrics_per_seed.csv,876e135857f7f8d222abbbf263d69036a60049bced8416c4df49d8cf8cc56d56,exp2_rtab_rgb_ngps_seed_11,41.142337813923056,8.060124363493149,1.7641222434693016,2.429741121822966,5.800109245161597,6.0127451030615475,0.3875968992248062,19.0,/home/pulver/projects/vineyard_pf/Outdoor_SLPF_iros_revision_plan/results/iros_revision/rtab_ngps_main_table/exp2/rtab_rgb/seed_11/trajectory_0.5.tum,,0.3875968992248062,6.0127451030615475,rtab_rgb_ngps,rtab_rgb__plus__noisygnss,,,,,,,,,,,,,,,,,,,,,,,,,,,,,,,,,,,,,,,,,,,,,,,,,,,,,
RTAB (RGB) + NoisyGNSS,rh_run2,22,full,historical_seed_run,results/icra_submission/evidence/canonical_baseline_metrics_per_seed.csv,876e135857f7f8d222abbbf263d69036a60049bced8416c4df49d8cf8cc56d56,exp2_rtab_rgb_ngps_seed_22,41.25448679484262,8.075512784575007,1.724616982007517,2.7086810665689005,5.7986308314477455,5.902469504077704,0.37662337662337664,19.0,/home/pulver/projects/vineyard_pf/Outdoor_SLPF_iros_revision_plan/results/iros_revision/rtab_ngps_main_table/exp2/rtab_rgb/seed_22/trajectory_0.5.tum,,0.37662337662337664,5.902469504077704,rtab_rgb_ngps,rtab_rgb__plus__noisygnss,,,,,,,,,,,,,,,,,,,,,,,,,,,,,,,,,,,,,,,,,,,,,,,,,,,,,
RTAB (RGB) + NoisyGNSS,rh_run2,33,full,historical_seed_run,results/icra_submission/evidence/canonical_baseline_metrics_per_seed.csv,876e135857f7f8d222abbbf263d69036a60049bced8416c4df49d8cf8cc56d56,exp2_rtab_rgb_ngps_seed_33,43.49245666103698,8.86657908647563,1.5953687805616983,2.447734194789418,5.791108308480915,6.561276255016611,0.4154228855721393,18.0,/home/pulver/projects/vineyard_pf/Outdoor_SLPF_iros_revision_plan/results/iros_revision/rtab_ngps_main_table/exp2/rtab_rgb/seed_33/trajectory_0.5.tum,,0.4154228855721393,6.561276255016611,rtab_rgb_ngps,rtab_rgb__plus__noisygnss,,,,,,,,,,,,,,,,,,,,,,,,,,,,,,,,,,,,,,,,,,,,,,,,,,,,,
RTAB (RGB-D) + NoisyGNSS,rh_run1,11,full,historical_seed_run,results/icra_submission/evidence/canonical_baseline_metrics_per_seed.csv,876e135857f7f8d222abbbf263d69036a60049bced8416c4df49d8cf8cc56d56,exp1_rtab_rgbd_ngps_seed_11,39.184980742878345,6.316366890349516,1.2261051017409252,2.635389159295014,4.53742147463591,5.3742572878481845,0.3763157894736842,17.0,/home/pulver/projects/vineyard_pf/Outdoor_SLPF_iros_revision_plan/results/iros_revision/rtab_ngps_main_table/exp1/rtab_rgbd/seed_11/trajectory_0.5.tum,,0.3763157894736842,5.3742572878481845,rtab_rgbd_ngps,rtab_rgb-d__plus__noisygnss,,,,,,,,,,,,,,,,,,,,,,,,,,,,,,,,,,,,,,,,,,,,,,,,,,,,,
RTAB (RGB-D) + NoisyGNSS,rh_run1,22,full,historical_seed_run,results/icra_submission/evidence/canonical_baseline_metrics_per_seed.csv,876e135857f7f8d222abbbf263d69036a60049bced8416c4df49d8cf8cc56d56,exp1_rtab_rgbd_ngps_seed_22,39.30273180419628,6.316528599360153,1.2261050870977623,2.6353891567398957,4.5374214746359485,5.374285870186304,0.3763157894736842,17.0,/home/pulver/projects/vineyard_pf/Outdoor_SLPF_iros_revision_plan/results/iros_revision/rtab_ngps_main_table/exp1/rtab_rgbd/seed_22/trajectory_0.5.tum,,0.3763157894736842,5.374285870186304,rtab_rgbd_ngps,rtab_rgb-d__plus__noisygnss,,,,,,,,,,,,,,,,,,,,,,,,,,,,,,,,,,,,,,,,,,,,,,,,,,,,,
RTAB (RGB-D) + NoisyGNSS,rh_run1,33,full,historical_seed_run,results/icra_submission/evidence/canonical_baseline_metrics_per_seed.csv,876e135857f7f8d222abbbf263d69036a60049bced8416c4df49d8cf8cc56d56,exp1_rtab_rgbd_ngps_seed_33,39.12637647965208,6.316241372760473,1.2261051278965123,2.635389161377771,4.537421474635898,5.374233591014207,0.3763157894736842,17.0,/home/pulver/projects/vineyard_pf/Outdoor_SLPF_iros_revision_plan/results/iros_revision/rtab_ngps_main_table/exp1/rtab_rgbd/seed_33/trajectory_0.5.tum,,0.3763157894736842,5.374233591014207,rtab_rgbd_ngps,rtab_rgb-d__plus__noisygnss,,,,,,,,,,,,,,,,,,,,,,,,,,,,,,,,,,,,,,,,,,,,,,,,,,,,,
RTAB (RGB-D) + NoisyGNSS,rh_run2,11,full,historical_seed_run,results/icra_submission/evidence/canonical_baseline_metrics_per_seed.csv,876e135857f7f8d222abbbf263d69036a60049bced8416c4df49d8cf8cc56d56,exp2_rtab_rgbd_ngps_seed_11,43.60546266832559,8.28705513076133,2.1722298294566658,3.384841000942592,6.240951211049151,6.509998119016065,0.4103194103194103,18.0,/home/pulver/projects/vineyard_pf/Outdoor_SLPF_iros_revision_plan/results/iros_revision/rtab_ngps_main_table/exp2/rtab_rgbd/seed_11/trajectory_0.5.tum,,0.4103194103194103,6.509998119016065,rtab_rgbd_ngps,rtab_rgb-d__plus__noisygnss,,,,,,,,,,,,,,,,,,,,,,,,,,,,,,,,,,,,,,,,,,,,,,,,,,,,,
RTAB (RGB-D) + NoisyGNSS,rh_run2,22,full,historical_seed_run,results/icra_submission/evidence/canonical_baseline_metrics_per_seed.csv,876e135857f7f8d222abbbf263d69036a60049bced8416c4df49d8cf8cc56d56,exp2_rtab_rgbd_ngps_seed_22,93.11355508118825,8.542926551058446,1.7994040916189975,3.3326050651509886,6.154141457394087,6.7943729194798355,0.4275184275184275,20.0,/home/pulver/projects/vineyard_pf/Outdoor_SLPF_iros_revision_plan/results/iros_revision/rtab_ngps_main_table/exp2/rtab_rgbd/seed_22/trajectory_0.5.tum,,0.4275184275184275,6.7943729194798355,rtab_rgbd_ngps,rtab_rgb-d__plus__noisygnss,,,,,,,,,,,,,,,,,,,,,,,,,,,,,,,,,,,,,,,,,,,,,,,,,,,,,
RTAB (RGB-D) + NoisyGNSS,rh_run2,33,full,historical_seed_run,results/icra_submission/evidence/canonical_baseline_metrics_per_seed.csv,876e135857f7f8d222abbbf263d69036a60049bced8416c4df49d8cf8cc56d56,exp2_rtab_rgbd_ngps_seed_33,43.01482714410554,8.270837838407308,1.8207995238498262,3.3743196013739807,6.231022349620246,6.511759762352864,0.40987654320987654,18.0,/home/pulver/projects/vineyard_pf/Outdoor_SLPF_iros_revision_plan/results/iros_revision/rtab_ngps_main_table/exp2/rtab_rgbd/seed_33/trajectory_0.5.tum,,0.40987654320987654,6.511759762352864,rtab_rgbd_ngps,rtab_rgb-d__plus__noisygnss,,,,,,,,,,,,,,,,,,,,,,,,,,,,,,,,,,,,,,,,,,,,,,,,,,,,,
RTAB-Map (RGB),rh_run1,11,full,dedicated_run,results/icra_submission/evidence/canonical_baseline_metrics_per_seed.csv,c82d5ad249f9f8330962137070f94f998f469c24c35842e2d659396fa9107768,run1,59.13986688957872,6.636364180370565,1.181979954261642,2.2161222254121307,4.034935076074217,6.23289511263071,0.45169082125603865,14,/home/pulver/projects/vineyard_pf/Outdoor_SLPF_icra_evidence/results/rtabmap/rgb_run1_3runs/run1/rtabmap/rgb/tum1/rtabmap_rgb_filtered.tum,0cfc422801ed47ee39d0584630b78b11c5b6bc99eee9163d7b4b291dacb19b39,0.45169082125603865,6.23289511263071,rtab_rgb,rtab-map_rgb,,,,,,,,,,,,,,,,,,,,,,,,,,,,,,,,,,,,,,,,,,,,,,,,,,,,,
RTAB-Map (RGB),rh_run1,22,full,dedicated_run,results/icra_submission/evidence/canonical_baseline_metrics_per_seed.csv,c82d5ad249f9f8330962137070f94f998f469c24c35842e2d659396fa9107768,run2,60.281231239962985,6.720610964101041,1.1948240569523396,2.201936086119466,4.006285875118436,6.172919522621349,0.4411764705882353,14,/home/pulver/projects/vineyard_pf/Outdoor_SLPF_icra_evidence/results/rtabmap/rgb_run1_3runs/run2/rtabmap/rgb/tum1/rtabmap_rgb_filtered.tum,57286b961d9e6795522357d2b92561632ca8675aefa95621720d25cbd5674c6e,0.4411764705882353,6.172919522621349,rtab_rgb,rtab-map_rgb,,,,,,,,,,,,,,,,,,,,,,,,,,,,,,,,,,,,,,,,,,,,,,,,,,,,,
RTAB-Map (RGB),rh_run1,33,full,dedicated_run,results/icra_submission/evidence/canonical_baseline_metrics_per_seed.csv,c82d5ad249f9f8330962137070f94f998f469c24c35842e2d659396fa9107768,run3,59.42743314823648,6.6896877637056855,1.1979156077890272,2.2178885087151867,4.1026856330881865,6.214656487805037,0.44902912621359226,14,/home/pulver/projects/vineyard_pf/Outdoor_SLPF_icra_evidence/results/rtabmap/rgb_run1_3runs/run3/rtabmap/rgb/tum1/rtabmap_rgb_filtered.tum,7b12129d29038955aef25ed76ee3dad75f554c05ccecdb4f8965784522737599,0.44902912621359226,6.214656487805037,rtab_rgb,rtab-map_rgb,,,,,,,,,,,,,,,,,,,,,,,,,,,,,,,,,,,,,,,,,,,,,,,,,,,,,
RTAB-Map (RGB),rh_run2,11,full,historical_seed_run,results/icra_submission/evidence/canonical_baseline_metrics_per_seed.csv,c1da74b1ca4643a78c06b73405154b120f0f4892e3df066c38b050e962620325,rtab_rgb_seed_11,85.81465527035148,8.828258524219896,1.6313309646279348,2.4843253531781864,5.941015624029872,6.654836596207861,0.3772609819121447,17.0,/home/pulver/projects/vineyard_pf/Outdoor_SLPF_icra_evidence/results/iros_rh2/20260225_105822_multiseed_all_methods/rtab_rgb/seed_11/rtabmap_rgb_filtered.tum,53cb1eedd9733034caf3f6b3ef1358b2705509b62728bc66cc6a8a5ea39ad9ee,0.3772609819121447,6.654836596207861,rtab_rgb,rtab-map_rgb,,,,,,,,,,,,,,,,,,,,,,,,,,,,,,,,,,,,,,,,,,,,,,,,,,,,,
RTAB-Map (RGB),rh_run2,22,full,historical_seed_run,results/icra_submission/evidence/canonical_baseline_metrics_per_seed.csv,c1da74b1ca4643a78c06b73405154b120f0f4892e3df066c38b050e962620325,rtab_rgb_seed_22,85.81465527035148,8.828258524219896,1.6313309646279348,2.4843253531781864,5.941015624029872,6.520045923435233,0.37402597402597404,16.0,/home/pulver/projects/vineyard_pf/Outdoor_SLPF_icra_evidence/results/iros_rh2/20260225_105822_multiseed_all_methods/rtab_rgb/seed_22/rtabmap_rgb_filtered.tum,bfb11c18b1efed68b27b1ddb480fca333f3a79000aa4da6e80d0ed0718a0c486,0.37402597402597404,6.520045923435233,rtab_rgb,rtab-map_rgb,,,,,,,,,,,,,,,,,,,,,,,,,,,,,,,,,,,,,,,,,,,,,,,,,,,,,
RTAB-Map (RGB),rh_run2,33,full,historical_seed_run,results/icra_submission/evidence/canonical_baseline_metrics_per_seed.csv,c1da74b1ca4643a78c06b73405154b120f0f4892e3df066c38b050e962620325,rtab_rgb_seed_33,86.21486674040769,9.698240388842423,1.6132083193110651,2.484325353178187,5.941015624029876,7.243043021854754,0.4154228855721393,18.0,/home/pulver/projects/vineyard_pf/Outdoor_SLPF_icra_evidence/results/iros_rh2/20260225_105822_multiseed_all_methods/rtab_rgb/seed_33/rtabmap_rgb_filtered.tum,f8aac364ad628f89c32e5fa0e8a979439e1cf10f6102c40439077cff5d945994,0.4154228855721393,7.243043021854754,rtab_rgb,rtab-map_rgb,,,,,,,,,,,,,,,,,,,,,,,,,,,,,,,,,,,,,,,,,,,,,,,,,,,,,
RTAB-Map (RGB-D),rh_run1,11,full,dedicated_run,results/icra_submission/evidence/canonical_baseline_metrics_per_seed.csv,d30eb52a45b00cfe356c38400266f7abeb2ed7f1dfe35dea081bd7e13b5f4a29,run1,61.72841875391552,10.064257860202284,8.36362775196794,10.913584341214296,13.969544193778521,6.762903610433038,0.4786729857819905,13,/home/pulver/projects/vineyard_pf/Outdoor_SLPF_icra_evidence/results/rtabmap/rgbd_run1_3runs/run1/rtabmap/rgbd/tum1/rtabmap_rgbd_filtered.tum,785691097f63d4d547d23d24e1f9786a10772287facf1a7ee2848a5a73dacaa9,0.4786729857819905,6.762903610433038,rtab_rgbd,rtab-map_rgb-d,,,,,,,,,,,,,,,,,,,,,,,,,,,,,,,,,,,,,,,,,,,,,,,,,,,,,
RTAB-Map (RGB-D),rh_run1,22,full,dedicated_run,results/icra_submission/evidence/canonical_baseline_metrics_per_seed.csv,d30eb52a45b00cfe356c38400266f7abeb2ed7f1dfe35dea081bd7e13b5f4a29,run2,61.1294383947474,9.995265657308865,8.231300731138177,10.797907707530298,14.015238709072417,6.78737274860787,0.47754137115839246,13,/home/pulver/projects/vineyard_pf/Outdoor_SLPF_icra_evidence/results/rtabmap/rgbd_run1_3runs/run2/rtabmap/rgbd/tum1/rtabmap_rgbd_filtered.tum,4ba7fb43f9a6c1e0fb1a68476d79e091ed6b995b3f00a4f54bb46da6faa7904a,0.47754137115839246,6.78737274860787,rtab_rgbd,rtab-map_rgb-d,,,,,,,,,,,,,,,,,,,,,,,,,,,,,,,,,,,,,,,,,,,,,,,,,,,,,
RTAB-Map (RGB-D),rh_run1,33,full,dedicated_run,results/icra_submission/evidence/canonical_baseline_metrics_per_seed.csv,d30eb52a45b00cfe356c38400266f7abeb2ed7f1dfe35dea081bd7e13b5f4a29,run3,61.14199810441312,10.014560144102253,8.161408395034046,10.648620047240952,14.01164699589209,6.789399350342602,0.4728132387706856,14,/home/pulver/projects/vineyard_pf/Outdoor_SLPF_icra_evidence/results/rtabmap/rgbd_run1_3runs/run3/rtabmap/rgbd/tum1/rtabmap_rgbd_filtered.tum,bdfc2facaf6f1b4ba6d221cf022ed555f2c094b61d443b4f2a8f9b196ce068fa,0.4728132387706856,6.789399350342602,rtab_rgbd,rtab-map_rgb-d,,,,,,,,,,,,,,,,,,,,,,,,,,,,,,,,,,,,,,,,,,,,,,,,,,,,,
RTAB-Map (RGB-D),rh_run2,11,full,historical_seed_run,results/icra_submission/evidence/canonical_baseline_metrics_per_seed.csv,c1da74b1ca4643a78c06b73405154b120f0f4892e3df066c38b050e962620325,rtab_rgbd_seed_11,87.17521880237679,9.061462781020525,1.8121894611140275,3.42984129433953,6.363387246225723,7.19419284848084,0.4152334152334152,18.0,/home/pulver/projects/vineyard_pf/Outdoor_SLPF_icra_evidence/results/iros_rh2/20260225_105822_multiseed_all_methods/rtab_rgbd/seed_11/rtabmap_rgbd_filtered.tum,31accc9d32c476147aaaef7643850b166ea087fe46e1fcac5e578c6dcfbee07f,0.4152334152334152,7.19419284848084,rtab_rgbd,rtab-map_rgb-d,,,,,,,,,,,,,,,,,,,,,,,,,,,,,,,,,,,,,,,,,,,,,,,,,,,,,
RTAB-Map (RGB-D),rh_run2,22,full,historical_seed_run,results/icra_submission/evidence/canonical_baseline_metrics_per_seed.csv,c1da74b1ca4643a78c06b73405154b120f0f4892e3df066c38b050e962620325,rtab_rgbd_seed_22,87.15766575005915,9.066117731355092,1.8121894611140266,3.429841294339531,6.36338724622572,7.356783895497262,0.4152334152334152,19.0,/home/pulver/projects/vineyard_pf/Outdoor_SLPF_icra_evidence/results/iros_rh2/20260225_105822_multiseed_all_methods/rtab_rgbd/seed_22/rtabmap_rgbd_filtered.tum,6de4c33383ff99a2eea1a355370d312b3d83f40e5180330963017e404c741153,0.4152334152334152,7.356783895497262,rtab_rgbd,rtab-map_rgb-d,,,,,,,,,,,,,,,,,,,,,,,,,,,,,,,,,,,,,,,,,,,,,,,,,,,,,
RTAB-Map (RGB-D),rh_run2,33,full,historical_seed_run,results/icra_submission/evidence/canonical_baseline_metrics_per_seed.csv,c1da74b1ca4643a78c06b73405154b120f0f4892e3df066c38b050e962620325,rtab_rgbd_seed_33,87.17521880237679,9.061462781020525,1.8121894611140275,3.42984129433953,6.363387246225723,7.188642030442147,0.4148148148148148,19.0,/home/pulver/projects/vineyard_pf/Outdoor_SLPF_icra_evidence/results/iros_rh2/20260225_105822_multiseed_all_methods/rtab_rgbd/seed_33/rtabmap_rgbd_filtered.tum,f88ba32f3360d66a47c4b2c0c9be4f246991ae727fbe45200eb6a69578a8bfaf,0.4148148148148148,7.188642030442147,rtab_rgbd,rtab-map_rgb-d,,,,,,,,,,,,,,,,,,,,,,,,,,,,,,,,,,,,,,,,,,,,,,,,,,,,,
SLPF (ours),rh_run1,11,full,,results/icra_submission/reruns/localization/followup_metrics_per_seed.csv,,,0.9156106037819198,0.89307240734849,3.294844271014827,7.144060205389195,12.116602746010027,1.283985631779125,0.7268170426065163,35.0,,,0.6871794871794872,1.0498455117167769,baseline_alpha_huber3_cap50,slpf_ours,full_rh_run1_baseline_alpha_huber3_cap50_seed_11,/home/pulver/projects/vineyard_pf/Outdoor_SLPF_icra_evidence/results/icra_submission/reruns/localization/full/rh_run1/baseline_alpha_huber3_cap50/seed_11/trajectory_0.5.tum,/home/pulver/projects/vineyard_pf/Outdoor_SLPF_icra_evidence/results/icra_submission/reruns/localization/full/rh_run1/baseline_alpha_huber3_cap50/seed_11/trajectory_0.5.tum,/home/pulver/projects/vineyard_pf/Outdoor_SLPF_icra_evidence/results/icra_submission/reruns/localization/full/rh_run1/baseline_alpha_huber3_cap50/seed_11/gps_pose.tum,0,1.1715172403498197,3.6859914435509022,436.0,84.55257558089963,60.0,9.70404502207084,2.415787873739989,0.2731829573934837,0.045112781954887216,0.12030075187969924,0.3533834586466165,1.5077960406622513,1.372162542657781,3.6859914435509022,0.7647058823529411,18.0,192.0,38.13183823665828,36.0,5.2510864363464185,2.1184354575921267,0.23529411764705882,0.0392156862745098,0.11274509803921569,0.30392156862745096,1.0871774599255777,2.8015796618233404,19.0,244.0,46.42073734424135,32.0,5.366336752884976,2.443196702328492,0.3128205128205128,0.05128205128205128,0.1282051282051282,0.40512820512820513,0.1726710916625173,0.03281791677450851,0.013287855251215359,0.14339471682792213,0.04993078316201557,full,baseline_alpha_huber3_cap50,Frozen ICRA baseline loaded from the canonical YAML overlay.,/home/pulver/projects/vineyard_pf/Outdoor_SLPF_icra_evidence/results/icra_submission/reruns/localization/full/rh_run1/baseline_alpha_huber3_cap50/seed_11,41.945518255233765,/home/pulver/projects/vineyard_pf/Outdoor_SLPF_icra_evidence/results/icra_submission/reruns/localization/full/rh_run1/baseline_alpha_huber3_cap50/seed_11/spf_lidar.log
SLPF (ours),rh_run1,22,full,,results/icra_submission/reruns/localization/followup_metrics_per_seed.csv,,,1.0205489711727482,0.9439637858972014,3.3868578981374684,6.842923171368239,12.1751394675489,1.347019916073228,0.7192982456140351,36.0,,,0.7230769230769231,1.0655666496258618,baseline_alpha_huber3_cap50,slpf_ours,full_rh_run1_baseline_alpha_huber3_cap50_seed_22,/home/pulver/projects/vineyard_pf/Outdoor_SLPF_icra_evidence/results/icra_submission/reruns/localization/full/rh_run1/baseline_alpha_huber3_cap50/seed_22/trajectory_0.5.tum,/home/pulver/projects/vineyard_pf/Outdoor_SLPF_icra_evidence/results/icra_submission/reruns/localization/full/rh_run1/baseline_alpha_huber3_cap50/seed_22/trajectory_0.5.tum,/home/pulver/projects/vineyard_pf/Outdoor_SLPF_icra_evidence/results/icra_submission/reruns/localization/full/rh_run1/baseline_alpha_huber3_cap50/seed_22/gps_pose.tum,0,1.1412927821462944,4.35964443875339,448.0,76.29352228995764,68.0,11.495291804299569,2.119264508054379,0.2807017543859649,0.03258145363408521,0.10526315789473684,0.37343358395989973,1.6160561266479159,1.2635056051019222,4.35964443875339,0.7156862745098039,18.0,232.0,41.834298201915196,68.0,11.495291804299569,2.3241276778841775,0.28431372549019607,0.049019607843137254,0.09313725490196079,0.3382352941176471,1.0720826056229278,2.6082999790681822,20.0,216.0,34.45922408804244,48.0,6.138258555995159,1.722961204402122,0.27692307692307694,0.015384615384615385,0.11794871794871795,0.41025641025641024,0.17197012465407902,0.03231399056955534,0.013112793822377023,0.13774456218990014,0.04814014253363817,full,baseline_alpha_huber3_cap50,Frozen ICRA baseline loaded from the canonical YAML overlay.,/home/pulver/projects/vineyard_pf/Outdoor_SLPF_icra_evidence/results/icra_submission/reruns/localization/full/rh_run1/baseline_alpha_huber3_cap50/seed_22,39.83333134651184,/home/pulver/projects/vineyard_pf/Outdoor_SLPF_icra_evidence/results/icra_submission/reruns/localization/full/rh_run1/baseline_alpha_huber3_cap50/seed_22/spf_lidar.log
SLPF (ours),rh_run1,33,full,,results/icra_submission/reruns/localization/followup_metrics_per_seed.csv,,,0.8891699165759579,0.8398969243265038,3.4397940871278117,7.069261216051598,12.682512141106582,1.3831788926735389,0.7243107769423559,40.0,,,0.7282051282051282,1.1299322952074773,baseline_alpha_huber3_cap50,slpf_ours,full_rh_run1_baseline_alpha_huber3_cap50_seed_33,/home/pulver/projects/vineyard_pf/Outdoor_SLPF_icra_evidence/results/icra_submission/reruns/localization/full/rh_run1/baseline_alpha_huber3_cap50/seed_33/trajectory_0.5.tum,/home/pulver/projects/vineyard_pf/Outdoor_SLPF_icra_evidence/results/icra_submission/reruns/localization/full/rh_run1/baseline_alpha_huber3_cap50/seed_33/trajectory_0.5.tum,/home/pulver/projects/vineyard_pf/Outdoor_SLPF_icra_evidence/results/icra_submission/reruns/localization/full/rh_run1/baseline_alpha_huber3_cap50/seed_33/gps_pose.tum,0,1.2540281250147138,3.9075820022750745,440.0,84.968719735377,52.0,7.02813776972909,2.1242179933844247,0.2756892230576441,0.022556390977443608,0.07268170426065163,0.2606516290726817,1.6252528461337443,1.3793069463660035,3.9075820022750745,0.7205882352941176,19.0,228.0,45.82333338877984,40.0,8.415630349193295,2.4117543888831494,0.27941176470588236,0.004901960784313725,0.03431372549019608,0.1323529411764706,1.13807511661033,2.70426178706816,23.0,212.0,39.14538634659716,48.0,6.138258555995159,1.7019733194172677,0.2717948717948718,0.041025641025641026,0.11282051282051282,0.39487179487179486,0.17158275700168038,0.031697656797271954,0.01283652155648783,0.13995879075966852,0.05133899281202287,full,baseline_alpha_huber3_cap50,Frozen ICRA baseline loaded from the canonical YAML overlay.,/home/pulver/projects/vineyard_pf/Outdoor_SLPF_icra_evidence/results/icra_submission/reruns/localization/full/rh_run1/baseline_alpha_huber3_cap50/seed_33,40.65341782569885,/home/pulver/projects/vineyard_pf/Outdoor_SLPF_icra_evidence/results/icra_submission/reruns/localization/full/rh_run1/baseline_alpha_huber3_cap50/seed_33/spf_lidar.log
SLPF (ours),rh_run2,11,full,,results/icra_submission/reruns/localization/followup_metrics_per_seed.csv,,,0.9709462312180684,0.9020719222651234,3.3208403238267286,6.982522564642227,11.63087164982818,1.5293614666604838,0.6412213740458015,34.0,,,0.5852272727272727,1.2609148809834174,baseline_alpha_huber3_cap50,slpf_ours,full_rh_run2_baseline_alpha_huber3_cap50_seed_11,/home/pulver/projects/vineyard_pf/Outdoor_SLPF_icra_evidence/results/icra_submission/reruns/localization/full/rh_run2/baseline_alpha_huber3_cap50/seed_11/trajectory_0.5.tum,/home/pulver/projects/vineyard_pf/Outdoor_SLPF_icra_evidence/results/icra_submission/reruns/localization/full/rh_run2/baseline_alpha_huber3_cap50/seed_11/trajectory_0.5.tum,/home/pulver/projects/vineyard_pf/Outdoor_SLPF_icra_evidence/results/icra_submission/reruns/localization/full/rh_run2/baseline_alpha_huber3_cap50/seed_11/gps_pose.tum,0,1.3618044443546093,4.197341681617433,564.0,93.08406758212224,68.0,12.15505052030129,2.737766693591831,0.35877862595419846,0.03307888040712468,0.058524173027989825,0.1984732824427481,1.747087729698104,1.6702540973768103,4.197341681617433,0.6866359447004609,19.0,272.0,38.46860250441568,40.0,5.597417175248066,2.0246632897060883,0.31336405529953915,0.041474654377880185,0.06912442396313365,0.19815668202764977,1.2415644929042777,2.743075421145846,17.0,292.0,54.61546507770659,76.0,16.633754870888648,3.2126744163356817,0.4147727272727273,0.022727272727272728,0.045454545454545456,0.19886363636363635,0.17711338394560686,0.03140196242445093,0.012717742702610614,0.16451147609285674,0.06327523671587655,full,baseline_alpha_huber3_cap50,Frozen ICRA baseline loaded from the canonical YAML overlay.,/home/pulver/projects/vineyard_pf/Outdoor_SLPF_icra_evidence/results/icra_submission/reruns/localization/full/rh_run2/baseline_alpha_huber3_cap50/seed_11,39.51562309265137,/home/pulver/projects/vineyard_pf/Outdoor_SLPF_icra_evidence/results/icra_submission/reruns/localization/full/rh_run2/baseline_alpha_huber3_cap50/seed_11/spf_lidar.log
SLPF (ours),rh_run2,22,full,,results/icra_submission/reruns/localization/followup_metrics_per_seed.csv,,,0.8909464753162598,0.8842815138488364,3.3593685372068016,6.687491373527885,11.88287446650781,1.483334136715897,0.6743002544529262,31.0,,,0.6420454545454546,1.2173403510433403,baseline_alpha_huber3_cap50,slpf_ours,full_rh_run2_baseline_alpha_huber3_cap50_seed_22,/home/pulver/projects/vineyard_pf/Outdoor_SLPF_icra_evidence/results/icra_submission/reruns/localization/full/rh_run2/baseline_alpha_huber3_cap50/seed_22/trajectory_0.5.tum,/home/pulver/projects/vineyard_pf/Outdoor_SLPF_icra_evidence/results/icra_submission/reruns/localization/full/rh_run2/baseline_alpha_huber3_cap50/seed_22/trajectory_0.5.tum,/home/pulver/projects/vineyard_pf/Outdoor_SLPF_icra_evidence/results/icra_submission/reruns/localization/full/rh_run2/baseline_alpha_huber3_cap50/seed_22/gps_pose.tum,0,1.2676548362704292,4.0490532673467525,512.0,86.41985072032459,44.0,6.780187960703567,2.787737120010471,0.3256997455470738,0.03816793893129771,0.058524173027989825,0.21628498727735368,1.6990710320079245,1.3586951412306856,4.0490532673467525,0.7004608294930875,20.0,260.0,39.32240820472789,32.0,6.17090578055838,1.9661204102363947,0.2995391705069124,0.013824884792626729,0.041474654377880185,0.18433179723502305,1.1904578265989383,2.80369150217744,15.0,252.0,47.097442515596704,44.0,6.930553531937438,3.13982950103978,0.35795454545454547,0.06818181818181818,0.07954545454545454,0.2556818181818182,0.17276497378284814,0.029932065150644283,0.01255367327135804,0.15714149552519704,0.05508741169590972,full,baseline_alpha_huber3_cap50,Frozen ICRA baseline loaded from the canonical YAML overlay.,/home/pulver/projects/vineyard_pf/Outdoor_SLPF_icra_evidence/results/icra_submission/reruns/localization/full/rh_run2/baseline_alpha_huber3_cap50/seed_22,38.87855792045593,/home/pulver/projects/vineyard_pf/Outdoor_SLPF_icra_evidence/results/icra_submission/reruns/localization/full/rh_run2/baseline_alpha_huber3_cap50/seed_22/spf_lidar.log
SLPF (ours),rh_run2,33,full,,results/icra_submission/reruns/localization/followup_metrics_per_seed.csv,,,1.0906714156780555,0.9459780980982275,3.3202621751698733,6.790628348760992,11.952640250024425,1.4070710915527989,0.7073791348600509,26.0,,,0.7045454545454546,1.0410795122359737,baseline_alpha_huber3_cap50,slpf_ours,full_rh_run2_baseline_alpha_huber3_cap50_seed_33,/home/pulver/projects/vineyard_pf/Outdoor_SLPF_icra_evidence/results/icra_submission/reruns/localization/full/rh_run2/baseline_alpha_huber3_cap50/seed_33/trajectory_0.5.tum,/home/pulver/projects/vineyard_pf/Outdoor_SLPF_icra_evidence/results/icra_submission/reruns/localization/full/rh_run2/baseline_alpha_huber3_cap50/seed_33/trajectory_0.5.tum,/home/pulver/projects/vineyard_pf/Outdoor_SLPF_icra_evidence/results/icra_submission/reruns/localization/full/rh_run2/baseline_alpha_huber3_cap50/seed_33/gps_pose.tum,0,1.237464712460528,4.229803853826201,460.0,74.96926436248282,60.0,11.750518230091972,2.8834332447108775,0.2926208651399491,0.04834605597964377,0.10941475826972011,0.3842239185750636,1.7039121881415602,1.556782114230747,4.229803853826201,0.7096774193548387,19.0,252.0,32.47603083264432,36.0,5.543222842737215,1.7092647806654906,0.2903225806451613,0.03686635944700461,0.06451612903225806,0.2488479262672811,0.9518268900116048,2.6606522719425074,10.0,208.0,42.49323352983851,60.0,13.278623000828063,4.249323352983851,0.29545454545454547,0.0625,0.16477272727272727,0.5511363636363636,0.176784151482117,0.030987631869449986,0.012752561293701245,0.14658689360954796,0.05254522733211558,full,baseline_alpha_huber3_cap50,Frozen ICRA baseline loaded from the canonical YAML overlay.,/home/pulver/projects/vineyard_pf/Outdoor_SLPF_icra_evidence/results/icra_submission/reruns/localization/full/rh_run2/baseline_alpha_huber3_cap50/seed_33,39.615660667419434,/home/pulver/projects/vineyard_pf/Outdoor_SLPF_icra_evidence/results/icra_submission/reruns/localization/full/rh_run2/baseline_alpha_huber3_cap50/seed_33/spf_lidar.log
