frame_idx,gps_dist,log_gps,log_semantic,log_corridor,corridor_dist,corridor_heading_misalign,correct_hits,incorrect_hits,no_hits,weight,gps_weight_used,corridor_weight_used,num_background_used,num_observations,semantic_model_used,gps_enabled,semantic_enabled,corridor_enabled,background_enabled,dynamic_gps_enabled,pose_smoothing_enabled
0,0.5839828252792358,-0.14092393219470978,-1107.705322265625,-0.9509584903717041,1.4095332622528076,0.3532923460006714,6,0,0,0.028364822268486023,0.95,0.3,0,6,wall,1,1,1,0,1,1
4,0.1428542137145996,-0.008432779461145401,-1079.3768310546875,-0.8858456015586853,1.416326642036438,0.32835596799850464,5,0,0,0.010368737392127514,0.95,0.3,0,5,wall,1,1,1,0,1,1
8,0.4665491282939911,-0.089945487678051,-3200.0,-2.1251614093780518,2.401867151260376,0.4545067548751831,0,0,5,0.010473482310771942,0.95,0.3,0,5,wall,1,1,1,0,1,1
12,0.43408089876174927,-0.07786206901073456,-957.1946411132812,-0.9253559112548828,1.4204686880111694,0.34184491634368896,9,0,0,0.01512325368821621,0.9433962264150942,0.3,0,9,wall,1,1,1,0,1,1
16,1.1784342527389526,-0.5738459229469299,-3200.0,-1.1358840465545654,2.25905704498291,0.021051108837127686,0,0,6,0.03284300118684769,0.95,0.3,0,6,wall,1,1,1,0,1,1
20,2.6789300441741943,-2.965564489364624,-3200.0,-0.5437930226325989,1.5600917339324951,0.026789963245391846,0,0,5,0.2727099061012268,0.95,0.3,0,5,wall,1,1,1,0,1,1
24,2.1772360801696777,-1.9588251113891602,-3200.0,-4.060215950012207,1.8514790534973145,0.8989542126655579,0,0,4,0.04731246083974838,0.95,0.3,0,4,wall,1,1,1,0,1,1
28,1.3709520101547241,-0.7766567468643188,-3200.0,-0.5352422595024109,1.5467109680175781,0.029767155647277832,0,0,5,0.030094627290964127,0.95,0.3,0,5,wall,1,1,1,0,1,1
32,3.347154140472412,-4.629520893096924,-3200.000244140625,-0.7163575291633606,1.7936952114105225,0.018470466136932373,0,0,7,0.059632785618305206,0.95,0.3,0,7,wall,1,1,1,0,1,1
36,1.8873122930526733,-1.4718791246414185,-3200.0,-0.7956140637397766,1.881787657737732,0.0461614727973938,0,0,40,0.05309319868683815,0.7894736842105263,0.3,0,40,wall,1,1,1,0,1,1
40,3.1840498447418213,-4.189327716827393,-3200.0,-0.7343709468841553,1.8028029203414917,0.05450761318206787,0,0,36,0.05538242310285568,0.8064516129032259,0.3,0,36,wall,1,1,1,0,1,1
44,4.521451473236084,-8.447736740112305,-3200.0,-0.767953634262085,1.858975887298584,4.887580871582031e-05,0,0,11,0.044778671115636826,0.9316770186335405,0.3,0,11,wall,1,1,1,0,1,1
48,1.29189932346344,-0.689670979976654,-3200.0,-1.8612548112869263,2.843106985092163,0.12617027759552002,0,0,10,0.05299816280603409,0.9375,0.3,0,10,wall,1,1,1,0,1,1
52,0.862782895565033,-0.3076009452342987,-3200.0,-0.8382734656333923,1.9389417171478271,0.02633225917816162,0,0,16,0.0462329238653183,0.9036144578313253,0.3,0,16,wall,1,1,1,0,1,1
56,2.0824337005615234,-1.791954517364502,-3200.0,-0.8164957165718079,1.9168277978897095,0.0003209114074707031,0,0,19,0.07659685611724854,0.8875739644970414,0.3,0,19,wall,1,1,1,0,1,1
60,1.0845767259597778,-0.48607712984085083,-3200.0,-1.4618051052093506,2.563577651977539,0.01836174726486206,0,0,16,0.046303968876600266,0.9036144578313253,0.3,0,16,wall,1,1,1,0,1,1
64,2.455267906188965,-2.4910495281219482,-3200.0,-2.8339028358459473,2.834054708480835,0.5069671869277954,0,0,19,0.053505584597587585,0.8875739644970414,0.3,0,19,wall,1,1,1,0,1,1
68,3.7108800411224365,-5.690342903137207,-3200.000244140625,-2.8108341693878174,3.1365745067596436,0.3911834955215454,0,0,15,0.022971579805016518,0.9090909090909091,0.3,0,15,wall,1,1,1,0,1,1
72,4.0314788818359375,-6.7160420417785645,-3200.0,-1.3253929615020752,2.1977691650390625,0.24848401546478271,0,0,12,0.03265460208058357,0.9259259259259258,0.3,0,12,wall,1,1,1,0,1,1
76,2.222397804260254,-2.0409305095672607,-3200.000244140625,-2.98224139213562,3.6521010398864746,0.06691592931747437,0,0,15,0.04353508725762367,0.9090909090909091,0.3,0,15,wall,1,1,1,0,1,1
80,6.248018741607666,-16.131296157836914,-3200.0,-1.5368878841400146,2.6265597343444824,0.030583202838897705,0,0,12,0.03383525833487511,0.9259259259259258,0.3,0,12,wall,1,1,1,0,1,1
84,3.0992701053619385,-3.9692044258117676,-3200.0,-2.4897522926330566,2.748081922531128,0.4459006190299988,0,0,16,0.01143215224146843,0.9036144578313253,0.3,0,16,wall,1,1,1,0,1,1
88,1.022320032119751,-0.4318752884864807,-3200.000244140625,-1.8305107355117798,2.866940498352051,0.03126174211502075,0,0,7,0.015841664746403694,0.95,0.3,0,7,wall,1,1,1,0,1,1
92,7.290889739990234,-21.96573257446289,-3200.0,-1.8839166164398193,2.75260066986084,0.22145956754684448,0,0,6,0.03454769775271416,0.95,0.3,0,6,wall,1,1,1,0,1,1
96,5.170111179351807,-11.0454740524292,-3200.0,-5.097957611083984,2.741384983062744,0.9164273738861084,0,0,18,0.025890059769153595,0.8928571428571428,0.3,0,18,wall,1,1,1,0,1,1
100,6.093100547790527,-15.341269493103027,-3200.0,-2.0266170501708984,2.808840036392212,0.25879967212677,0,0,27,0.019882652908563614,0.8474576271186441,0.3,0,27,wall,1,1,1,0,1,1
104,8.635479927062988,-30.814672470092773,-3200.000244140625,-1.7749513387680054,2.7565176486968994,0.14550936222076416,0,0,15,0.026045339182019234,0.9090909090909091,0.3,0,15,wall,1,1,1,0,1,1
108,6.974008083343506,-20.09784507751465,-3200.0,-2.9133307933807373,3.593832492828369,0.1028670072555542,0,0,12,0.023367075249552727,0.9259259259259258,0.3,0,12,wall,1,1,1,0,1,1
112,4.671316623687744,-9.017024040222168,0.0,-3.874671220779419,4.092522621154785,0.19343876838684082,0,0,0,0.007894584909081459,0.5,0.3,0,0,wall,1,1,1,0,1,1
116,9.659952163696289,-38.55978012084961,-3200.0,-7.335676193237305,4.352745056152344,0.8750513792037964,0,0,1,0.025970924645662308,0.95,0.3,0,1,wall,1,1,1,0,1,1
120,5.433988094329834,-12.201745986938477,0.0,-1.4542351961135864,2.125061273574829,0.3322991728782654,0,0,0,0.04330901429057121,0.5,0.3,0,0,wall,1,1,1,0,1,1
124,5.647843837738037,-13.181048393249512,-3200.0,-8.47687816619873,4.711617946624756,0.9317747950553894,0,0,5,0.05972548574209213,0.95,0.3,0,5,wall,1,1,1,0,1,1
128,6.182338714599609,-15.793930053710938,-2338.47900390625,-0.8901898860931396,1.905862808227539,0.14260870218276978,5,0,11,0.03508364409208298,0.9036144578313253,0.3,0,16,wall,1,1,1,0,1,1
132,6.860294342041016,-19.447782516479492,-76.46562957763672,-0.5960690975189209,1.4189941883087158,0.19081562757492065,5,0,0,0.02444864995777607,0.95,0.3,0,5,wall,1,1,1,0,1,1
136,6.290868759155273,-16.353317260742188,-3200.0,-6.499922752380371,5.130572319030762,0.39918965101242065,0,0,27,0.09007848054170609,0.8474576271186441,0.3,0,27,wall,1,1,1,0,1,1
140,8.350983619689941,-28.817737579345703,-1376.021240234375,-0.3178764879703522,0.551459550857544,0.24763435125350952,12,9,0,0.12826405465602875,0.8771929824561403,0.3,0,21,wall,1,1,1,0,1,1
144,8.921457290649414,-32.88941955566406,-1382.8309326171875,-0.021709049120545387,0.30787941813468933,0.012567520141601562,26,0,0,0.03733716160058975,0.8522727272727273,0.3,0,26,wall,1,1,1,0,1,1
148,6.929739475250244,-19.843507766723633,-3200.000244140625,-0.019156847149133682,0.2926958501338959,0.005396783351898193,0,15,0,0.034669190645217896,0.9090909090909091,0.3,0,15,wall,1,1,1,0,1,1
152,4.92083740234375,-10.006050109863281,-3200.0,-0.039126358926296234,0.3131934106349945,0.06515747308731079,0,0,12,0.05541796609759331,0.9259259259259258,0.3,0,12,wall,1,1,1,0,1,1
156,6.333752155303955,-16.577030181884766,0.0,-0.08556114137172699,0.5967172980308533,0.039703428745269775,0,0,0,0.04048487916588783,0.5,0.3,0,0,wall,1,1,1,0,1,1
160,4.308285713195801,-7.669968605041504,-3200.0,-0.10678558051586151,0.6863129734992981,0.022754013538360596,0,3,3,0.02778276987373829,0.95,0.3,0,6,wall,1,1,1,0,1,1
164,1.9333980083465576,-1.5446394681930542,-3200.000244140625,-0.11463941633701324,0.7175214290618896,0.007525920867919922,0,14,0,0.018165655434131622,0.9146341463414634,0.3,0,14,wall,1,1,1,0,1,1
168,8.455772399902344,-29.545488357543945,-3200.0,-0.36229297518730164,1.2200560569763184,0.08785909414291382,0,0,8,0.0417138934135437,0.949367088607595,0.3,0,8,wall,1,1,1,0,1,1
172,2.4553489685058594,-2.4912140369415283,-2830.549560546875,-0.2786544859409332,0.9340245127677917,0.14412814378738403,2,1,12,0.05804403871297836,0.9090909090909091,0.3,0,15,wall,1,1,1,0,1,1
176,4.0441694259643555,-6.7583909034729,-2059.541748046875,-0.1676548272371292,0.8601354360580444,0.028207063674926758,13,15,0,0.041588474065065384,0.8426966292134831,0.3,0,28,wall,1,1,1,0,1,1
180,3.470975160598755,-4.97837495803833,-2886.547607421875,-0.19971096515655518,0.6815974712371826,0.15373891592025757,2,2,16,0.035410407930612564,0.8823529411764706,0.3,0,20,wall,1,1,1,0,1,1
184,5.745589733123779,-13.641240119934082,-2749.078125,-0.24881160259246826,0.7165282368659973,0.18167656660079956,6,23,0,0.1702188104391098,0.8379888268156425,0.3,0,29,wall,1,1,1,0,1,1
188,3.528465747833252,-5.144657135009766,-2102.430419921875,-0.4339659810066223,0.48627376556396484,0.30569201707839966,12,10,8,0.03816980496048927,0.8333333333333334,0.3,0,30,wall,1,1,1,0,1,1
192,4.416843414306641,-8.061365127563477,-2548.057373046875,-0.019901007413864136,0.17875352501869202,0.05600082874298096,8,0,22,0.02783956751227379,0.8333333333333334,0.3,0,30,wall,1,1,1,0,1,1
196,6.224557399749756,-16.0103759765625,-3200.000244140625,-0.009057832881808281,0.1997160166501999,0.0068972110748291016,0,0,14,0.02855580486357212,0.9146341463414634,0.3,0,14,wall,1,1,1,0,1,1
200,2.2275731563568115,-2.0504472255706787,-3200.0,-0.000312536780256778,0.022050345316529274,0.007078111171722412,0,0,13,0.024934278801083565,0.9202453987730062,0.3,0,13,wall,1,1,1,0,1,1
204,2.1495449542999268,-1.9093153476715088,-3200.0,-1.2541954517364502,0.7444906234741211,0.5264040231704712,0,0,16,0.0397883802652359,0.9036144578313253,0.3,0,16,wall,1,1,1,0,1,1
208,4.591276168823242,-8.710667610168457,-1647.10693359375,-0.08205850422382355,0.11012186855077744,0.1394420862197876,8,0,6,0.11065876483917236,0.9146341463414634,0.3,0,14,wall,1,1,1,0,1,1
212,4.461209774017334,-8.224128723144531,-2866.838623046875,-0.06928294897079468,0.06529045850038528,0.12939178943634033,2,0,15,0.08446014672517776,0.8982035928143713,0.3,0,17,wall,1,1,1,0,1,1
216,6.939175128936768,-19.8975830078125,0.0,-0.008792340755462646,0.06494416296482086,0.0438690185546875,0,0,0,0.03159036114811897,0.5,0.3,0,0,wall,1,1,1,0,1,1
220,2.3757688999176025,-2.332346200942993,0.0,-0.0030009562615305185,0.11583192646503448,0.002179741859436035,0,0,0,0.030445972457528114,0.5,0.3,0,0,wall,1,1,1,0,1,1
224,3.027230739593506,-3.7868289947509766,-1906.6568603515625,-0.07351109385490417,0.5587972402572632,0.031775832176208496,3,0,4,0.04696700721979141,0.95,0.3,0,7,wall,1,1,1,0,1,1
228,3.018483877182007,-3.764977216720581,-3200.0,-0.0859140157699585,0.5761638879776001,0.054546236991882324,0,0,10,0.037995584309101105,0.9375,0.3,0,10,wall,1,1,1,0,1,1
232,5.8088579177856445,-13.943318367004395,-2028.5037841796875,-0.14598241448402405,0.809647262096405,0.008706092834472656,13,22,0,0.07124805450439453,0.8108108108108107,0.3,0,35,wall,1,1,1,0,1,1
236,4.741257667541504,-9.28905963897705,-300.6893615722656,-0.17769812047481537,0.8931733965873718,0.010124742984771729,23,2,0,0.036776669323444366,0.8571428571428571,0.3,0,25,wall,1,1,1,0,1,1
240,5.185081481933594,-11.109532356262207,0.0,-0.11406057327985764,0.7141610383987427,0.013295114040374756,0,0,0,0.029694076627492905,0.5,0.3,0,0,wall,1,1,1,0,1,1
244,3.5549025535583496,-5.2220377922058105,0.0,-0.5320129990577698,1.5410633087158203,0.032316744327545166,0,0,0,0.0219695083796978,0.5,0.3,0,0,wall,1,1,1,0,1,1
248,5.8309760093688965,-14.049702644348145,0.0,-0.013527155853807926,0.19021457433700562,0.03666424751281738,0,0,0,0.024156026542186737,0.5,0.3,0,0,wall,1,1,1,0,1,1
252,4.789767742156982,-9.48011302947998,0.0,-0.9352124333381653,0.5800026059150696,0.45914244651794434,0,0,0,0.019116178154945374,0.5,0.3,0,0,wall,1,1,1,0,1,1
256,3.589322566986084,-5.323651313781738,0.0,-1.8060276508331299,0.5021821856498718,0.6547874212265015,0,0,0,0.014930500648915768,0.5,0.3,0,0,wall,1,1,1,0,1,1
260,1.5595977306365967,-1.005101203918457,-3005.263427734375,-0.04667837917804718,0.4233824908733368,0.04094982147216797,1,5,7,0.012614711187779903,0.9202453987730062,0.3,0,13,wall,1,1,1,0,1,1
264,1.6379648447036743,-1.1086481809616089,-495.1297912597656,-0.08396818488836288,0.6050501465797424,0.025315463542938232,36,2,2,0.013138310052454472,0.7894736842105263,0.3,0,40,wall,1,1,1,0,1,1
268,0.7507622241973877,-0.23291070759296417,-927.878662109375,-0.023703109472990036,0.326578289270401,0.0007600188255310059,42,0,3,0.011364761739969254,0.7692307692307692,0.3,0,45,wall,1,1,1,0,1,1
272,1.7030004262924194,-1.1984339952468872,-1296.9368896484375,-0.023185957223176956,0.3230120837688446,1.1920928955078125e-07,24,4,3,0.021321959793567657,0.8287292817679559,0.3,0,31,wall,1,1,1,0,1,1
276,0.7577133774757385,-0.2372436225414276,-1877.8858642578125,-0.04140467569231987,0.4316341280937195,0.0008413195610046387,12,5,9,0.01824503019452095,0.8522727272727273,0.3,0,26,wall,1,1,1,0,1,1
280,2.2425317764282227,-2.078077793121338,-1203.633056640625,-0.044714588671922684,0.4463205337524414,0.01047050952911377,36,17,1,0.014859426766633987,0.7352941176470589,0.3,0,54,wall,1,1,1,0,1,1
284,1.6307189464569092,-1.0988612174987793,-1070.173095703125,-0.058700259774923325,0.23302145302295685,0.10688912868499756,54,1,0,0.02894105203449726,0.7317073170731707,0.3,0,55,wall,1,1,1,0,1,1
288,3.213493824005127,-4.2671661376953125,-3200.0,-0.1485004872083664,0.0037452972028404474,0.19074028730392456,0,13,0,0.016543427482247353,0.9202453987730062,0.3,0,13,wall,1,1,1,0,1,1
292,3.442192316055298,-4.896152019500732,-3200.0,-0.15655533969402313,0.8314654231071472,0.0267716646194458,0,0,10,0.018731558695435524,0.9375,0.3,0,10,wall,1,1,1,0,1,1
296,1.033146858215332,-0.4410712420940399,-3200.0,-0.5398344993591309,1.4346351623535156,0.1421375870704651,0,0,9,0.009719380177557468,0.9433962264150942,0.3,0,9,wall,1,1,1,0,1,1
300,2.092424154281616,-1.8091894388198853,-558.7990112304688,-0.11107336729764938,0.6937780976295471,0.03173857927322388,11,2,0,0.01672915369272232,0.9202453987730062,0.3,0,13,wall,1,1,1,0,1,1
304,3.422151565551758,-4.839306354522705,-2133.7158203125,-0.6734458208084106,0.6120076179504395,0.3802655339241028,6,0,0,0.025043237954378128,0.95,0.3,0,6,wall,1,1,1,0,1,1
308,1.120216965675354,-0.5185478925704956,-1987.8270263671875,-0.281816303730011,1.1261157989501953,0.0014113187789916992,4,6,0,0.011210732161998749,0.9375,0.3,0,10,wall,1,1,1,0,1,1
312,1.097388505935669,-0.49762871861457825,-3191.510009765625,-0.10231279581785202,0.019961824640631676,0.158255934715271,1,21,0,0.015413462184369564,0.872093023255814,0.3,0,22,wall,1,1,1,0,1,1
316,1.8675124645233154,-1.4411580562591553,-1841.36962890625,-0.06428546458482742,0.5371681451797485,0.006325840950012207,20,9,13,0.04025529697537422,0.78125,0.3,0,42,wall,1,1,1,0,1,1
320,0.6828691363334656,-0.1926901787519455,-1969.6650390625,-0.34287229180336,1.2374284267425537,0.025234699249267578,32,40,7,0.04722312465310097,0.6550218340611353,0.3,0,79,wall,1,1,1,0,1,1
324,0.6883978843688965,-0.19582298398017883,-2047.738037109375,-0.0007746363990008831,0.05817883461713791,0.0023459792137145996,24,0,10,0.022008763626217842,0.8152173913043479,0.3,0,34,wall,1,1,1,0,1,1
328,3.1164941787719727,-4.013444423675537,-361.9584045410156,-0.0513630285859108,0.3173217177391052,0.08427196741104126,5,0,0,0.03065081685781479,0.95,0.3,0,5,wall,1,1,1,0,1,1
332,0.022966664284467697,-0.00021796184591948986,-2987.4150390625,-0.006402573548257351,0.16964790225028992,0.0013027191162109375,4,13,0,0.021354271098971367,0.8982035928143713,0.3,0,17,wall,1,1,1,0,1,1
336,1.261203646659851,-0.6572870016098022,-2107.361328125,-0.04984332621097565,0.316271036863327,0.08225375413894653,10,0,19,0.01947091333568096,0.8379888268156425,0.3,0,29,wall,1,1,1,0,1,1
340,2.275298833847046,-2.139249801635742,-1582.17724609375,-0.29185518622398376,1.1457310914993286,0.005942642688751221,28,5,22,0.01662351004779339,0.7317073170731707,0.3,0,55,wall,1,1,1,0,1,1
344,1.209125280380249,-0.6041255593299866,-2338.38623046875,-0.1051446720957756,0.687846839427948,0.0009836554527282715,17,25,17,0.011686415411531925,0.7177033492822966,0.3,0,59,wall,1,1,1,0,1,1
348,0.12723207473754883,-0.006689256522804499,-2429.102783203125,-0.1692868173122406,0.8721293807029724,0.008018672466278076,18,46,6,0.012589492835104465,0.6818181818181818,0.3,0,70,wall,1,1,1,0,1,1
352,1.3370379209518433,-0.7387067079544067,-1971.3416748046875,-0.009194479323923588,0.20137934386730194,0.006687819957733154,30,31,13,0.011151996441185474,0.6696428571428571,0.3,0,74,wall,1,1,1,0,1,1
356,1.0404585599899292,-0.447336345911026,-2722.1240234375,-0.09923924505710602,0.6679999828338623,0.00438159704208374,11,50,10,0.01163096260279417,0.6787330316742082,0.3,0,71,wall,1,1,1,0,1,1
360,0.14144569635391235,-0.00826730765402317,-2270.05908203125,-0.047692444175481796,0.4419811964035034,0.03238934278488159,7,15,2,0.011914286762475967,0.8620689655172414,0.3,0,24,wall,1,1,1,0,1,1
364,4.349977016448975,-7.819131851196289,0.0,-0.15884776413440704,0.8368997573852539,0.02801334857940674,0,0,0,0.015072198584675789,0.5,0.3,0,0,wall,1,1,1,0,1,1
368,3.01186466217041,-3.7484829425811768,0.0,-0.13245847821235657,0.7713518142700195,0.007666349411010742,0,0,0,0.013719439506530762,0.5,0.3,0,0,wall,1,1,1,0,1,1
372,0.21834656596183777,-0.01970050483942032,0.0,-0.1727050542831421,0.8799692988395691,0.012405574321746826,0,0,0,0.006926975212991238,0.5,0.3,0,0,wall,1,1,1,0,1,1
376,0.09389886260032654,-0.0036433867644518614,0.0,-0.06616002321243286,0.5451546311378479,0.00535428524017334,0,0,0,0.01061292178928852,0.5,0.3,0,0,wall,1,1,1,0,1,1
380,0.19860456883907318,-0.016299080103635788,0.0,-0.019598664715886116,0.2933070957660675,0.0108567476272583,0,0,0,0.010754762217402458,0.5,0.3,0,0,wall,1,1,1,0,1,1
384,3.6830945014953613,-5.605448246002197,0.0,-0.9603827595710754,2.078859806060791,0.001872241497039795,0,0,0,0.009982851333916187,0.5,0.3,0,0,wall,1,1,1,0,1,1
388,1.4589821100234985,-0.8795986175537109,0.0,-0.14258970320224762,0.7886002659797668,0.032802462577819824,0,0,0,0.01858532428741455,0.5,0.3,0,0,wall,1,1,1,0,1,1
392,0.9436348676681519,-0.36795318126678467,0.0,-0.4604352116584778,1.2205179929733276,0.17805248498916626,0,0,0,0.008620789274573326,0.5,0.3,0,0,wall,1,1,1,0,1,1
396,1.8111283779144287,-1.355448603630066,0.0,-1.0072929859161377,1.3208560943603516,0.3896148204803467,0,0,0,0.013290883041918278,0.5,0.3,0,0,wall,1,1,1,0,1,1
400,0.7209783792495728,-0.21479743719100952,0.0,-2.439500331878662,3.287383556365967,0.09644919633865356,0,0,0,0.009008719585835934,0.5,0.3,0,0,wall,1,1,1,0,1,1
404,3.7331137657165527,-5.758734226226807,-2608.6396484375,-2.658029556274414,3.3897581100463867,0.1600797176361084,3,0,13,0.027887774631381035,0.9036144578313253,0.3,0,16,wall,1,1,1,0,1,1
408,1.664118766784668,-1.144335150718689,-3200.0,-3.124974250793457,3.358530282974243,0.38923031091690063,0,0,29,0.020760171115398407,0.8379888268156425,0.3,0,29,wall,1,1,1,0,1,1
412,3.116163730621338,-4.0125932693481445,-861.9771728515625,-0.281114399433136,1.10886549949646,0.04392129182815552,11,0,4,0.014234164729714394,0.9090909090909091,0.3,0,15,wall,1,1,1,0,1,1
416,1.8604366779327393,-1.43025803565979,-1062.55224609375,-0.35170120000839233,1.0654358863830566,0.1560896635055542,16,0,5,0.014372947625815868,0.8771929824561403,0.3,0,21,wall,1,1,1,0,1,1
420,4.409942150115967,-8.03619384765625,-2115.490478515625,-0.3418204188346863,1.0317248106002808,0.16059976816177368,6,5,6,0.013627961277961731,0.8982035928143713,0.3,0,17,wall,1,1,1,0,1,1
424,1.081027865409851,-0.48290133476257324,-2779.21630859375,-0.027621209621429443,0.2593863606452942,0.05571448802947998,8,26,21,0.009713391773402691,0.7317073170731707,0.3,0,55,wall,1,1,1,0,1,1
428,1.1525845527648926,-0.548946738243103,-1762.6270751953125,-0.0457027368247509,0.4485498070716858,0.01559215784072876,21,18,3,0.025801239535212517,0.78125,0.3,0,42,wall,1,1,1,0,1,1
432,1.5697789192199707,-1.0182667970657349,-545.6383666992188,-0.1468401402235031,0.8118137717247009,0.009730398654937744,47,0,6,0.02222863771021366,0.7389162561576355,0.3,0,53,wall,1,1,1,0,1,1
436,2.955674648284912,-3.609922409057617,-1169.5621337890625,-0.15335030853748322,0.8224482536315918,0.027266323566436768,23,12,0,0.013231397606432438,0.8108108108108107,0.3,0,35,wall,1,1,1,0,1,1
440,4.967106819152832,-10.19510269165039,-1618.991943359375,-0.020163821056485176,0.2978200912475586,0.010539829730987549,14,14,0,0.02086818590760231,0.8426966292134831,0.3,0,28,wall,1,1,1,0,1,1
444,1.2715638875961304,-0.6681299805641174,-977.4134521484375,-0.33156248927116394,1.213107943534851,0.03332686424255371,23,0,7,0.013701456598937511,0.8333333333333334,0.3,0,30,wall,1,1,1,0,1,1
448,1.6740480661392212,-1.158031702041626,-3132.764404296875,-0.026042388752102852,0.3423186242580414,0.0006887316703796387,1,12,23,0.01617959886789322,0.8064516129032259,0.3,0,36,wall,1,1,1,0,1,1
452,0.7835718989372253,-0.2537127733230591,-3083.825927734375,-0.30110234022140503,1.1606913805007935,0.02054917812347412,2,41,4,0.012463923543691635,0.7614213197969543,0.3,0,47,wall,1,1,1,0,1,1
456,1.0868088006973267,-0.48807990550994873,-774.9703369140625,-1.052573800086975,0.6499897837638855,0.4846426844596863,51,5,0,0.02373795583844185,0.7281553398058253,0.3,0,56,wall,1,1,1,0,1,1
460,3.8148632049560547,-6.013710975646973,-2616.753662109375,-0.3247729241847992,1.20891535282135,0.00031703710556030273,8,35,0,0.017981696873903275,0.7772020725388601,0.3,0,43,wall,1,1,1,0,1,1
464,2.800236463546753,-3.2402164936065674,-1912.209228515625,-0.07373006641864777,0.5759760737419128,0.001416921615600586,32,35,4,0.010723147541284561,0.6787330316742082,0.3,0,71,wall,1,1,1,0,1,1
468,0.21596767008304596,-0.01927356794476509,-1288.3309326171875,-0.09307488799095154,0.500195324420929,0.09582066535949707,44,20,7,0.011301442980766296,0.6787330316742082,0.3,0,71,wall,1,1,1,0,1,1
472,1.097307562828064,-0.49755531549453735,-2529.9296875,-1.271807074546814,0.03336302936077118,0.5581506490707397,3,9,0,0.024730531498789787,0.9259259259259258,0.3,0,12,wall,1,1,1,0,1,1
476,2.1724460124969482,-1.9502153396606445,-2330.65771484375,-0.28377360105514526,1.1297979354858398,0.0054108500480651855,6,15,0,0.017319627106189728,0.8771929824561403,0.3,0,21,wall,1,1,1,0,1,1
480,4.81092643737793,-9.564054489135742,0.0,-0.11622510105371475,0.28424039483070374,0.15516585111618042,0,0,0,0.01135212928056717,0.5,0.3,0,0,wall,1,1,1,0,1,1
484,0.25861313939094543,-0.02763667330145836,-1135.483642578125,-0.11440417170524597,0.7139165997505188,0.01673150062561035,39,16,5,0.01136777363717556,0.7142857142857143,0.3,0,60,wall,1,1,1,0,1,1
488,0.08549369126558304,-0.003020318690687418,-1197.4326171875,-0.01024754997342825,0.21468660235404968,0.0011343955993652344,40,6,6,0.013972515240311623,0.7425742574257426,0.3,0,52,wall,1,1,1,0,1,1
492,2.283604145050049,-2.154895782470703,-1053.96923828125,-0.18922345340251923,0.8784420490264893,0.06593269109725952,17,2,5,0.034422434866428375,0.8620689655172414,0.3,0,24,wall,1,1,1,0,1,1
496,1.9894322156906128,-1.635471224784851,-2514.49560546875,-0.14593498408794403,0.8093683123588562,0.00942152738571167,7,12,10,0.014345468021929264,0.8379888268156425,0.3,0,29,wall,1,1,1,0,1,1
500,1.824613332748413,-1.3757081031799316,-2046.01171875,-0.050908904522657394,0.4379950761795044,0.045034170150756836,21,21,16,0.019960297271609306,0.7211538461538461,0.3,0,58,wall,1,1,1,0,1,1
504,1.2448989152908325,-0.6404021978378296,-1681.093505859375,-0.0846889317035675,0.4392015337944031,0.10122531652450562,31,18,15,0.013619938865303993,0.7009345794392523,0.3,0,64,wall,1,1,1,0,1,1
508,2.056971311569214,-1.748401165008545,-1660.013427734375,-0.21925809979438782,0.9917889833450317,0.012814342975616455,13,14,0,0.016109559684991837,0.8474576271186441,0.3,0,27,wall,1,1,1,0,1,1
512,1.6949325799942017,-1.1871058940887451,-3200.0,-0.014942134730517864,0.25930505990982056,0.00016421079635620117,0,27,0,0.01932997815310955,0.8474576271186441,0.3,0,27,wall,1,1,1,0,1,1
516,1.923634648323059,-1.5290786027908325,0.0,-0.011527184396982193,0.227696031332016,0.001208961009979248,0,0,0,0.008465741761028767,0.5,0.3,0,0,wall,1,1,1,0,1,1
520,1.1966180801391602,-0.5916920304298401,0.0,-0.21244511008262634,0.0134279141202569,0.2281211018562317,0,0,0,0.007382797542959452,0.5,0.3,0,0,wall,1,1,1,0,1,1
524,1.297079086303711,-0.6952124238014221,0.0,-0.1369466930627823,0.7693777084350586,0.03638654947280884,0,0,0,0.007567600812762976,0.5,0.3,0,0,wall,1,1,1,0,1,1
528,0.35716062784194946,-0.052712276577949524,0.0,-4.982590689905919e-05,0.014726064167916775,0.0006330013275146484,0,0,0,0.009850806556642056,0.5,0.3,0,0,wall,1,1,1,0,1,1
532,0.2883974313735962,-0.03436904028058052,0.0,-0.6031039357185364,1.6473582983016968,0.0031145215034484863,0,0,0,0.008954961784183979,0.5,0.3,0,0,wall,1,1,1,0,1,1
536,0.9656273126602173,-0.38530415296554565,0.0,-0.5764986872673035,1.5669910907745361,0.08692508935928345,0,0,0,0.010329771786928177,0.5,0.3,0,0,wall,1,1,1,0,1,1
540,1.2578105926513672,-0.6537551283836365,0.0,-0.9377893805503845,1.9764939546585083,0.1306508183479309,0,0,0,0.013273423537611961,0.5,0.3,0,0,wall,1,1,1,0,1,1
544,0.557388424873352,-0.1283809244632721,0.0,-1.5432122945785522,2.4814109802246094,0.20700424909591675,0,0,0,0.011012054048478603,0.5,0.3,0,0,wall,1,1,1,0,1,1
548,3.5032765865325928,-5.071465492248535,0.0,-1.6451976299285889,2.0469329357147217,0.41827595233917236,0,0,0,0.012617342174053192,0.5,0.3,0,0,wall,1,1,1,0,1,1
552,0.1624113917350769,-0.010899776592850685,-2342.465576171875,-5.2594451904296875,2.9194233417510986,0.9080376625061035,3,0,8,0.01285838894546032,0.9316770186335405,0.3,0,11,wall,1,1,1,0,1,1
556,2.547009229660034,-2.6806840896606445,-2482.17626953125,-2.568450927734375,2.913511276245117,0.4087984561920166,4,3,6,0.03370879217982292,0.9202453987730062,0.3,0,13,wall,1,1,1,0,1,1
560,0.6321297883987427,-0.16511903703212738,-2676.542236328125,-1.5444809198379517,2.5899863243103027,0.11481684446334839,4,5,12,0.020984459668397903,0.8771929824561403,0.3,0,21,wall,1,1,1,0,1,1
564,0.1472412347793579,-0.008958669379353523,-1933.649658203125,-1.3212119340896606,2.4382758140563965,0.0037944912910461426,7,0,7,0.015073195099830627,0.9146341463414634,0.3,0,14,wall,1,1,1,0,1,1
568,0.16130009293556213,-0.010751123540103436,-2502.334228515625,-0.31720587611198425,1.1947470903396606,0.0005598664283752441,5,14,0,0.011740933172404766,0.8875739644970414,0.3,0,19,wall,1,1,1,0,1,1
572,0.19129575788974762,-0.015121513977646828,-311.763916015625,-0.6677902340888977,1.7334457635879517,0.003475368022918701,8,0,0,0.01084695104509592,0.949367088607595,0.3,0,8,wall,1,1,1,0,1,1
576,0.08645747601985931,-0.003088799538090825,-989.4378051757812,-0.3671971559524536,1.2751082181930542,0.03797394037246704,35,2,13,0.010457584634423256,0.75,0.3,0,50,wall,1,1,1,0,1,1
580,3.0712482929229736,-3.897754192352295,-1307.2896728515625,-0.2369520217180252,1.0326093435287476,0.0003339052200317383,18,12,0,0.034592002630233765,0.8333333333333334,0.3,0,30,wall,1,1,1,0,1,1
584,0.5104666352272034,-0.10767610371112823,-3088.3740234375,-0.022506527602672577,0.19765064120292664,0.058199524879455566,1,4,16,0.030391858890652657,0.8771929824561403,0.3,0,21,wall,1,1,1,0,1,1
588,0.5878684520721436,-0.14280548691749573,-1108.36181640625,-0.03739277645945549,0.37438932061195374,0.03911387920379639,1,0,0,0.02308446727693081,0.95,0.3,0,1,wall,1,1,1,0,1,1
592,3.199153184890747,-4.229165554046631,-2218.222412109375,-0.27554014325141907,1.0553163290023804,0.08290332555770874,15,15,17,0.028637714684009552,0.7614213197969543,0.3,0,47,wall,1,1,1,0,1,1
596,5.163894176483154,-11.018926620483398,-2992.522216796875,-0.2889818847179413,1.115238904953003,0.05554145574569702,2,5,17,0.024668972939252853,0.8620689655172414,0.3,0,24,wall,1,1,1,0,1,1
600,0.4415110945701599,-0.0805504247546196,-2970.398193359375,-0.013620004989206791,0.24736641347408295,0.0023319125175476074,5,15,19,0.01142870169132948,0.7936507936507936,0.3,0,39,wall,1,1,1,0,1,1
604,0.497799277305603,-0.10239838808774948,-1610.2960205078125,-0.14501379430294037,0.7701700329780579,0.05686837434768677,18,12,4,0.010761048644781113,0.8152173913043479,0.3,0,34,wall,1,1,1,0,1,1
608,1.527390956878662,-0.9640178084373474,-1664.3477783203125,-0.0007608014857396483,0.05850654095411301,0.00017940998077392578,25,0,5,0.02687927521765232,0.8333333333333334,0.3,0,30,wall,1,1,1,0,1,1
612,0.4854857623577118,-0.09739521145820618,-1188.2874755859375,-0.010193541646003723,0.11892116814851761,0.04156261682510376,36,12,0,0.02074143849313259,0.7575757575757576,0.3,0,48,wall,1,1,1,0,1,1
616,0.2655554413795471,-0.029140368103981018,-1539.519775390625,-0.05754394456744194,0.49149632453918457,0.03076028823852539,33,29,0,0.014010573737323284,0.7075471698113207,0.3,0,62,wall,1,1,1,0,1,1
620,1.12605881690979,-0.5239704251289368,-1684.796142578125,-0.07635913789272308,0.520538330078125,0.06289446353912354,21,4,18,0.015751447528600693,0.7772020725388601,0.3,0,43,wall,1,1,1,0,1,1
624,2.9391889572143555,-3.569765090942383,-2739.08447265625,-0.15217110514640808,0.7107849717140198,0.09887242317199707,4,0,23,0.023373613134026527,0.8474576271186441,0.3,0,27,wall,1,1,1,0,1,1
628,2.6458663940429688,-2.8928134441375732,-3200.0,-0.022875385358929634,0.18518942594528198,0.061133384704589844,0,0,4,0.022669365629553795,0.95,0.3,0,4,wall,1,1,1,0,1,1
632,1.5829243659973145,-1.0353922843933105,-729.7349243164062,-0.18053564429283142,0.8894561529159546,0.034036338329315186,41,7,4,0.013487579300999641,0.7425742574257426,0.3,0,52,wall,1,1,1,0,1,1
636,3.4356725215911865,-4.877621650695801,-2173.03173828125,-0.045254696160554886,0.44707992672920227,0.014318525791168213,7,5,8,0.03410034254193306,0.8823529411764706,0.3,0,20,wall,1,1,1,0,1,1
640,3.7950620651245117,-5.951444625854492,-2805.101806640625,-0.37833017110824585,1.138608455657959,0.1486859917640686,5,16,18,0.022518625482916832,0.7936507936507936,0.3,0,39,wall,1,1,1,0,1,1
644,1.5669406652450562,-1.0145879983901978,-2414.86181640625,-0.1652931123971939,0.8623678684234619,0.0027673840522766113,14,37,0,0.036405034363269806,0.7462686567164178,0.3,0,51,wall,1,1,1,0,1,1
648,2.312915802001953,-2.2105698585510254,-2858.328369140625,-0.0922340601682663,0.4176701307296753,0.11445349454879761,7,26,32,0.043884482234716415,0.6976744186046512,0.3,0,65,wall,1,1,1,0,1,1
652,1.302809715270996,-0.701369047164917,-2213.328857421875,-0.18666522204875946,0.9154269695281982,0.010400772094726562,19,38,2,0.031754087656736374,0.7177033492822966,0.3,0,59,wall,1,1,1,0,1,1
656,1.2539308071136475,-0.6497282981872559,-2848.031005859375,-0.10374488681554794,0.2893548011779785,0.14442670345306396,6,28,20,0.013460568152368069,0.7352941176470589,0.3,0,54,wall,1,1,1,0,1,1
660,0.5679726004600525,-0.13330283761024475,-1092.7696533203125,-0.030165627598762512,0.0874488428235054,0.0835118293762207,23,1,7,0.02298019826412201,0.8287292817679559,0.3,0,31,wall,1,1,1,0,1,1
664,2.023862838745117,-1.692570447921753,0.0,-0.024838820099830627,0.31911158561706543,0.023266136646270752,0,0,0,0.00877701211720705,0.5,0.3,0,0,wall,1,1,1,0,1,1
668,0.06380003690719604,-0.0016820017481222749,0.0,-0.026454446837306023,0.3382418751716614,0.01588970422744751,0,0,0,0.007607164792716503,0.5,0.3,0,0,wall,1,1,1,0,1,1
672,1.1517813205718994,-0.5481818914413452,0.0,-1.083932876586914,2.2085506916046143,0.0002906918525695801,0,0,0,0.00655078561976552,0.5,0.3,0,0,wall,1,1,1,0,1,1
676,1.0702271461486816,-0.4733000099658966,0.0,-0.8412845730781555,1.942481279373169,0.026136457920074463,0,0,0,0.01454640831798315,0.5,0.3,0,0,wall,1,1,1,0,1,1
680,4.449845790863037,-8.182284355163574,0.0,-2.4177308082580566,2.57425856590271,0.481197714805603,0,0,0,0.027457742020487785,0.5,0.3,0,0,wall,1,1,1,0,1,1
684,0.2527371644973755,-0.026395071297883987,0.0,-2.8406243324279785,3.4802706241607666,0.19106638431549072,0,0,0,0.006792755331844091,0.5,0.3,0,0,wall,1,1,1,0,1,1
688,0.8367325067520142,-0.28930631279945374,-2561.9521484375,-1.8106733560562134,2.854473829269409,0.0007009506225585938,3,5,7,0.012573080137372017,0.9090909090909091,0.3,0,15,wall,1,1,1,0,1,1
692,3.221668243408203,-4.28890323638916,0.0,-0.5546121001243591,1.5797711610794067,0.0020543932914733887,0,0,0,0.007430343423038721,0.5,0.3,0,0,wall,1,1,1,0,1,1
696,0.722872257232666,-0.215927392244339,-3200.0,-1.0700020790100098,1.0829100608825684,0.44531315565109253,0,12,0,0.026878563687205315,0.9259259259259258,0.3,0,12,wall,1,1,1,0,1,1
700,2.7383980751037598,-3.0986874103546143,-3200.0,-0.18161697685718536,0.8763884902000427,0.051766157150268555,0,9,3,0.014082258567214012,0.9259259259259258,0.3,0,12,wall,1,1,1,0,1,1
704,3.472440481185913,-4.982579708099365,-2714.34716796875,-0.07880575209856033,0.5955016016960144,0.0004495382308959961,10,53,0,0.011926617473363876,0.7042253521126761,0.3,0,63,wall,1,1,1,0,1,1
708,3.3106155395507812,-4.528997898101807,-1688.9189453125,-0.5956699252128601,0.20856602489948273,0.37890738248825073,27,22,0,0.015745319426059723,0.7537688442211056,0.3,0,49,wall,1,1,1,0,1,1
712,1.642738699913025,-1.1151199340820312,-1389.9927978515625,-0.07035030424594879,0.5623273849487305,0.004453480243682861,34,20,1,0.01780964620411396,0.7317073170731707,0.3,0,55,wall,1,1,1,0,1,1
716,1.3170952796936035,-0.7168346643447876,-1413.9915771484375,-0.018438348546624184,0.27660343050956726,0.01875847578048706,27,18,0,0.025332512333989143,0.7692307692307692,0.3,0,45,wall,1,1,1,0,1,1
720,0.46396318078041077,-0.08895116299390793,-2218.695556640625,-0.10282427072525024,0.5972432494163513,0.07597130537033081,12,17,9,0.008530502207577229,0.7978723404255319,0.3,0,38,wall,1,1,1,0,1,1
724,0.8976041078567505,-0.3329310417175293,-1397.092041015625,-0.01764850504696369,0.2817979156970978,0.0006684064865112305,20,12,0,0.018621250987052917,0.8241758241758241,0.3,0,32,wall,1,1,1,0,1,1
728,0.8601098656654358,-0.3056979179382324,-1283.2857666015625,-0.03440793976187706,0.35954487323760986,0.03730648756027222,6,0,4,0.01834755204617977,0.9375,0.3,0,10,wall,1,1,1,0,1,1
732,0.6007575392723083,-0.14913620054721832,-2831.49658203125,-0.09644931554794312,0.5920646786689758,0.06741732358932495,6,17,5,0.009691900573670864,0.8426966292134831,0.3,0,28,wall,1,1,1,0,1,1
736,0.1447758674621582,-0.008661177940666676,-1283.1939697265625,-0.04094797745347023,0.02776237763464451,0.09995144605636597,19,8,4,0.012195364572107792,0.8287292817679559,0.3,0,31,wall,1,1,1,0,1,1
740,1.614480972290039,-1.0770862102508545,-3200.0,-0.05056929215788841,0.44603392481803894,0.03947097063064575,0,0,4,0.01606256514787674,0.95,0.3,0,4,wall,1,1,1,0,1,1
744,0.42379704117774963,-0.07421649992465973,-696.4802856445312,-0.3492789566516876,1.253474235534668,0.005509674549102783,18,0,5,0.015606892295181751,0.8670520231213873,0.3,0,23,wall,1,1,1,0,1,1
748,0.6642347574234009,-0.18231727182865143,-1456.1644287109375,-0.06925541907548904,0.542620837688446,0.030612051486968994,4,2,0,0.0170168187469244,0.95,0.3,0,6,wall,1,1,1,0,1,1
752,1.2004057168960571,-0.5954437255859375,-2803.865234375,-0.15472984313964844,0.2608713209629059,0.1849423050880432,1,4,3,0.021428756415843964,0.949367088607595,0.3,0,8,wall,1,1,1,0,1,1
756,2.3375511169433594,-2.257911205291748,-3200.0,-0.05604780837893486,0.11783891916275024,0.11391091346740723,0,36,4,0.014892425388097763,0.7894736842105263,0.3,0,40,wall,1,1,1,0,1,1
760,0.2952122986316681,-0.036012519150972366,-2146.924560546875,-0.10891605913639069,0.7000374794006348,0.0019492506980895996,13,22,2,0.015174545347690582,0.8021390374331552,0.3,0,37,wall,1,1,1,0,1,1
764,0.387554794549942,-0.06206557899713516,-3005.79345703125,-0.6530439853668213,0.5294934511184692,0.3804360032081604,4,37,0,0.015732016414403915,0.7853403141361256,0.3,0,41,wall,1,1,1,0,1,1
768,1.4926800727844238,-0.9206998944282532,0.0,-0.03964396193623543,0.42237159609794617,5.7578086853027344e-05,0,0,0,0.009524230845272541,0.5,0.3,0,0,wall,1,1,1,0,1,1
772,0.9201675653457642,-0.3498794734477997,-2216.5283203125,-0.14690804481506348,0.8069539070129395,0.023229897022247314,7,0,14,0.020148448646068573,0.8771929824561403,0.3,0,21,wall,1,1,1,0,1,1
776,1.712416172027588,-1.211722731590271,-3200.0,-0.7896136045455933,0.3045262396335602,0.4340580105781555,0,23,0,0.02590492181479931,0.8670520231213873,0.3,0,23,wall,1,1,1,0,1,1
780,1.291872501373291,-0.6896423697471619,0.0,-0.006165746599435806,0.16637201607227325,0.001898646354675293,0,0,0,0.012506757862865925,0.5,0.3,0,0,wall,1,1,1,0,1,1
784,0.8636183142662048,-0.30819693207740784,0.0,-0.13369646668434143,0.5494482517242432,0.12774670124053955,0,0,0,0.00940722692757845,0.5,0.3,0,0,wall,1,1,1,0,1,1
788,1.9522463083267212,-1.574903130531311,0.0,-0.21111878752708435,0.8938592076301575,0.09068542718887329,0,0,0,0.009652697481215,0.5,0.3,0,0,wall,1,1,1,0,1,1
792,1.179872989654541,-0.5752480030059814,0.0,-1.0484651327133179,1.8272366523742676,0.2740350365638733,0,0,0,0.009685575030744076,0.5,0.3,0,0,wall,1,1,1,0,1,1
796,1.6380786895751953,-1.108802318572998,0.0,-2.109391212463379,2.843433141708374,0.2767876982688904,0,0,0,0.008946559391915798,0.5,0.3,0,0,wall,1,1,1,0,1,1
800,1.4450358152389526,-0.8628630042076111,-646.965087890625,-2.617488145828247,2.585857629776001,0.5265293121337891,4,1,0,0.013420085422694683,0.95,0.3,0,5,wall,1,1,1,0,1,1
804,1.4069969654083252,-0.8180332183837891,-1711.695068359375,-1.7992913722991943,2.3651926517486572,0.3691297173500061,7,3,5,0.0160068366676569,0.9090909090909091,0.3,0,15,wall,1,1,1,0,1,1
808,2.2169671058654785,-2.030968189239502,-1276.0458984375,-0.2675943076610565,1.0334153175354004,0.08612090349197388,5,3,0,0.024956662207841873,0.949367088607595,0.3,0,8,wall,1,1,1,0,1,1
812,0.3136703670024872,-0.04065664857625961,-1214.415283203125,-0.5217244029045105,1.5321153402328491,0.004563808441162109,30,12,1,0.0148310586810112,0.7772020725388601,0.3,0,43,wall,1,1,1,0,1,1
816,0.28548166155815125,-0.0336775928735733,-49.46054458618164,-0.0828298032283783,0.5997326374053955,0.02666020393371582,27,0,0,0.012097981758415699,0.8474576271186441,0.3,0,27,wall,1,1,1,0,1,1
820,0.3396747410297394,-0.04767724126577377,-2705.77587890625,-0.1176045835018158,0.7220320105552673,0.020726501941680908,4,7,12,0.0123526556417346,0.8670520231213873,0.3,0,23,wall,1,1,1,0,1,1
824,0.1475401073694229,-0.008995075710117817,-1935.352783203125,-0.0020320629701018333,0.09441138058900833,0.003544628620147705,20,5,8,0.012072219513356686,0.819672131147541,0.3,0,33,wall,1,1,1,0,1,1
828,0.13464361429214478,-0.007491282187402248,-1602.33837890625,-0.08257964253425598,0.5978915691375732,0.0277402400970459,26,0,14,0.010380888357758522,0.7894736842105263,0.3,0,40,wall,1,1,1,0,1,1
832,0.1324700564146042,-0.007251369301229715,-1161.8155517578125,-0.016266213729977608,0.2695312201976776,0.005476534366607666,25,9,0,0.01032493356615305,0.8152173913043479,0.3,0,34,wall,1,1,1,0,1,1
836,0.5195975303649902,-0.11156263202428818,-1545.7196044921875,-0.09572157263755798,0.6562920212745667,0.0012316107749938965,16,4,9,0.05522624030709267,0.8379888268156425,0.3,0,29,wall,1,1,1,0,1,1
840,1.6656615734100342,-1.1464579105377197,-1084.552734375,-0.012670367956161499,0.19492168724536896,0.03218156099319458,20,3,5,0.026973599568009377,0.8426966292134831,0.3,0,28,wall,1,1,1,0,1,1
844,0.8526483178138733,-0.3004170060157776,-1301.057861328125,-0.05421734228730202,0.49392470717430115,0.0009455680847167969,26,13,0,0.019185522571206093,0.7936507936507936,0.3,0,39,wall,1,1,1,0,1,1
848,0.22226950526237488,-0.020414765924215317,-1070.0830078125,-0.02407335676252842,0.32910868525505066,0.0009782910346984863,20,0,3,0.023649754002690315,0.8670520231213873,0.3,0,23,wall,1,1,1,0,1,1
852,2.8813812732696533,-3.4307260513305664,-1181.87548828125,-0.20796479284763336,0.9670121669769287,0.0062999725341796875,20,10,1,0.03029417060315609,0.8287292817679559,0.3,0,31,wall,1,1,1,0,1,1
856,1.6784095764160156,-1.1640738248825073,-3200.0,-0.030659783631563187,0.37137892842292786,0.001594841480255127,0,5,12,0.016547437757253647,0.8982035928143713,0.3,0,17,wall,1,1,1,0,1,1
860,0.7022991180419922,-0.20381158590316772,-1878.43212890625,-1.725218415260315,0.766105592250824,0.6250792741775513,17,13,0,0.012938790023326874,0.8333333333333334,0.3,0,30,wall,1,1,1,0,1,1
864,1.503211259841919,-0.9337371587753296,-1622.5035400390625,-0.2811932861804962,1.0915758609771729,0.06340140104293823,17,7,8,0.0353078655898571,0.8241758241758241,0.3,0,32,wall,1,1,1,0,1,1
868,2.9033219814300537,-3.483172655105591,-1969.715576171875,-0.059395842254161835,0.4924713969230652,0.03671067953109741,12,11,8,0.030639253556728363,0.8287292817679559,0.3,0,31,wall,1,1,1,0,1,1
872,1.115558385848999,-0.5142439603805542,-1192.552490234375,-0.020116396248340607,0.223344087600708,0.0470392107963562,17,6,0,0.02544979192316532,0.8670520231213873,0.3,0,23,wall,1,1,1,0,1,1
876,2.2611701488494873,-2.112764358520508,-100.23833465576172,-0.3197443187236786,1.1986048221588135,0.010934174060821533,15,0,0,0.01640765741467476,0.9090909090909091,0.3,0,15,wall,1,1,1,0,1,1
880,0.8315021395683289,-0.2857007384300232,-2491.966796875,-0.4861404299736023,1.228628396987915,0.19214320182800293,5,11,0,0.027610067278146744,0.9036144578313253,0.3,0,16,wall,1,1,1,0,1,1
884,4.360609531402588,-7.857402801513672,-2187.574462890625,-0.24014461040496826,0.5306675434112549,0.20857477188110352,9,12,0,0.0390179418027401,0.8771929824561403,0.3,0,21,wall,1,1,1,0,1,1
888,2.310786008834839,-2.206500768661499,-1735.4610595703125,-0.013052413240075111,0.18174880743026733,0.037408530712127686,14,15,0,0.013040751218795776,0.8379888268156425,0.3,0,29,wall,1,1,1,0,1,1
892,1.6217557191848755,-1.0868146419525146,-1908.28369140625,-0.05141356587409973,0.4809516966342926,0.0015912652015686035,23,11,18,0.011469529941678047,0.7425742574257426,0.3,0,52,wall,1,1,1,0,1,1
896,0.3304867148399353,-0.0451328344643116,-1672.992431640625,-0.013769694603979588,0.11980748176574707,0.050912559032440186,27,16,5,0.010600310750305653,0.7575757575757576,0.3,0,48,wall,1,1,1,0,1,1
900,1.1453065872192383,-0.5420359969139099,-2561.901123046875,-0.3807773292064667,0.4760480225086212,0.2845209240913391,2,6,2,0.01359547208994627,0.9375,0.3,0,10,wall,1,1,1,0,1,1
904,4.319693565368652,-7.710640907287598,-3200.000244140625,-0.10041102021932602,0.670543372631073,0.010996818542480469,0,14,0,0.02004719339311123,0.9146341463414634,0.3,0,14,wall,1,1,1,0,1,1
908,0.7231608629226685,-0.2160998284816742,0.0,-0.1655304729938507,0.8630684018135071,7.039308547973633e-05,0,0,0,0.007178016472607851,0.5,0.3,0,0,wall,1,1,1,0,1,1
912,1.9464895725250244,-1.5656287670135498,0.0,-0.12062793970108032,0.5674798488616943,0.10963994264602661,0,0,0,0.01020738948136568,0.5,0.3,0,0,wall,1,1,1,0,1,1
916,0.6601404547691345,-0.18007661402225494,0.0,-0.031598612666130066,0.2665804922580719,0.06222987174987793,0,0,0,0.014348434284329414,0.5,0.3,0,0,wall,1,1,1,0,1,1
920,0.4207290709018707,-0.07314584404230118,0.0,-0.024628737941384315,0.29784733057022095,0.03470027446746826,0,0,0,0.007865971885621548,0.5,0.3,0,0,wall,1,1,1,0,1,1
924,2.1846046447753906,-1.9721063375473022,0.0,-0.6978262662887573,1.7713168859481812,0.012022197246551514,0,0,0,0.007563604507595301,0.5,0.3,0,0,wall,1,1,1,0,1,1
928,0.044123630970716476,-0.0008045019349083304,0.0,-0.5630024075508118,1.5825276374816895,0.039815306663513184,0,0,0,0.007888500578701496,0.5,0.3,0,0,wall,1,1,1,0,1,1
932,2.894423246383667,-3.461853265762329,0.0,-0.7490782141685486,0.8352506160736084,0.3814988136291504,0,0,0,0.011832055635750294,0.5,0.3,0,0,wall,1,1,1,0,1,1
936,0.3590754270553589,-0.05327898636460304,-3200.000244140625,-0.6648715734481812,1.2467540502548218,0.27975940704345703,0,0,7,0.00997082982212305,0.95,0.3,0,7,wall,1,1,1,0,1,1
940,3.2176718711853027,-4.278269290924072,-2730.448486328125,-1.5945419073104858,2.2716002464294434,0.33124053478240967,2,3,8,0.03351430594921112,0.9202453987730062,0.3,0,13,wall,1,1,1,0,1,1
944,1.3985649347305298,-0.8082577586174011,-3013.201416015625,-0.8899182081222534,1.8806781768798828,0.15957021713256836,1,8,8,0.014244738034904003,0.8982035928143713,0.3,0,17,wall,1,1,1,0,1,1
948,3.034428119659424,-3.804856777191162,-2619.208740234375,-0.6016291975975037,1.5955357551574707,0.09379798173904419,2,3,6,0.012432480230927467,0.9316770186335405,0.3,0,11,wall,1,1,1,0,1,1
952,0.27863481640815735,-0.03208155184984207,-3200.0,-1.2486891746520996,2.36802339553833,0.025094211101531982,0,0,11,0.03474689647555351,0.9316770186335405,0.3,0,11,wall,1,1,1,0,1,1
956,1.2148700952529907,-0.6098798513412476,-1802.1505126953125,-0.9705446362495422,2.08931040763855,0.011025428771972656,24,4,10,0.01194741204380989,0.7978723404255319,0.3,0,38,wall,1,1,1,0,1,1
960,0.3472265899181366,-0.049820784479379654,-1350.939208984375,-0.47773224115371704,1.4662108421325684,0.0010647177696228027,44,27,0,0.01276620663702488,0.6787330316742082,0.3,0,71,wall,1,1,1,0,1,1
964,1.4098089933395386,-0.8213062882423401,-2662.225830078125,-0.36645305156707764,1.284148931503296,0.00011628866195678711,2,0,7,0.02368507720530033,0.9433962264150942,0.3,0,9,wall,1,1,1,0,1,1
968,1.8576817512512207,-1.4260252714157104,-2580.17626953125,-0.3609198033809662,1.274229884147644,0.005097389221191406,8,23,9,0.010980087332427502,0.7894736842105263,0.3,0,40,wall,1,1,1,0,1,1
972,0.3735497295856476,-0.05766090750694275,-1162.7254638671875,-1.2190428972244263,0.3046722412109375,0.5418594479560852,20,6,0,0.01085002813488245,0.8522727272727273,0.3,0,26,wall,1,1,1,0,1,1
976,1.8248845338821411,-1.3761171102523804,-2457.899169921875,-0.5038834810256958,0.4894656538963318,0.33227676153182983,9,10,19,0.018819350749254227,0.7978723404255319,0.3,0,38,wall,1,1,1,0,1,1
980,0.8377130031585693,-0.28998473286628723,-2139.53955078125,-0.024105172604322433,0.15771663188934326,0.06746470928192139,16,4,10,0.01351088471710682,0.8333333333333334,0.3,0,30,wall,1,1,1,0,1,1
984,1.4143506288528442,-0.8266064524650574,-100.88255310058594,-0.26195231080055237,1.084920883178711,0.00971066951751709,52,1,0,0.01051308959722519,0.7389162561576355,0.3,0,53,wall,1,1,1,0,1,1
988,0.20775911211967468,-0.017836298793554306,-1215.0281982421875,-0.021720455959439278,0.31256386637687683,0.0015805363655090332,32,13,0,0.0123833529651165,0.7692307692307692,0.3,0,45,wall,1,1,1,0,1,1
992,0.5196808576583862,-0.1115984246134758,-962.7857055664062,-0.3320671021938324,0.4103827476501465,0.2686768174171448,36,5,1,0.010234205052256584,0.78125,0.3,0,42,wall,1,1,1,0,1,1
996,0.4885728359222412,-0.09863776713609695,-918.6927490234375,-0.20680373907089233,0.9646332859992981,0.0023270249366760254,36,9,4,0.01143185980618,0.7537688442211056,0.3,0,49,wall,1,1,1,0,1,1
1000,0.24652311205863953,-0.025113074108958244,-1339.21923828125,-0.0812268853187561,0.4443095922470093,0.09566950798034668,28,5,5,0.00935392640531063,0.7978723404255319,0.3,0,38,wall,1,1,1,0,1,1
1004,0.1032572090625763,-0.004405805841088295,-2631.148193359375,-0.14489907026290894,0.08625710010528564,0.18733710050582886,7,13,17,0.01064612902700901,0.8021390374331552,0.3,0,37,wall,1,1,1,0,1,1
1008,0.8801885843276978,-0.3201371431350708,-2086.086669921875,-0.11658859252929688,0.7243263721466064,2.759695053100586e-05,14,16,2,0.011805740185081959,0.8241758241758241,0.3,0,32,wall,1,1,1,0,1,1
1012,0.8341304659843445,-0.2875097692012787,-1940.36962890625,-0.6681927442550659,1.2090739011764526,0.29002946615219116,12,17,0,0.013891305774450302,0.8379888268156425,0.3,0,29,wall,1,1,1,0,1,1
1016,1.925114631652832,-1.5314322710037231,-2060.19384765625,-0.009645096026360989,0.19311223924160004,0.018239736557006836,11,10,1,0.018393954262137413,0.872093023255814,0.3,0,22,wall,1,1,1,0,1,1
1020,0.4111383855342865,-0.06984908133745193,-1656.6666259765625,-0.32354843616485596,1.190808892250061,0.04545038938522339,15,5,10,0.010101044550538063,0.8333333333333334,0.3,0,30,wall,1,1,1,0,1,1
1024,3.9333248138427734,-6.392993450164795,-1867.2783203125,-0.19999340176582336,0.8399664759635925,0.10288560390472412,8,8,0,0.014865390956401825,0.9036144578313253,0.3,0,16,wall,1,1,1,0,1,1
1028,2.1352460384368896,-1.8839980363845825,-1876.9583740234375,-0.16732190549373627,0.5985577702522278,0.1465877890586853,13,0,14,0.011286760680377483,0.8474576271186441,0.3,0,27,wall,1,1,1,0,1,1
1032,4.085980415344238,-6.898857593536377,-1701.2279052734375,-0.18772080540657043,0.7461895942687988,0.125207781791687,16,0,13,0.018635038286447525,0.8379888268156425,0.3,0,29,wall,1,1,1,0,1,1
1036,3.929854393005371,-6.381716728210449,-1279.397216796875,-0.08468875288963318,0.6162509322166443,0.00852280855178833,20,6,7,0.021599141880869865,0.819672131147541,0.3,0,33,wall,1,1,1,0,1,1
1040,0.17636486887931824,-0.012853126041591167,-1200.3519287109375,-0.05909789353609085,0.47411441802978516,0.04733622074127197,21,4,8,0.008806578814983368,0.819672131147541,0.3,0,33,wall,1,1,1,0,1,1
1044,0.8271048665046692,-0.2826869487762451,-3154.24462890625,-7.816529250703752e-05,0.002302202396094799,0.0043430328369140625,4,0,4,0.017122440040111542,0.949367088607595,0.3,0,8,wall,1,1,1,0,1,1
1048,1.9059392213821411,-1.501076102256775,-2147.538330078125,-0.039240237325429916,0.40356138348579407,0.02733016014099121,6,12,0,0.02202809974551201,0.8928571428571428,0.3,0,18,wall,1,1,1,0,1,1
1052,1.5023906230926514,-0.9327179789543152,0.0,-0.026521505787968636,0.2717389166355133,0.04977428913116455,0,0,0,0.0068265884183347225,0.5,0.3,0,0,wall,1,1,1,0,1,1
1056,0.660291314125061,-0.18015891313552856,0.0,-0.03389042615890503,0.38642817735671997,0.01315838098526001,0,0,0,0.006688347551971674,0.5,0.3,0,0,wall,1,1,1,0,1,1
1060,0.3234562575817108,-0.04323303699493408,0.0,-0.003854511771351099,0.13170108199119568,8.344650268554688e-05,0,0,0,0.007721979636698961,0.5,0.3,0,0,wall,1,1,1,0,1,1
1064,0.6523443460464478,-0.17584839463233948,0.0,-0.03460659459233284,0.393748939037323,0.0061356425285339355,0,0,0,0.010124899446964264,0.5,0.3,0,0,wall,1,1,1,0,1,1
1068,3.6390106678009033,-5.472064971923828,0.0,-0.5774239301681519,1.6081002950668335,0.02600497007369995,0,0,0,0.011473855003714561,0.5,0.3,0,0,wall,1,1,1,0,1,1
1072,1.8556578159332275,-1.422919750213623,0.0,-0.7631266117095947,1.7787619829177856,0.12126052379608154,0,0,0,0.007546264212578535,0.5,0.3,0,0,wall,1,1,1,0,1,1
1076,0.27436670660972595,-0.031106233596801758,0.0,-2.287041187286377,2.806588888168335,0.3625870943069458,0,0,0,0.009057978168129921,0.5,0.3,0,0,wall,1,1,1,0,1,1
1080,0.41589123010635376,-0.07147334516048431,0.0,-0.570144772529602,1.5800470113754272,0.061337292194366455,0,0,0,0.008865083567798138,0.5,0.3,0,0,wall,1,1,1,0,1,1
1084,0.19062896072864532,-0.015016281045973301,-2514.1171875,-0.3856319189071655,1.3075886964797974,0.03730076551437378,3,9,0,0.01143439207226038,0.9259259259259258,0.3,0,12,wall,1,1,1,0,1,1
1088,0.6440317034721375,-0.17139537632465363,-1699.38134765625,-0.2950234115123749,1.1521847248077393,0.0020284652709960938,17,0,9,0.009877690114080906,0.8522727272727273,0.3,0,26,wall,1,1,1,0,1,1
1092,0.34200403094291687,-0.048333365470170975,-1678.9183349609375,-0.8171818256378174,0.1605839878320694,0.44587618112564087,30,8,0,0.009672213345766068,0.7978723404255319,0.3,0,38,wall,1,1,1,0,1,1
1096,0.920086681842804,-0.3498179614543915,-959.8189697265625,-0.03273268789052963,0.3683696985244751,0.025131702423095703,31,1,11,0.012406853027641773,0.7772020725388601,0.3,0,43,wall,1,1,1,0,1,1
1100,0.515546441078186,-0.10982980579137802,-918.1710815429688,-0.16202574968338013,0.8538820147514343,0.0002757906913757324,21,7,1,0.011754883453249931,0.8379888268156425,0.3,0,29,wall,1,1,1,0,1,1
1104,2.096475124359131,-1.8162014484405518,-2781.154296875,-0.9981439113616943,0.6921912431716919,0.4673963785171509,5,0,29,0.013924513012170792,0.8152173913043479,0.3,0,34,wall,1,1,1,0,1,1
1108,0.5881578922271729,-0.14294615387916565,-1714.6612548828125,-0.6278529167175293,0.5181940197944641,0.3731008768081665,23,13,0,0.015524600632488728,0.8064516129032259,0.3,0,36,wall,1,1,1,0,1,1
1112,3.0761280059814453,-3.9101500511169434,-1684.6466064453125,-0.020004302263259888,0.28783664107322693,0.01975691318511963,17,17,0,0.0171648096293211,0.8152173913043479,0.3,0,34,wall,1,1,1,0,1,1
1116,4.074615478515625,-6.860533237457275,-1619.6591796875,-0.02184518240392208,0.31351175904273987,0.0008635520935058594,22,10,3,0.017537400126457214,0.8108108108108107,0.3,0,35,wall,1,1,1,0,1,1
1120,1.5474144220352173,-0.989459216594696,-818.6893310546875,-0.002080670790746808,0.09664838761091232,0.0010970830917358398,30,2,0,0.01576663739979267,0.8241758241758241,0.3,0,32,wall,1,1,1,0,1,1
1124,0.29612162709236145,-0.036234717816114426,-811.7792358398438,-0.029290035367012024,0.3629109263420105,0.0023427605628967285,40,0,2,0.011984400451183319,0.78125,0.3,0,42,wall,1,1,1,0,1,1
1128,2.078815221786499,-1.785732388496399,-210.97792053222656,-0.0527823381125927,0.45515528321266174,0.04065239429473877,35,1,0,0.021605411544442177,0.8064516129032259,0.3,0,36,wall,1,1,1,0,1,1
1132,3.572401523590088,-5.273575305938721,-1392.27880859375,-0.019388021901249886,0.2946808636188507,0.004720509052276611,27,9,6,0.015318174846470356,0.78125,0.3,0,42,wall,1,1,1,0,1,1
1136,1.375282883644104,-0.7815714478492737,-1103.1126708984375,-0.025696679949760437,0.33974489569664,0.003368973731994629,20,3,2,0.020074928179383278,0.8571428571428571,0.3,0,25,wall,1,1,1,0,1,1
1140,2.447707176208496,-2.475731372833252,-1236.2484130859375,-0.41008123755455017,1.1692031621932983,0.16137653589248657,19,0,9,0.014070941135287285,0.8426966292134831,0.3,0,28,wall,1,1,1,0,1,1
1144,3.029006242752075,-3.7912721633911133,-1215.1505126953125,-0.15156808495521545,0.7898533940315247,0.056285083293914795,10,0,6,0.02024279162287712,0.9036144578313253,0.3,0,16,wall,1,1,1,0,1,1
1148,0.7587803602218628,-0.23791222274303436,-1205.5367431640625,-0.2897970378398895,1.1419371366500854,0.0018990039825439453,17,5,4,0.01426035538315773,0.8522727272727273,0.3,0,26,wall,1,1,1,0,1,1
1152,0.8159664273262024,-0.2751244604587555,-1118.8409423828125,-0.024400394409894943,0.301061749458313,0.03230094909667969,27,13,0,0.014693927019834518,0.7894736842105263,0.3,0,40,wall,1,1,1,0,1,1
1156,3.6956560611724854,-5.643749237060547,-1263.8992919921875,-0.06708630174398422,0.17884595692157745,0.12122166156768799,38,0,2,0.024151433259248734,0.7894736842105263,0.3,0,40,wall,1,1,1,0,1,1
1160,1.0223525762557983,-0.43190276622772217,-1466.2156982421875,-0.0004925841931253672,0.018880167976021767,0.010063588619232178,37,6,4,0.015768013894557953,0.7614213197969543,0.3,0,47,wall,1,1,1,0,1,1
1164,1.5805342197418213,-1.0322678089141846,-364.1959228515625,-0.01456497609615326,0.2422524392604828,0.019320428371429443,18,0,0,0.01585659570991993,0.8928571428571428,0.3,0,18,wall,1,1,1,0,1,1
1168,0.9030476808547974,-0.3369814455509186,-1443.750244140625,-0.17544087767601013,0.8870480060577393,0.011965572834014893,17,4,8,0.01603289507329464,0.8379888268156425,0.3,0,29,wall,1,1,1,0,1,1
1172,0.5716724395751953,-0.13504518568515778,-23.641876220703125,-0.20961040258407593,0.9703106880187988,0.009744226932525635,25,0,0,0.013186951167881489,0.8571428571428571,0.3,0,25,wall,1,1,1,0,1,1
1176,2.9149765968322754,-3.51119327545166,-2082.785888671875,-0.05175832286477089,0.4826027452945709,0.000619351863861084,13,13,6,0.024207014590501785,0.8241758241758241,0.3,0,32,wall,1,1,1,0,1,1
1180,0.14025841653347015,-0.008129100315272808,-2599.720947265625,-0.017268147319555283,0.2483220249414444,0.02955406904220581,5,21,0,0.01442573219537735,0.8522727272727273,0.3,0,26,wall,1,1,1,0,1,1
1184,0.2603190839290619,-0.028002487495541573,-2470.45703125,-0.17780061066150665,0.874538242816925,0.04383039474487305,7,9,12,0.011189451441168785,0.8426966292134831,0.3,0,28,wall,1,1,1,0,1,1
1188,0.5596268773078918,-0.1294141411781311,0.0,-0.08094599097967148,0.6022979617118835,0.009019196033477783,0,0,0,0.0068665435537695885,0.5,0.3,0,0,wall,1,1,1,0,1,1
1192,1.8732796907424927,-1.450073003768921,0.0,-0.11158271133899689,0.4705093801021576,0.12363213300704956,0,0,0,0.01078878529369831,0.5,0.3,0,0,wall,1,1,1,0,1,1
1196,1.0874667167663574,-0.4886709749698639,0.0,-0.09871701151132584,0.18195560574531555,0.14960992336273193,0,0,0,0.018311237916350365,0.5,0.3,0,0,wall,1,1,1,0,1,1
1200,6.277273654937744,-16.282711029052734,0.0,-0.24261072278022766,1.04383385181427,0.010842204093933105,0,0,0,0.010390537790954113,0.5,0.3,0,0,wall,1,1,1,0,1,1
1204,3.5138564109802246,-5.102143287658691,0.0,-0.028844503685832024,0.16048379242420197,0.0752640962600708,0,0,0,0.00971870869398117,0.5,0.3,0,0,wall,1,1,1,0,1,1
1208,0.2553277313709259,-0.026938945055007935,0.0,-0.19825199246406555,0.7945870161056519,0.11915212869644165,0,0,0,0.008012533187866211,0.5,0.3,0,0,wall,1,1,1,0,1,1
1212,0.9833045601844788,-0.39954039454460144,0.0,-0.4601438045501709,1.3977892398834229,0.07975506782531738,0,0,0,0.013252116739749908,0.5,0.3,0,0,wall,1,1,1,0,1,1
1216,0.6246975660324097,-0.16125909984111786,0.0,-1.6141701936721802,1.3948841094970703,0.538088321685791,0,0,0,0.009618773125112057,0.5,0.3,0,0,wall,1,1,1,0,1,1
1220,0.6054381132125854,-0.1514691263437271,0.0,-1.7988150119781494,2.324517011642456,0.38278675079345703,0,0,0,0.00728723406791687,0.5,0.3,0,0,wall,1,1,1,0,1,1
1224,1.0532814264297485,-0.4584304690361023,-3067.976318359375,-0.26569265127182007,1.0257408618927002,0.08838146924972534,1,18,0,0.014373864978551865,0.8875739644970414,0.3,0,19,wall,1,1,1,0,1,1
1228,0.349151611328125,-0.050374727696180344,-2861.155029296875,-1.4899427890777588,2.186429738998413,0.3236752152442932,3,16,8,0.01306688878685236,0.8474576271186441,0.3,0,27,wall,1,1,1,0,1,1
1232,1.9836689233779907,-1.626009225845337,-749.4312133789062,-1.3833575248718262,2.3351964950561523,0.20501035451889038,20,0,5,0.01684741862118244,0.8571428571428571,0.3,0,25,wall,1,1,1,0,1,1
1236,2.9690613746643066,-3.6426963806152344,-3200.0,-2.693349838256836,2.9886415004730225,0.4166222810745239,0,0,13,0.026809033006429672,0.9202453987730062,0.3,0,13,wall,1,1,1,0,1,1
1240,0.925560474395752,-0.35399264097213745,-1850.97314453125,-0.36370962858200073,1.2002702951431274,0.10331279039382935,22,5,19,0.011284801177680492,0.7653061224489796,0.3,0,46,wall,1,1,1,0,1,1
1244,2.0310561656951904,-1.7046235799789429,-1170.5279541015625,-0.17078150808811188,0.5029875040054321,0.16753274202346802,20,6,5,0.013233986683189869,0.8287292817679559,0.3,0,31,wall,1,1,1,0,1,1
1248,2.6573376655578613,-2.9179515838623047,-553.5006713867188,-0.21719112992286682,0.9731484651565552,0.04064434766769409,46,0,6,0.010885202325880527,0.7425742574257426,0.3,0,52,wall,1,1,1,0,1,1
1252,1.627459168434143,-1.0944722890853882,-1159.265380859375,-0.24815061688423157,1.0549122095108032,0.014455318450927734,10,5,0,0.011265866458415985,0.9090909090909091,0.3,0,15,wall,1,1,1,0,1,1
1256,1.3393818140029907,-0.7412989735603333,-277.2815246582031,-0.10113702714443207,0.6121789216995239,0.06614232063293457,16,1,0,0.016199281439185143,0.8982035928143713,0.3,0,17,wall,1,1,1,0,1,1
1260,0.4953857660293579,-0.10140787065029144,-1915.771240234375,-0.0816662386059761,0.6062124967575073,0.0004934072494506836,23,6,14,0.009428021498024464,0.7772020725388601,0.3,0,43,wall,1,1,1,0,1,1
1264,2.0314998626708984,-1.7053683996200562,-1225.4991455078125,-0.24419370293617249,1.0482659339904785,0.0007450580596923828,27,15,0,0.012349179945886135,0.78125,0.3,0,42,wall,1,1,1,0,1,1
1268,3.9011151790618896,-6.288718223571777,-1962.197265625,-0.18724848330020905,0.9037789702415466,0.03748011589050293,18,9,16,0.015569565817713737,0.7772020725388601,0.3,0,43,wall,1,1,1,0,1,1
1272,0.3197632133960724,-0.04225144907832146,-1429.4508056640625,-0.18783576786518097,0.9193807244300842,2.4199485778808594e-05,11,0,7,0.011184721253812313,0.8928571428571428,0.3,0,18,wall,1,1,1,0,1,1
1276,0.10848881304264069,-0.004863562993705273,-2307.31201171875,-0.03729551285505295,0.3776076138019562,0.0370715856552124,6,5,0,0.010464582592248917,0.9316770186335405,0.3,0,11,wall,1,1,1,0,1,1
1280,0.05478103458881378,-0.0012400668347254395,-773.5789794921875,-0.20942050218582153,0.8493445515632629,0.10969299077987671,15,0,4,0.01135058794170618,0.8875739644970414,0.3,0,19,wall,1,1,1,0,1,1
1284,0.4048738181591034,-0.06773669272661209,-1035.2637939453125,-0.07296990603208542,0.44259580969810486,0.08492612838745117,32,5,0,0.014250810258090496,0.8021390374331552,0.3,0,37,wall,1,1,1,0,1,1
1288,3.83465838432312,-6.076282978057861,-1753.7879638671875,-0.10454072058200836,0.5558720231056213,0.09375226497650146,15,8,10,0.017101680859923363,0.819672131147541,0.3,0,33,wall,1,1,1,0,1,1
1292,0.11939087510108948,-0.005890157073736191,-1165.713134765625,-0.004528706427663565,0.1375533789396286,0.008910298347473145,19,6,0,0.009624664671719074,0.8571428571428571,0.3,0,25,wall,1,1,1,0,1,1
1296,3.9350697994232178,-6.398666858673096,-3200.0,-0.2076108753681183,0.9500725865364075,0.041485488414764404,0,14,15,0.034210946410894394,0.8379888268156425,0.3,0,29,wall,1,1,1,0,1,1
1300,0.9064619541168213,-0.3395344018936157,-3097.801513671875,-0.4493923485279083,1.251047134399414,0.15776276588439941,1,10,13,0.016944102942943573,0.8620689655172414,0.3,0,24,wall,1,1,1,0,1,1
1304,4.034982681274414,-6.727721214294434,-1952.2332763671875,-0.33634454011917114,1.2288265228271484,0.013874590396881104,2,0,3,0.033436283469200134,0.95,0.3,0,5,wall,1,1,1,0,1,1
1308,0.12875935435295105,-0.00685081398114562,-2401.849609375,-0.017217211425304413,0.24483583867549896,0.03089606761932373,3,9,0,0.011282560415565968,0.9259259259259258,0.3,0,12,wall,1,1,1,0,1,1
1312,1.8584617376327515,-1.4272230863571167,0.0,-0.02678784355521202,0.3346521854400635,0.021579504013061523,0,0,0,0.008190258406102657,0.5,0.3,0,0,wall,1,1,1,0,1,1
1316,1.5368866920471191,-0.9760415554046631,0.0,-0.030756797641515732,0.3702344596385956,0.00851595401763916,0,0,0,0.01045253686606884,0.5,0.3,0,0,wall,1,1,1,0,1,1
1320,1.7551226615905762,-1.2729154825210571,0.0,-0.4828391969203949,1.461283802986145,0.04514014720916748,0,0,0,0.011495851911604404,0.5,0.3,0,0,wall,1,1,1,0,1,1
1324,1.3925578594207764,-0.801329493522644,0.0,-1.8553800582885742,2.6897873878479004,0.2463025450706482,0,0,0,0.007666733115911484,0.5,0.3,0,0,wall,1,1,1,0,1,1
1328,2.0902178287506104,-1.8053761720657349,0.0,-1.908624291419983,2.8383307456970215,0.17029935121536255,0,0,0,0.00819377414882183,0.5,0.3,0,0,wall,1,1,1,0,1,1
1332,0.21321028470993042,-0.018784554675221443,0.0,-2.555349111557007,3.0590097904205322,0.34145915508270264,0,0,0,0.008671557530760765,0.5,0.3,0,0,wall,1,1,1,0,1,1
1336,1.91238534450531,-1.511246919631958,0.0,-1.1109341382980347,2.1571438312530518,0.13723772764205933,0,0,0,0.01017315685749054,0.5,0.3,0,0,wall,1,1,1,0,1,1
1340,0.42083919048309326,-0.07318414002656937,-2521.184814453125,-1.6890888214111328,2.7461066246032715,0.05705857276916504,3,0,11,0.012487188912928104,0.9146341463414634,0.3,0,14,wall,1,1,1,0,1,1
1344,1.6306637525558472,-1.0987868309020996,-2125.045654296875,-3.573301315307617,0.7048659324645996,0.9210911393165588,14,16,5,0.017739208415150642,0.8108108108108107,0.3,0,35,wall,1,1,1,0,1,1
1348,3.459160804748535,-4.944542407989502,-1943.4488525390625,-0.6606977581977844,1.522828459739685,0.18871653079986572,17,2,19,0.018149301409721375,0.7978723404255319,0.3,0,38,wall,1,1,1,0,1,1
1352,0.6212663054466248,-0.15949247777462006,-2738.333740234375,-0.40305060148239136,0.9488511085510254,0.2230023741722107,6,9,26,0.012684200890362263,0.7853403141361256,0.3,0,41,wall,1,1,1,0,1,1
1356,2.3543622493743896,-2.2905046939849854,-2672.23193359375,-1.8831772804260254,1.9392266273498535,0.5065912008285522,8,11,23,0.02150341123342514,0.78125,0.3,0,42,wall,1,1,1,0,1,1
1360,0.5686530470848083,-0.1336224228143692,-238.7083282470703,-0.10313410311937332,0.6812456846237183,0.0006505250930786133,43,0,3,0.012711302377283573,0.7653061224489796,0.3,0,46,wall,1,1,1,0,1,1
1364,0.419356107711792,-0.07266923040151596,-3200.000244140625,-0.030944079160690308,0.3339070677757263,0.03887253999710083,0,5,10,0.01687406748533249,0.9090909090909091,0.3,0,15,wall,1,1,1,0,1,1
1368,2.0302348136901855,-1.7032450437545776,-2697.77392578125,-0.00898006372153759,0.1210077777504921,0.037455201148986816,12,51,1,0.013340506702661514,0.7009345794392523,0.3,0,64,wall,1,1,1,0,1,1
1372,0.5637474656105042,-0.13132692873477936,-1467.8402099609375,-0.19009429216384888,0.9247020483016968,0.004367947578430176,37,29,0,0.011778200045228004,0.6944444444444444,0.3,0,66,wall,1,1,1,0,1,1
1376,1.411978006362915,-0.8238354325294495,-1247.6900634765625,-0.027273977175354958,0.32147541642189026,0.032488226890563965,28,7,4,0.015049193054437637,0.7936507936507936,0.3,0,39,wall,1,1,1,0,1,1
1380,0.9260193705558777,-0.3543437421321869,-989.1481323242188,-0.4712955355644226,1.0749731063842773,0.22924482822418213,11,0,0,0.014700650237500668,0.9316770186335405,0.3,0,11,wall,1,1,1,0,1,1
1384,0.7090287804603577,-0.20773626863956451,-923.3826293945312,-0.1482536494731903,0.8146576881408691,0.013753354549407959,18,7,0,0.010720043443143368,0.8571428571428571,0.3,0,25,wall,1,1,1,0,1,1
1388,1.4187136888504028,-0.8317142128944397,-1334.1942138671875,-0.08751541376113892,0.6225666403770447,0.018417298793792725,35,6,12,0.0206843800842762,0.7389162561576355,0.3,0,53,wall,1,1,1,0,1,1
1392,0.7549874782562256,-0.23553968966007233,-2080.615234375,-0.14061300456523895,0.7954611778259277,2.092123031616211e-05,16,24,3,0.008565150201320648,0.7772020725388601,0.3,0,43,wall,1,1,1,0,1,1
1396,1.4716519117355347,-0.8949418067932129,-2503.73583984375,-0.0038714795373380184,0.1281360536813736,0.00738900899887085,19,27,14,0.011894862167537212,0.7142857142857143,0.3,0,60,wall,1,1,1,0,1,1
1400,3.4452083110809326,-4.904735088348389,-2208.05029296875,-0.1509174108505249,0.8014320731163025,0.04478234052658081,10,2,20,0.011169918812811375,0.8241758241758241,0.3,0,32,wall,1,1,1,0,1,1
1404,2.5935816764831543,-2.779613971710205,-1880.1982421875,-0.05108381435275078,0.09622902423143387,0.10959643125534058,39,6,15,0.015674954280257225,0.7142857142857143,0.3,0,60,wall,1,1,1,0,1,1
1408,0.5076927542686462,-0.10650905966758728,0.0,-0.11606146395206451,0.7226577997207642,0.0015174150466918945,0,0,0,0.007997002452611923,0.5,0.3,0,0,wall,1,1,1,0,1,1
1412,0.4222535192966461,-0.07367686927318573,-632.58935546875,-0.28957420587539673,1.1411105394363403,0.007194221019744873,23,5,0,0.011465871706604958,0.8426966292134831,0.3,0,28,wall,1,1,1,0,1,1
1416,0.98650723695755,-0.4021472930908203,-1085.2213134765625,-0.29840588569641113,1.1578501462936401,0.010967910289764404,17,4,3,0.017466800287365913,0.8620689655172414,0.3,0,24,wall,1,1,1,0,1,1
1420,1.5778595209121704,-1.0287771224975586,-1740.310791015625,-0.2392449676990509,0.41828346252441406,0.22156119346618652,14,9,0,0.019235502928495407,0.8670520231213873,0.3,0,23,wall,1,1,1,0,1,1
1424,0.8668930530548096,-0.310538649559021,-1500.87890625,-0.2184905856847763,0.46880805492401123,0.20387333631515503,16,9,0,0.013278626836836338,0.8571428571428571,0.3,0,25,wall,1,1,1,0,1,1
1428,1.8554942607879639,-1.4226689338684082,-1979.24755859375,-0.13060222566127777,0.18775545060634613,0.17343086004257202,10,3,13,0.012445393949747086,0.8522727272727273,0.3,0,26,wall,1,1,1,0,1,1
1432,0.2461348921060562,-0.025034042075276375,-1569.41650390625,-2.931431531906128,0.7209166288375854,0.8306050896644592,17,13,0,0.014452282339334488,0.8333333333333334,0.3,0,30,wall,1,1,1,0,1,1
1436,2.1662275791168213,-1.9390668869018555,-2401.958251953125,-1.8048372268676758,1.1826435327529907,0.6050096154212952,6,13,5,0.052093278616666794,0.8620689655172414,0.3,0,24,wall,1,1,1,0,1,1
1440,3.568228244781494,-5.261261463165283,-2023.34326171875,-0.3191792070865631,0.7152449488639832,0.22438019514083862,13,0,21,0.02929031103849411,0.8152173913043479,0.3,0,34,wall,1,1,1,0,1,1
1444,3.61094331741333,-5.387979984283447,-167.6554718017578,-0.12826761603355408,0.759327232837677,0.005840122699737549,23,0,0,0.04238668829202652,0.8670520231213873,0.3,0,23,wall,1,1,1,0,1,1
1448,4.766861438751221,-9.389655113220215,0.0,-0.09151226282119751,0.6416121125221252,0.0027515292167663574,0,0,0,0.03351389616727829,0.5,0.3,0,0,wall,1,1,1,0,1,1
1452,1.7381199598312378,-1.248372197151184,0.0,-0.13760767877101898,0.7844230532646179,0.014599740505218506,0,0,0,0.015779998153448105,0.5,0.3,0,0,wall,1,1,1,0,1,1
1456,0.8371569514274597,-0.2895998954772949,0.0,-0.897621750831604,1.3475350141525269,0.34792864322662354,0,0,0,0.009466245770454407,0.5,0.3,0,0,wall,1,1,1,0,1,1
1460,1.2638304233551025,-0.660027801990509,0.0,-0.18609976768493652,0.9133367538452148,0.013332605361938477,0,0,0,0.013557313941419125,0.5,0.3,0,0,wall,1,1,1,0,1,1
1464,0.9649912118911743,-0.384796679019928,-928.7607421875,-0.4468827545642853,1.4169390201568604,0.013314664363861084,25,9,0,0.011582397855818272,0.8152173913043479,0.3,0,34,wall,1,1,1,0,1,1
1468,3.785085439682007,-5.920194625854492,-801.0852661132812,-0.11723945289850235,0.026911377906799316,0.16936421394348145,17,5,0,0.04816121608018875,0.872093023255814,0.3,0,22,wall,1,1,1,0,1,1
1472,2.6002399921417236,-2.7939040660858154,-420.1261291503906,-0.047541502863168716,0.40607577562332153,0.05167120695114136,32,3,0,0.015551362186670303,0.8108108108108107,0.3,0,35,wall,1,1,1,0,1,1
1476,1.6014211177825928,-1.0597312450408936,0.0,-0.08282049745321274,0.6062479019165039,0.016754090785980225,0,0,0,0.008426424115896225,0.5,0.3,0,0,wall,1,1,1,0,1,1
1480,2.455687999725342,-2.4919021129608154,-1491.2310791015625,-0.03582911565899849,0.3772941827774048,0.03206115961074829,31,25,0,0.014249710366129875,0.7281553398058253,0.3,0,56,wall,1,1,1,0,1,1
1484,2.9229655265808105,-3.530465841293335,-2030.2120361328125,-0.0025669760070741177,0.10155744105577469,0.008208155632019043,20,17,9,0.017942555248737335,0.7653061224489796,0.3,0,46,wall,1,1,1,0,1,1
1488,4.87299919128418,-9.812445640563965,-3200.000244140625,-0.07570996880531311,0.5581859946250916,0.03981959819793701,0,0,15,0.03245343267917633,0.9090909090909091,0.3,0,15,wall,1,1,1,0,1,1
1492,3.315042018890381,-4.541117191314697,0.0,-0.2122548371553421,0.9764499068260193,0.009598851203918457,0,0,0,0.010044998489320278,0.5,0.3,0,0,wall,1,1,1,0,1,1
1496,4.071278095245361,-6.849299430847168,0.0,-0.44774937629699707,1.4175283908843994,0.017281532287597656,0,0,0,0.0069713955745100975,0.5,0.3,0,0,wall,1,1,1,0,1,1
1500,1.9814153909683228,-1.622316837310791,0.0,-0.0082206716760993,0.007730942219495773,0.04484206438064575,0,0,0,0.013990017585456371,0.5,0.3,0,0,wall,1,1,1,0,1,1
1504,1.1282984018325806,-0.526056706905365,-3200.0,-0.8015691637992859,1.896941065788269,0.02173382043838501,0,11,13,0.014575204811990261,0.8620689655172414,0.3,0,24,wall,1,1,1,0,1,1
1508,3.2193546295166016,-4.282745361328125,0.0,-0.25630369782447815,1.0522730350494385,0.05009227991104126,0,0,0,0.008044477552175522,0.5,0.3,0,0,wall,1,1,1,0,1,1
1512,3.6924843788146973,-5.634066104888916,-1859.6278076171875,-0.0646122545003891,0.5392026901245117,0.0009216666221618652,1,0,1,0.07405964285135269,0.95,0.3,0,2,wall,1,1,1,0,1,1
1516,2.7481765747070312,-3.120857000350952,-1654.768310546875,-0.11298717558383942,0.7129623293876648,0.0026298165321350098,12,4,6,0.008418007753789425,0.872093023255814,0.3,0,22,wall,1,1,1,0,1,1
1520,0.22858965396881104,-0.021592242643237114,-643.0606689453125,-0.1825733780860901,0.9029687643051147,0.0184134840965271,9,0,0,0.012279666028916836,0.9433962264150942,0.3,0,9,wall,1,1,1,0,1,1
1524,0.21393261849880219,-0.018912050873041153,-149.7318115234375,-0.035671986639499664,0.4006543755531311,2.9027462005615234e-05,16,0,0,0.01037782896310091,0.9036144578313253,0.3,0,16,wall,1,1,1,0,1,1
1528,0.06681827455759048,-0.0018449097406119108,-817.5928344726562,-0.04392043128609657,0.44244664907455444,0.01012486219406128,16,2,2,0.00975901447236538,0.8823529411764706,0.3,0,20,wall,1,1,1,0,1,1
1532,0.3485737442970276,-0.05020812153816223,-987.1544189453125,-0.34354886412620544,1.2429791688919067,0.007277011871337891,16,7,0,0.010814421810209751,0.8670520231213873,0.3,0,23,wall,1,1,1,0,1,1
1536,2.313948392868042,-2.2125442028045654,-2583.422119140625,-0.9246598482131958,2.039358377456665,0.010399401187896729,14,10,34,0.013772321864962578,0.7211538461538461,0.3,0,58,wall,1,1,1,0,1,1
1540,1.2732924222946167,-0.6699477434158325,-2658.179931640625,-0.3310971260070801,1.220215916633606,0.007415831089019775,11,34,13,0.014102484099566936,0.7211538461538461,0.3,0,58,wall,1,1,1,0,1,1
1544,1.9889613389968872,-1.6346970796585083,0.0,-0.8235755562782288,1.888885259628296,0.0867430567741394,0,0,0,0.006666338536888361,0.5,0.3,0,0,wall,1,1,1,0,1,1
1548,1.4887206554412842,-0.9158219695091248,0.0,-1.88265860080719,2.9029417037963867,0.0494387149810791,0,0,0,0.0066439686343073845,0.5,0.3,0,0,wall,1,1,1,0,1,1
1552,0.22787296772003174,-0.021457059308886528,0.0,-0.1321713924407959,0.7570476531982422,0.03433263301849365,0,0,0,0.007861303165555,0.5,0.3,0,0,wall,1,1,1,0,1,1
1556,3.8111205101013184,-6.001916885375977,0.0,-2.6419851779937744,3.399030923843384,0.1351565718650818,0,0,0,0.0059476993046700954,0.5,0.3,0,0,wall,1,1,1,0,1,1
1560,0.4273377060890198,-0.07546178251504898,0.0,-0.11190642416477203,0.6729452610015869,0.052551090717315674,0,0,0,0.00980253703892231,0.5,0.3,0,0,wall,1,1,1,0,1,1
1564,2.275885820388794,-2.1403539180755615,0.0,-0.49223792552948,1.453383207321167,0.07479333877563477,0,0,0,0.00956630241125822,0.5,0.3,0,0,wall,1,1,1,0,1,1
1568,3.295525074005127,-4.4878034591674805,0.0,-0.6524003744125366,1.1984676122665405,0.2857239842414856,0,0,0,0.011533508077263832,0.5,0.3,0,0,wall,1,1,1,0,1,1
1572,1.3963663578033447,-0.8057185411453247,0.0,-0.36457130312919617,0.9037330150604248,0.211786150932312,0,0,0,0.013807942159473896,0.5,0.3,0,0,wall,1,1,1,0,1,1
1576,1.4873460531234741,-0.9141314625740051,0.0,-0.8396709561347961,1.5393515825271606,0.27696144580841064,0,0,0,0.010500102303922176,0.5,0.3,0,0,wall,1,1,1,0,1,1
1580,0.9776783585548401,-0.39498135447502136,0.0,-0.3097382187843323,1.160773754119873,0.05027580261230469,0,0,0,0.010446674190461636,0.5,0.3,0,0,wall,1,1,1,0,1,1
1584,3.404552459716797,-4.7896599769592285,0.0,-0.38144493103027344,0.9587526917457581,0.20834660530090332,0,0,0,0.01198035292327404,0.5,0.3,0,0,wall,1,1,1,0,1,1
1588,1.8372442722320557,-1.3948208093643188,0.0,-0.43342602252960205,1.182853102684021,0.17324519157409668,0,0,0,0.01985514909029007,0.5,0.3,0,0,wall,1,1,1,0,1,1
1592,5.74096155166626,-13.619272232055664,0.0,-0.4555263817310333,1.2078293561935425,0.1793811321258545,0,0,0,0.023290732875466347,0.5,0.3,0,0,wall,1,1,1,0,1,1
