frame_idx,gps_dist,log_gps,log_semantic,log_corridor,corridor_dist,corridor_heading_misalign,correct_hits,incorrect_hits,no_hits,weight,gps_weight_used,corridor_weight_used,num_background_used,num_observations,semantic_model_used,semantic_classes_mode,gps_enabled,semantic_enabled,corridor_enabled,background_enabled,dynamic_gps_enabled,pose_smoothing_enabled,detection_drop_rate,detections_raw,detections_kept,detections_dropped
0,1.7406724691390991,-1.2520414590835571,-392.7358093261719,-0.17359717190265656,0.8837993144989014,0.0021643638610839844,52,0,74,0.03767218068242073,0.5434782608695653,0.3,120,126,wall,both,1,1,1,1,1,1,0.4,4,2,2
4,1.754226565361023,-1.271615982055664,-373.81085205078125,-0.17130392789840698,0.8778538107872009,0.0036172866821289062,60,1,64,0.01133040152490139,0.5454545454545454,0.3,120,125,wall,both,1,1,1,1,1,1,0.4,3,2,1
8,1.2063194513320923,-0.6013250350952148,-519.7473754882812,-0.7465227842330933,1.7774176597595215,0.1043860912322998,25,0,100,0.010285934433341026,0.5454545454545454,0.3,120,125,wall,both,1,1,1,1,1,1,0.4,3,1,2
12,1.4497615098953247,-0.8685159087181091,-517.52587890625,-0.7096446752548218,1.7452082633972168,0.08965867757797241,26,0,100,0.010363319888710976,0.5434782608695653,0.3,120,126,wall,both,1,1,1,1,1,1,0.4,4,1,3
16,1.2375710010528564,-0.6328850984573364,-493.1492614746094,-0.6106859445571899,1.2142709493637085,0.2633291482925415,61,6,59,0.03087792731821537,0.5434782608695653,0.3,120,126,wall,both,1,1,1,1,1,1,0.4,4,2,2
20,1.7902379035949707,-1.3243601322174072,0.0,-0.6623827815055847,1.2121541500091553,0.28685814142227173,0,0,0,0.04144303873181343,0.5,0.3,0,0,wall,both,1,1,1,1,1,1,0.4,2,0,2
24,0.5566646456718445,-0.12804773449897766,-304.29022216796875,-0.8394414782524109,0.6671894192695618,0.4259432554244995,84,0,39,0.0320822149515152,0.5494505494505495,0.3,120,123,wall,both,1,1,1,1,1,1,0.4,6,5,1
28,6.756955623626709,-18.866300582885742,-401.85345458984375,-0.1823628693819046,0.9058855772018433,0.0004787445068359375,50,0,75,0.1561087816953659,0.5454545454545454,0.3,120,125,wall,both,1,1,1,1,1,1,0.4,4,4,0
32,3.062830924987793,-3.876418352127075,-541.3057250976562,-0.17605793476104736,0.8895255327224731,0.007397055625915527,51,1,75,0.0614389143884182,0.5415162454873647,0.3,120,127,wall,both,1,1,1,1,1,1,0.4,4,3,1
36,0.05967924743890762,-0.001471740659326315,-351.73406982421875,-0.17246167361736298,0.8809465765953064,0.0007600784301757812,67,1,62,0.03590663895010948,0.5357142857142857,0.3,120,130,wall,both,1,1,1,1,1,1,0.4,4,2,2
40,0.6297483444213867,-0.16387726366519928,-865.7603149414062,-0.0641554668545723,0.5371946096420288,0.0025724172592163086,56,25,72,0.30706730484962463,0.49504950495049505,0.3,120,153,wall,both,1,1,1,1,1,1,0.4,5,1,4
44,1.6855034828186035,-1.1739345788955688,-270.6204833984375,-0.21362920105457306,0.9804501533508301,0.0016312599182128906,81,0,50,0.027458077296614647,0.5338078291814947,0.3,120,131,wall,both,1,1,1,1,1,1,0.4,4,1,3
48,2.860863447189331,-3.3820409774780273,-317.0846252441406,-0.35357144474983215,1.2613765001296997,0.0002053976058959961,65,0,55,0.030948791652917862,0.5555555555555556,0.3,120,120,wall,both,1,1,1,1,1,1,0.4,3,2,1
52,3.4616570472717285,-4.951681137084961,-448.79022216796875,-0.12984874844551086,0.7623077630996704,0.013212203979492188,65,0,71,0.03213438019156456,0.5244755244755245,0.3,120,136,wall,both,1,1,1,1,1,1,0.4,4,3,1
56,5.07124662399292,-10.627082824707031,-365.7179260253906,-0.1610662043094635,0.8512581586837769,0.0029283761978149414,72,0,67,0.03922666981816292,0.5190311418685121,0.3,120,139,wall,both,1,1,1,1,1,1,0.4,3,3,0
60,2.2472405433654785,-2.0868139266967773,-456.20660400390625,-0.09972475469112396,0.6570829153060913,0.030426025390625,97,0,39,0.032076817005872726,0.5244755244755245,0.3,120,136,wall,both,1,1,1,1,1,1,0.4,5,3,2
64,5.125389099121094,-10.85521125793457,-324.20489501953125,-0.2955946922302246,1.1527817249298096,0.008316516876220703,74,0,65,0.03293713554739952,0.5190311418685121,0.3,120,139,wall,both,1,1,1,1,1,1,0.4,4,1,3
68,2.9297006130218506,-3.5467543601989746,-489.0596618652344,-0.08622463792562485,0.6155046224594116,0.02233785390853882,96,12,27,0.04200580716133118,0.5263157894736842,0.3,120,135,wall,both,1,1,1,1,1,1,0.4,7,4,3
72,2.8335201740264893,-3.3177008628845215,-262.1732177734375,-0.1691358983516693,0.8676379323005676,0.02127814292907715,104,3,25,0.08444823324680328,0.5319148936170213,0.3,120,132,wall,both,1,1,1,1,1,1,0.4,4,2,2
76,1.7170507907867432,-1.2182905673980713,-380.0306701660156,-0.049223028123378754,0.39664971828460693,0.059108734130859375,101,5,29,0.05787366256117821,0.5263157894736842,0.3,120,135,wall,both,1,1,1,1,1,1,0.4,5,5,0
80,4.0222272872924805,-6.685252666473389,-297.5787048339844,-0.20257513225078583,0.9450216889381409,0.03175574541091919,95,0,37,0.038997307419776917,0.5319148936170213,0.3,120,132,wall,both,1,1,1,1,1,1,0.4,5,5,0
84,1.8625798225402832,-1.4335551261901855,-211.41334533691406,-1.1914255619049072,1.6779720783233643,0.37229830026626587,92,0,28,0.03581754490733147,0.5555555555555556,0.3,120,120,wall,both,1,1,1,1,1,1,0.4,5,2,3
88,2.739961862564087,-3.1022274494171143,-245.71156311035156,-0.07689809799194336,0.581842839717865,0.020207762718200684,97,0,30,0.03907513618469238,0.5415162454873647,0.3,120,127,wall,both,1,1,1,1,1,1,0.4,6,5,1
92,1.3383796215057373,-0.7401900291442871,-187.1714630126953,-1.4228732585906982,2.020469903945923,0.3554510474205017,89,0,31,0.014575708657503128,0.5555555555555556,0.3,120,120,wall,both,1,1,1,1,1,1,0.4,7,3,4
96,1.3367201089859009,-0.7383555769920349,-285.94549560546875,-0.25552451610565186,0.9348464012145996,0.1225661039352417,110,1,27,0.013719785958528519,0.5208333333333334,0.3,120,138,wall,both,1,1,1,1,1,1,0.4,7,3,4
100,4.340880393981934,-7.786463260650635,-589.8582153320312,-0.18692408502101898,0.9151883721351624,0.013977766036987305,94,15,38,0.018555020913481712,0.5050505050505051,0.3,120,147,wall,both,1,1,1,1,1,1,0.4,8,6,2
104,1.1814736127853394,-0.576809823513031,-294.9036560058594,-0.6321913003921509,1.3611869812011719,0.23240172863006592,99,2,34,0.018412593752145767,0.5263157894736842,0.3,120,135,wall,both,1,1,1,1,1,1,0.4,5,5,0
108,4.370840072631836,-7.894314765930176,-305.3483581542969,-0.1627214401960373,0.7778676152229309,0.08320826292037964,81,0,39,0.023527653887867928,0.5555555555555556,0.3,120,120,wall,both,1,1,1,1,1,1,0.4,7,5,2
112,2.2292470932006836,-2.053529739379883,-266.2091979980469,-0.983103334903717,1.697359561920166,0.2898349165916443,76,0,44,0.01926557719707489,0.5555555555555556,0.3,120,120,wall,both,1,1,1,1,1,1,0.4,5,5,0
116,0.37681877613067627,-0.058674536645412445,-305.5111389160156,-0.7456544637680054,1.4995627403259277,0.2454724907875061,74,0,47,0.012136323377490044,0.5535055350553506,0.3,120,121,wall,both,1,1,1,1,1,1,0.4,5,2,3
120,3.7361814975738525,-5.768203258514404,-295.7738952636719,-0.261896014213562,1.0594912767410278,0.0552217960357666,75,0,45,0.02031116746366024,0.5555555555555556,0.3,120,120,wall,both,1,1,1,1,1,1,0.4,6,3,3
124,3.0685582160949707,-3.8909294605255127,-309.15057373046875,-0.22767849266529083,1.0122021436691284,0.0,76,0,49,0.07492595165967941,0.5454545454545454,0.3,120,125,wall,both,1,1,1,1,1,1,0.4,7,3,4
128,1.8301026821136475,-1.383998155593872,-447.20379638671875,-0.19092078506946564,0.9268996119499207,0.00017875432968139648,79,5,52,0.05121609568595886,0.5244755244755245,0.3,120,136,wall,both,1,1,1,1,1,1,0.4,4,3,1
132,2.2309670448303223,-2.056699752807617,-295.5123291015625,-0.7137250900268555,1.7793711423873901,0.049826860427856445,73,0,47,0.03608299791812897,0.5555555555555556,0.3,120,120,wall,both,1,1,1,1,1,1,0.4,9,4,5
136,3.8961338996887207,-6.272668838500977,-436.5438232421875,-0.5022278428077698,1.5032907724380493,0.002781093120574951,67,0,58,0.03333257511258125,0.5454545454545454,0.3,120,125,wall,both,1,1,1,1,1,1,0.4,8,3,5
140,2.232725143432617,-2.0599427223205566,-366.10699462890625,-0.13350708782672882,0.7751004099845886,0.00025522708892822266,65,0,55,0.0321110375225544,0.5555555555555556,0.3,120,120,wall,both,1,1,1,1,1,1,0.4,6,4,2
144,1.8684048652648926,-1.4425357580184937,-692.7752685546875,-0.031155899167060852,0.23516379296779633,0.06798756122589111,71,0,75,0.22822830080986023,0.5067567567567568,0.3,120,146,wall,both,1,1,1,1,1,1,0.4,7,4,3
148,1.254319190979004,-0.6501308083534241,-610.1865844726562,-0.019258037209510803,0.06279334425926208,0.06710845232009888,112,15,8,0.043923258781433105,0.5263157894736842,0.3,120,135,wall,both,1,1,1,1,1,1,0.4,8,5,3
152,0.14896321296691895,-0.009169436991214752,-510.5070495605469,-0.017554871737957,0.27844929695129395,0.008924543857574463,108,12,12,0.04585398733615875,0.5319148936170213,0.3,120,132,wall,both,1,1,1,1,1,1,0.4,7,4,3
156,1.0787537097930908,-0.48087167739868164,-214.61915588378906,-0.03890133276581764,0.3746069669723511,0.04348123073577881,111,0,9,0.02526194415986538,0.5555555555555556,0.3,120,120,wall,both,1,1,1,1,1,1,0.4,6,3,3
160,1.3549050092697144,-0.7585816383361816,-196.2089080810547,-0.10468641668558121,0.6130204796791077,0.07202965021133423,110,0,13,0.03754252567887306,0.5494505494505495,0.3,120,123,wall,both,1,1,1,1,1,1,0.4,5,2,3
164,3.265094518661499,-4.405306339263916,-396.7708740234375,-0.015794824808835983,0.10592394322156906,0.0570865273475647,114,6,14,0.03473705053329468,0.528169014084507,0.3,120,134,wall,both,1,1,1,1,1,1,0.4,3,2,1
168,0.8693890571594238,-0.3123294413089752,-265.1826171875,-0.019803466275334358,0.2609387934207916,0.03383457660675049,112,0,15,0.024824848398566246,0.5415162454873647,0.3,120,127,wall,both,1,1,1,1,1,1,0.4,5,3,2
172,3.476531744003296,-4.994327545166016,-270.7108154296875,-0.021655961871147156,0.2251782864332199,0.05044889450073242,113,0,18,0.04260493069887161,0.5338078291814947,0.3,120,131,wall,both,1,1,1,1,1,1,0.4,4,1,3
176,1.3004149198532104,-0.6987929344177246,-601.3445434570312,-0.025093887001276016,0.32855066657066345,0.016461074352264404,120,17,11,0.031488507986068726,0.5033557046979865,0.3,120,148,wall,both,1,1,1,1,1,1,0.4,5,3,2
180,1.6143791675567627,-1.0769503116607666,-389.17303466796875,-0.02274985983967781,0.31910210847854614,0.005463302135467529,124,7,9,0.11966671794652939,0.5172413793103449,0.3,120,140,wall,both,1,1,1,1,1,1,0.4,4,3,1
184,4.846485614776611,-9.70595932006836,-231.74559020996094,-0.03245917335152626,0.36795589327812195,0.024107694625854492,109,0,11,0.04345119372010231,0.5555555555555556,0.3,120,120,wall,both,1,1,1,1,1,1,0.4,4,2,2
188,2.100436210632324,-1.8230711221694946,-385.02276611328125,-0.1033112108707428,0.6818360686302185,9.775161743164062e-06,134,9,7,0.06001337245106697,0.5,0.3,120,150,wall,both,1,1,1,1,1,1,0.4,4,4,0
192,1.3624788522720337,-0.7670861482620239,-250.98655700683594,-0.030695781111717224,0.34151846170425415,0.03421032428741455,103,0,17,0.027779726311564445,0.5555555555555556,0.3,120,120,wall,both,1,1,1,1,1,1,0.4,3,1,2
196,1.5298993587493896,-0.9671868085861206,-263.5631103515625,-0.0444214828312397,0.3125520944595337,0.0745965838432312,117,1,16,0.04401363804936409,0.528169014084507,0.3,120,134,wall,both,1,1,1,1,1,1,0.4,1,1,0
200,2.388103723526001,-2.3566277027130127,-339.64984130859375,-0.10986651480197906,0.1806991845369339,0.15855461359024048,120,0,13,0.01841123029589653,0.5300353356890459,0.3,120,133,wall,both,1,1,1,1,1,1,0.4,2,2,0
204,4.340202808380127,-7.784032821655273,-269.3322448730469,-0.009341287426650524,0.19839774072170258,0.012066125869750977,109,0,11,0.013979895040392876,0.5555555555555556,0.3,120,120,wall,both,1,1,1,1,1,1,0.4,3,1,2
208,2.2917916774749756,-2.1703755855560303,0.0,-0.008471891283988953,0.02847941406071186,0.04507166147232056,0,0,0,0.014383750967681408,0.5,0.3,0,0,wall,both,1,1,1,1,1,1,0.4,2,0,2
212,4.0503153800964355,-6.778947830200195,-417.4696960449219,-0.04295846074819565,0.3810195326805115,0.05119377374649048,51,0,69,0.01002687681466341,0.5555555555555556,0.3,120,120,wall,both,1,1,1,1,1,1,0.4,3,1,2
216,1.2688415050506592,-0.6652721762657166,-381.6565856933594,-0.05918712168931961,0.5160833597183228,6.556510925292969e-06,57,0,63,0.009776069782674313,0.5555555555555556,0.3,120,120,wall,both,1,1,1,1,1,1,0.4,1,1,0
220,0.8721262216567993,-0.31429922580718994,0.0,-0.08570254594087601,0.6210036277770996,0.0009324550628662109,0,0,0,0.008269122801721096,0.5,0.3,0,0,wall,both,1,1,1,1,1,1,0.4,1,0,1
224,1.558424472808838,-1.0035895109176636,0.0,-0.05898364260792732,0.5054657459259033,0.023252427577972412,0,0,0,0.012299240566790104,0.5,0.3,0,0,wall,both,1,1,1,1,1,1,0.4,1,0,1
228,2.7106945514678955,-3.0363078117370605,-509.71429443359375,-0.028117217123508453,0.3533347249031067,0.009569644927978516,57,0,73,0.009938906878232956,0.5357142857142857,0.3,120,130,wall,both,1,1,1,1,1,1,0.4,1,1,0
232,0.059521742165088654,-0.0014639823930338025,0.0,-0.010969379916787148,0.19536246359348297,0.0246889591217041,0,0,0,0.008321460336446762,0.5,0.3,0,0,wall,both,1,1,1,1,1,1,0.4,1,0,1
236,4.251005172729492,-7.467373371124268,-528.0270385742188,-0.08830484002828598,0.6294995546340942,0.007746100425720215,88,11,26,0.01477566547691822,0.5454545454545454,0.3,100,125,wall,both,1,1,1,1,1,1,0.4,1,1,0
240,1.8967833518981934,-1.4866888523101807,0.0,-0.10664431750774384,0.687868058681488,0.019151747226715088,0,0,0,0.006646051071584225,0.5,0.3,0,0,wall,both,1,1,1,1,1,1,0.4,0,0,0
244,3.4361135959625244,-4.8788743019104,0.0,-0.15260373055934906,0.8255491852760315,0.016802191734313965,0,0,0,0.005977332592010498,0.5,0.3,0,0,wall,both,1,1,1,1,1,1,0.4,0,0,0
248,0.7424627542495728,-0.22778962552547455,-369.11004638671875,-0.8598763346672058,1.9606215953826904,0.03719198703765869,42,0,55,0.009540988132357597,0.6072874493927126,0.3,97,97,wall,both,1,1,1,1,1,1,0.4,4,4,0
252,1.4400123357772827,-0.8568741679191589,0.0,-1.3410123586654663,2.427689552307129,0.08757895231246948,0,0,0,0.007145704701542854,0.5,0.3,0,0,wall,both,1,1,1,1,1,1,0.4,0,0,0
256,1.5892518758773804,-1.0436865091323853,0.0,-1.244418978691101,2.151486396789551,0.22992408275604248,0,0,0,0.017346980050206184,0.5,0.3,0,0,wall,both,1,1,1,1,1,1,0.4,1,0,1
260,4.4841179847717285,-8.308806419372559,-848.171875,-4.3829545974731445,4.390655994415283,0.1557287573814392,2,0,131,0.015091524459421635,0.5300353356890459,0.3,120,133,wall,both,1,1,1,1,1,1,0.4,3,2,1
264,4.548091411590576,-8.547575950622559,-835.4828491210938,-0.5219653248786926,1.5320918560028076,0.009152412414550781,28,16,109,0.027132928371429443,0.49504950495049505,0.3,120,153,wall,both,1,1,1,1,1,1,0.4,8,6,2
268,2.9902687072753906,-3.6949198246002197,-519.2450561523438,-0.15898996591567993,0.8458455801010132,5.0187110900878906e-05,58,0,71,0.04167565330862999,0.5376344086021506,0.3,120,129,wall,both,1,1,1,1,1,1,0.4,10,7,3
272,0.7789797782897949,-0.2507477104663849,-884.0866088867188,-0.10467512160539627,0.6863206624984741,0.00033032894134521484,63,0,85,0.015590887516736984,0.5033557046979865,0.3,120,148,wall,both,1,1,1,1,1,1,0.4,8,5,3
276,1.9732908010482788,-1.6090397834777832,-446.99951171875,-0.019421270117163658,0.29559779167175293,0.000980675220489502,91,0,38,0.010518022812902927,0.5376344086021506,0.3,120,129,wall,both,1,1,1,1,1,1,0.4,8,3,5
280,3.576205253601074,-5.284811019897461,-299.0445251464844,-0.0048428745940327644,0.10275392979383469,0.024731755256652832,133,0,10,0.014722135849297047,0.5119453924914675,0.3,120,143,wall,both,1,1,1,1,1,1,0.4,7,5,2
284,1.1409409046173096,-0.537911593914032,-766.9478759765625,-0.007994583807885647,0.18782015144824982,0.0061699748039245605,123,31,21,0.012018795125186443,0.46153846153846145,0.3,120,175,wall,both,1,1,1,1,1,1,0.4,6,3,3
288,0.8642494082450867,-0.3086475133895874,-427.95330810546875,-0.043362945318222046,0.3916429579257965,0.047676026821136475,102,9,22,0.013446995057165623,0.5300353356890459,0.3,120,133,wall,both,1,1,1,1,1,1,0.4,5,4,1
292,2.6654672622680664,-2.9358327388763428,-292.8062438964844,-0.10491926223039627,0.4100641906261444,0.12864774465560913,108,0,22,0.013453464955091476,0.5357142857142857,0.3,120,130,wall,both,1,1,1,1,1,1,0.4,4,3,1
296,2.0601909160614014,-1.7538787126541138,-153.54714965820312,-0.13098259270191193,0.7673284411430359,0.005850493907928467,112,2,8,0.016022324562072754,0.551470588235294,0.3,120,122,wall,both,1,1,1,1,1,1,0.4,5,1,4
300,0.8006730079650879,-0.26490795612335205,-72.77228546142578,-0.14618991315364838,0.8110335469245911,0.002076864242553711,125,0,8,0.01606404408812523,0.5300353356890459,0.3,120,133,wall,both,1,1,1,1,1,1,0.4,1,1,0
304,1.0207202434539795,-0.43052467703819275,-133.85691833496094,-0.22542650997638702,1.0071204900741577,0.0026367902755737305,122,0,4,0.019936569035053253,0.5434782608695653,0.3,120,126,wall,both,1,1,1,1,1,1,0.4,2,2,0
308,2.8132174015045166,-3.270327091217041,-77.22783660888672,-0.0758797898888588,0.5826600193977356,0.010346770286560059,130,0,0,0.02317107655107975,0.5357142857142857,0.3,120,130,wall,both,1,1,1,1,1,1,0.4,4,3,1
312,4.94134521484375,-10.089624404907227,-335.4919738769531,-0.6093513369560242,0.6943824887275696,0.3507702350616455,125,5,12,0.03137330338358879,0.5136986301369862,0.3,120,142,wall,both,1,1,1,1,1,1,0.4,5,3,2
316,1.4155166149139404,-0.8279699683189392,-548.3705444335938,-0.20785151422023773,0.9666314125061035,0.0072127580642700195,137,24,1,0.023576581850647926,0.4807692307692307,0.3,120,162,wall,both,1,1,1,1,1,1,0.4,8,7,1
320,3.749488592147827,-5.809365272521973,-938.3236083984375,-0.12670747935771942,0.753994882106781,0.009550631046295166,123,48,6,0.03863544762134552,0.4587155963302753,0.3,102,177,wall,both,1,1,1,1,1,1,0.4,7,4,3
324,1.3721312284469604,-0.777993381023407,-345.4400329589844,-0.12945885956287384,0.763212263584137,0.001978158950805664,142,3,9,0.03253323212265968,0.49342105263157904,0.3,120,154,wall,both,1,1,1,1,1,1,0.4,8,8,0
328,2.8077425956726074,-3.25761079788208,-58.524410247802734,-0.21202000975608826,0.975807785987854,0.010141849517822266,123,0,2,0.019836146384477615,0.5454545454545454,0.3,120,125,wall,both,1,1,1,1,1,1,0.4,5,2,3
332,1.5693930387496948,-1.0177663564682007,-150.2817840576172,-0.022456426173448563,0.30244261026382446,0.022840917110443115,114,0,6,0.01195023488253355,0.5555555555555556,0.3,120,120,wall,both,1,1,1,1,1,1,0.4,3,1,2
336,2.5728251934051514,-2.7353012561798096,-382.0430603027344,-0.10021475702524185,0.6547181010246277,0.03485238552093506,129,8,12,0.03002115525305271,0.5016722408026756,0.3,120,149,wall,both,1,1,1,1,1,1,0.4,3,3,0
340,0.7366591691970825,-0.2242424339056015,-416.6405029296875,-0.2245054990053177,1.003760576248169,0.01221245527267456,117,11,22,0.02566273882985115,0.5,0.3,120,150,wall,both,1,1,1,1,1,1,0.4,3,1,2
344,4.244794845581055,-7.445571422576904,-97.92534637451172,-0.25917336344718933,1.0793993473052979,0.008005797863006592,120,0,16,0.010477115400135517,0.5244755244755245,0.3,120,136,wall,both,1,1,1,1,1,1,0.4,4,1,3
348,2.3303287029266357,-2.2439799308776855,-753.1060180664062,-0.20421865582466125,0.9586349129676819,0.0004062056541442871,125,29,36,0.00906563363969326,0.4411764705882353,0.3,120,190,wall,both,1,1,1,1,1,1,0.4,4,4,0
352,1.3641111850738525,-0.7689253091812134,-663.8571166992188,-0.26125815510749817,1.0842785835266113,0.0002936124801635742,129,14,51,0.010235575959086418,0.43604651162790703,0.3,120,194,wall,both,1,1,1,1,1,1,0.4,2,2,0
356,2.811047077178955,-3.2652831077575684,-507.1317138671875,-0.3020952641963959,1.1659451723098755,0.00016105175018310547,136,3,52,0.019570887088775635,0.4398826979472141,0.3,120,191,wall,both,1,1,1,1,1,1,0.4,2,2,0
360,1.907659888267517,-1.503787636756897,-612.3488159179688,-0.20657458901405334,0.7771694660186768,0.13314181566238403,99,0,45,0.012870091944932938,0.5102040816326531,0.3,120,144,wall,both,1,1,1,1,1,1,0.4,1,1,0
364,0.9606367945671082,-0.38133183121681213,0.0,-0.22774672508239746,0.9964559674263,0.04169797897338867,0,0,0,0.008266987279057503,0.5,0.3,0,0,wall,both,1,1,1,1,1,1,0.4,0,0,0
368,3.288156032562256,-4.4677557945251465,0.0,-0.019633665680885315,0.2971241772174835,0.0019342303276062012,0,0,0,0.01026300247758627,0.5,0.3,0,0,wall,both,1,1,1,1,1,1,0.4,0,0,0
372,0.8537779450416565,-0.3012135326862335,0.0,-0.05500909686088562,0.025469232350587845,0.11593925952911377,0,0,0,0.010247035883367062,0.5,0.3,0,0,wall,both,1,1,1,1,1,1,0.4,0,0,0
376,1.3546863794326782,-0.7583367824554443,0.0,-0.08168833702802658,0.3676014542579651,0.11250120401382446,0,0,0,0.010014843195676804,0.5,0.3,0,0,wall,both,1,1,1,1,1,1,0.4,0,0,0
380,0.36301612854003906,-0.05445483699440956,0.0,-0.10191958397626877,0.6769979000091553,0.004121303558349609,0,0,0,0.009389217011630535,0.5,0.3,0,0,wall,both,1,1,1,1,1,1,0.4,0,0,0
384,0.9186191558837891,-0.34870293736457825,0.0,-0.08335206657648087,0.6041855216026306,0.02338474988937378,0,0,0,0.010054710321128368,0.5,0.3,0,0,wall,both,1,1,1,1,1,1,0.4,0,0,0
388,0.7820343375205994,-0.2527180314064026,0.0,-0.7431727647781372,1.8287070989608765,0.002422809600830078,0,0,0,0.008151590824127197,0.5,0.3,0,0,wall,both,1,1,1,1,1,1,0.4,0,0,0
392,1.2277281284332275,-0.6228579878807068,0.0,-0.43735700845718384,1.4026492834091187,0.0060915350914001465,0,0,0,0.012213931418955326,0.5,0.3,0,0,wall,both,1,1,1,1,1,1,0.4,0,0,0
396,0.2992366552352905,-0.03700106218457222,0.0,-0.6168028116226196,1.659106731414795,0.03536945581436157,0,0,0,0.012960770167410374,0.5,0.3,0,0,wall,both,1,1,1,1,1,1,0.4,0,0,0
400,1.7736784219741821,-1.2999731302261353,0.0,-1.1409127712249756,2.2656092643737793,0.007816135883331299,0,0,0,0.011127239093184471,0.5,0.3,0,0,wall,both,1,1,1,1,1,1,0.4,0,0,0
404,1.4039905071258545,-0.8145410418510437,-804.640625,-2.075920343399048,2.6340065002441406,0.36175334453582764,6,3,81,0.030554739758372307,0.625,0.3,77,90,wall,both,1,1,1,1,1,1,0.4,6,5,1
408,1.7985140085220337,-1.336633324623108,-331.9450378417969,-0.4665461778640747,1.4489420652389526,0.001155257225036621,81,0,63,0.015843801200389862,0.5102040816326531,0.3,120,144,wall,both,1,1,1,1,1,1,0.4,6,5,1
412,1.8298128843307495,-1.3835599422454834,-387.51300048828125,-0.0806286633014679,0.601325511932373,0.008205294609069824,73,0,51,0.020654212683439255,0.5474452554744526,0.3,120,124,wall,both,1,1,1,1,1,1,0.4,5,3,2
416,2.0602965354919434,-1.754058599472046,-394.75482177734375,-0.02022593282163143,0.21463389694690704,0.04946941137313843,78,1,62,0.011370428837835789,0.5154639175257733,0.3,120,141,wall,both,1,1,1,1,1,1,0.4,7,5,2
420,2.2136523723602295,-2.0248992443084717,-509.89508056640625,-0.16090057790279388,0.0020389233250170946,0.19854575395584106,118,0,19,0.012892911210656166,0.5226480836236934,0.3,120,137,wall,both,1,1,1,1,1,1,0.4,3,3,0
424,0.5578654408454895,-0.12860076129436493,-289.35504150390625,-0.022565804421901703,0.318471223115921,0.0025793910026550293,116,2,16,0.03268451243638992,0.528169014084507,0.3,120,134,wall,both,1,1,1,1,1,1,0.4,7,3,4
428,0.042398348450660706,-0.0007428181124851108,-490.9554138183594,-0.23175948858261108,1.0212290287017822,0.0006960630416870117,115,12,19,0.033161863684654236,0.5067567567567568,0.3,120,146,wall,both,1,1,1,1,1,1,0.4,6,3,3
432,1.442305564880371,-0.8596054315567017,-276.33319091796875,-0.10513759404420853,0.6878138184547424,0.001305997371673584,126,5,13,0.04346414655447006,0.5102040816326531,0.3,120,144,wall,both,1,1,1,1,1,1,0.4,6,4,2
436,0.019151082262396812,-0.000151555344928056,-132.24325561523438,-0.20505854487419128,0.9594017267227173,0.011218786239624023,113,0,7,0.026040904223918915,0.5555555555555556,0.3,120,120,wall,both,1,1,1,1,1,1,0.4,4,1,3
440,0.16189153492450714,-0.010830109938979149,-63.04519271850586,-0.21228501200675964,0.9773778915405273,0.0009040236473083496,148,0,0,0.025114014744758606,0.5033557046979865,0.3,120,148,wall,both,1,1,1,1,1,1,0.4,6,5,1
444,1.3831135034561157,-0.7904970645904541,-54.53825378417969,-0.1268695592880249,0.755569338798523,0.001234591007232666,141,0,2,0.03410153090953827,0.5119453924914675,0.3,120,143,wall,both,1,1,1,1,1,1,0.4,6,4,2
448,2.8696022033691406,-3.4027342796325684,-262.50946044921875,-0.19384804368019104,0.2885292172431946,0.20726871490478516,122,0,11,0.059494391083717346,0.5300353356890459,0.3,120,133,wall,both,1,1,1,1,1,1,0.4,4,3,1
452,0.4387393891811371,-0.07954224944114685,-700.3167114257812,-0.05818602442741394,0.4206708073616028,0.06797701120376587,130,4,33,0.07327789813280106,0.47318611987381703,0.3,120,167,wall,both,1,1,1,1,1,1,0.4,5,3,2
456,1.0639874935150146,-0.4677972197532654,-467.0589599609375,-0.023293418809771538,0.2205214649438858,0.05531066656112671,128,1,28,0.043684396892786026,0.4885993485342019,0.3,120,157,wall,both,1,1,1,1,1,1,0.4,6,3,3
460,5.777453422546387,-13.792961120605469,-774.7457885742188,-0.11497853696346283,0.717129647731781,0.013050973415374756,113,33,17,0.12155354022979736,0.47923322683706066,0.3,120,163,wall,both,1,1,1,1,1,1,0.4,4,3,1
464,2.27831768989563,-2.144930362701416,-694.6809692382812,-0.17974786460399628,0.8919086456298828,0.026974260807037354,134,33,24,0.03186336159706116,0.4398826979472141,0.3,120,191,wall,both,1,1,1,1,1,1,0.4,7,4,3
468,1.1691128015518188,-0.5648036003112793,-768.8218994140625,-0.15429769456386566,0.8332570195198059,0.0011023879051208496,124,35,10,0.03776927292346954,0.47021943573667707,0.3,120,169,wall,both,1,1,1,1,1,1,0.4,10,5,5
472,1.708734393119812,-1.2065178155899048,-198.07411193847656,-0.21346323192119598,0.9800940752029419,9.262561798095703e-05,118,3,11,0.03843960911035538,0.5319148936170213,0.3,120,132,wall,both,1,1,1,1,1,1,0.4,8,6,2
476,1.9658243656158447,-1.5968865156173706,-225.2507781982422,-0.00534809660166502,0.05754995718598366,0.033614933490753174,105,0,15,0.04475398361682892,0.5555555555555556,0.3,120,120,wall,both,1,1,1,1,1,1,0.4,4,1,3
480,5.892296314239502,-14.346756935119629,-201.6685333251953,-0.04882679879665375,0.41641879081726074,0.05021601915359497,103,0,17,0.031792882829904556,0.5555555555555556,0.3,120,120,wall,both,1,1,1,1,1,1,0.4,3,1,2
484,3.510128974914551,-5.091324329376221,-720.307373046875,-0.03133074939250946,0.29321029782295227,0.05472952127456665,100,24,32,0.04295489937067032,0.49019607843137253,0.3,120,156,wall,both,1,1,1,1,1,1,0.4,5,3,2
488,0.25637075304985046,-0.02715948596596718,-224.54600524902344,-0.09552346915006638,0.6553889513015747,0.004180014133453369,165,7,0,0.01812867447733879,0.46583850931677023,0.3,120,172,wall,both,1,1,1,1,1,1,0.4,8,6,2
492,2.3668131828308105,-2.3147952556610107,-291.2988586425781,-0.27994444966316223,1.1212927103042603,0.01155555248260498,124,7,9,0.018742898479104042,0.5172413793103449,0.3,120,140,wall,both,1,1,1,1,1,1,0.4,5,4,1
496,2.914113998413086,-3.509115695953369,-134.34027099609375,-0.22772644460201263,1.012307047843933,0.00042635202407836914,114,0,16,0.01683179847896099,0.5357142857142857,0.3,120,130,wall,both,1,1,1,1,1,1,0.4,4,2,2
500,2.391201972961426,-2.362746477127075,-954.9518432617188,-0.08294039964675903,0.6109123229980469,0.000988304615020752,114,38,26,0.012723383493721485,0.4573170731707317,0.3,120,178,wall,both,1,1,1,1,1,1,0.4,4,4,0
504,2.075023889541626,-1.7792247533798218,-139.14822387695312,-0.17123739421367645,0.8749876618385315,0.016440987586975098,144,0,24,0.0113137848675251,0.4716981132075471,0.3,120,168,wall,both,1,1,1,1,1,1,0.4,3,1,2
508,0.24736391007900238,-0.025284668430685997,-459.0436096191406,-0.13292746245861053,0.7733446955680847,0.0024641752243041992,117,14,15,0.011445070616900921,0.5067567567567568,0.3,119,146,wall,both,1,1,1,1,1,1,0.4,2,1,1
512,3.372791290283203,-4.700710773468018,-614.1240234375,-0.02177567593753338,0.2959510087966919,0.023799479007720947,106,4,32,0.009228799492120743,0.5136986301369862,0.3,115,142,wall,both,1,1,1,1,1,1,0.4,1,1,0
516,1.6643047332763672,-1.144590973854065,0.0,-0.04388004168868065,0.44436410069465637,0.00019872188568115234,0,0,0,0.008353151381015778,0.5,0.3,0,0,wall,both,1,1,1,1,1,1,0.4,0,0,0
520,0.4073787331581116,-0.06857744604349136,0.0,-0.03567664325237274,0.07076937705278397,0.09202229976654053,0,0,0,0.009999478235840797,0.5,0.3,0,0,wall,both,1,1,1,1,1,1,0.4,1,0,1
524,2.4981391429901123,-2.578801155090332,0.0,-0.11858703941106796,0.7265574336051941,0.017702579498291016,0,0,0,0.009281373582780361,0.5,0.3,0,0,wall,both,1,1,1,1,1,1,0.4,4,0,4
528,0.4892512559890747,-0.09891188889741898,-173.1773681640625,-0.0421779491007328,0.4267979860305786,0.020400643348693848,91,0,17,0.013054802082479,0.5813953488372093,0.3,108,108,wall,both,1,1,1,1,1,1,0.4,4,3,1
532,3.6156578063964844,-5.402058124542236,-145.12184143066406,-0.10679040849208832,0.3411531448364258,0.14080876111984253,86,0,8,0.017403868958353996,0.6147540983606558,0.3,94,94,wall,both,1,1,1,1,1,1,0.4,1,1,0
536,0.13318997621536255,-0.00733040040358901,0.0,-0.49155187606811523,1.4253900051116943,0.09906280040740967,0,0,0,0.008747100830078125,0.5,0.3,0,0,wall,both,1,1,1,1,1,1,0.4,0,0,0
540,1.3770536184310913,-0.7835853695869446,-317.9819030761719,-1.586034893989563,1.2688980102539062,0.5485594272613525,55,0,27,0.020234744995832443,0.646551724137931,0.3,82,82,wall,both,1,1,1,1,1,1,0.4,1,1,0
544,3.5465550422668457,-5.197542190551758,-389.44488525390625,-1.7399721145629883,2.303450107574463,0.3706984519958496,41,0,50,0.01387943234294653,0.6224066390041494,0.3,91,91,wall,both,1,1,1,1,1,1,0.4,2,1,1
548,1.1284836530685425,-0.5262295007705688,-451.0291442871094,-2.085827112197876,2.546410083770752,0.39749056100845337,30,0,65,0.011344545520842075,0.6122448979591837,0.3,95,95,wall,both,1,1,1,1,1,1,0.4,2,2,0
552,1.9173370599746704,-1.5190831422805786,-586.5880737304688,-3.1199116706848145,2.215881109237671,0.70501708984375,25,1,79,0.011445577256381512,0.5882352941176471,0.3,94,105,wall,both,1,1,1,1,1,1,0.4,3,2,1
556,0.29651814699172974,-0.036331821233034134,-340.9299621582031,-1.0428478717803955,1.40287446975708,0.3851596713066101,36,0,40,0.03017682209610939,0.663716814159292,0.3,67,76,wall,both,1,1,1,1,1,1,0.4,4,2,2
560,1.0763448476791382,-0.47872650623321533,-521.1565551757812,-0.7306504845619202,1.812170147895813,0.014695167541503906,28,0,54,0.016755709424614906,0.646551724137931,0.3,61,82,wall,both,1,1,1,1,1,1,0.4,11,8,3
564,0.582923948764801,-0.1404133439064026,-242.51109313964844,-0.2504969835281372,1.0288959741592407,0.06111794710159302,77,0,42,0.01790851168334484,0.5576208178438662,0.3,105,119,wall,both,1,1,1,1,1,1,0.4,8,4,4
568,1.6855871677398682,-1.174051284790039,-201.8742218017578,-0.16376638412475586,0.7922476530075073,0.07713860273361206,80,0,28,0.021103044971823692,0.5813953488372093,0.3,104,108,wall,both,1,1,1,1,1,1,0.4,8,5,3
572,2.376627206802368,-2.334031581878662,-125.30165100097656,-0.19348584115505219,0.9208691716194153,0.03514456748962402,88,0,14,0.01462599541991949,0.5952380952380952,0.3,94,102,wall,both,1,1,1,1,1,1,0.4,7,5,2
576,2.914726495742798,-3.5105907917022705,-590.1077880859375,-0.12296146154403687,0.6207170486450195,0.09564870595932007,68,0,47,0.011252847500145435,0.5660377358490566,0.3,76,115,wall,both,1,1,1,1,1,1,0.4,8,5,3
580,3.640859365463257,-5.477626323699951,-235.17153930664062,-0.15970006585121155,0.847732424736023,3.2782554626464844e-06,126,5,10,0.026530683040618896,0.5154639175257733,0.3,120,141,wall,both,1,1,1,1,1,1,0.4,4,3,1
584,0.45410650968551636,-0.0852118656039238,-113.67212677001953,-0.05473516881465912,0.4962945282459259,1.9669532775878906e-06,113,0,7,0.012863866984844208,0.5555555555555556,0.3,120,120,wall,both,1,1,1,1,1,1,0.4,7,3,4
588,2.4493257999420166,-2.4790070056915283,-123.55667877197266,-0.22489383816719055,0.9799969792366028,0.053017616271972656,112,0,8,0.011877899058163166,0.5555555555555556,0.3,120,120,wall,both,1,1,1,1,1,1,0.4,6,3,3
592,1.2624672651290894,-0.6586047410964966,-241.25897216796875,-0.010575725696980953,0.04751226678490639,0.049680471420288086,107,0,14,0.010871709324419498,0.5535055350553506,0.3,120,121,wall,both,1,1,1,1,1,1,0.4,9,5,4
596,2.4284088611602783,-2.4368467330932617,-230.39846801757812,-1.0929228067398071,0.48077186942100525,0.5051551461219788,127,1,16,0.06105490401387215,0.5102040816326531,0.3,120,144,wall,both,1,1,1,1,1,1,0.4,6,6,0
600,1.497656226158142,-0.926848828792572,0.0,-0.03073396161198616,0.2688402235507965,0.059957027435302734,0,0,0,0.010658576153218746,0.5,0.3,0,0,wall,both,1,1,1,1,1,1,0.4,4,0,4
604,0.45743879675865173,-0.08646704256534576,-122.53944396972656,-0.05053603649139404,0.4727182388305664,0.014664053916931152,123,1,4,0.019077591598033905,0.539568345323741,0.3,120,128,wall,both,1,1,1,1,1,1,0.4,6,2,4
608,0.7920762300491333,-0.25924989581108093,-207.30665588378906,-0.07130783051252365,0.5664671659469604,9.316205978393555e-05,103,0,17,0.012165775522589684,0.5555555555555556,0.3,120,120,wall,both,1,1,1,1,1,1,0.4,7,5,2
612,1.3959587812423706,-0.8052482604980469,-175.55430603027344,-0.06559120863676071,0.5397071838378906,0.014527857303619385,133,0,9,0.02526182495057583,0.5136986301369862,0.3,120,142,wall,both,1,1,1,1,1,1,0.4,7,5,2
616,4.455000400543213,-8.201251029968262,-89.28658294677734,-0.2986985146999359,1.1593718528747559,7.474422454833984e-05,150,0,6,0.011646464467048645,0.49019607843137253,0.3,120,156,wall,both,1,1,1,1,1,1,0.4,11,6,5
620,1.7004222869873047,-1.1948081254959106,-129.32188415527344,-0.18131840229034424,0.8483076691627502,0.0724111795425415,109,0,11,0.010693979449570179,0.5555555555555556,0.3,120,120,wall,both,1,1,1,1,1,1,0.4,6,2,4
624,2.455610513687134,-2.4917449951171875,-111.02609252929688,-0.0925782322883606,0.6421169638633728,0.015279054641723633,145,0,2,0.010813198983669281,0.5050505050505051,0.3,120,147,wall,both,1,1,1,1,1,1,0.4,5,3,2
628,0.2984790503978729,-0.03681394085288048,-96.89757537841797,-0.10570281744003296,0.6896829009056091,9.417533874511719e-05,117,0,3,0.009525815024971962,0.5555555555555556,0.3,120,120,wall,both,1,1,1,1,1,1,0.4,4,3,1
632,2.439549207687378,-2.459256172180176,-434.9546203613281,-0.18870943784713745,0.9206133484840393,0.009516716003417969,143,14,15,0.00989669281989336,0.46583850931677023,0.3,120,172,wall,both,1,1,1,1,1,1,0.4,5,3,2
636,1.0942034721374512,-0.49474430084228516,-151.67779541015625,-0.12819109857082367,0.7594713568687439,0.0018547773361206055,120,1,14,0.029914097860455513,0.5263157894736842,0.3,120,135,wall,both,1,1,1,1,1,1,0.4,3,2,1
640,0.5719631910324097,-0.13518258929252625,-176.56788635253906,-0.3085717260837555,1.1782413721084595,0.0041735172271728516,125,3,6,0.033973511308431625,0.528169014084507,0.3,120,134,wall,both,1,1,1,1,1,1,0.4,3,1,2
644,5.731313228607178,-13.573532104492188,-492.8321228027344,-0.08170108497142792,0.6056957840919495,0.0065479278564453125,130,12,17,0.037730004638433456,0.4854368932038835,0.3,120,159,wall,both,1,1,1,1,1,1,0.4,3,2,1
648,3.5924415588378906,-5.332907676696777,-133.66641235351562,-0.20471379160881042,0.9597207307815552,0.0028396248817443848,125,1,8,0.028615951538085938,0.528169014084507,0.3,120,134,wall,both,1,1,1,1,1,1,0.4,3,1,2
652,1.5341490507125854,-0.9725674390792847,-552.3796997070312,-0.23300977051258087,1.0233186483383179,0.00861424207687378,133,6,38,0.06852348893880844,0.4587155963302753,0.3,120,177,wall,both,1,1,1,1,1,1,0.4,3,2,1
656,1.4496402740478516,-0.8683705925941467,0.0,-0.06941772252321243,0.5412688255310059,0.03250610828399658,0,0,0,0.025188274681568146,0.5,0.3,0,0,wall,both,1,1,1,1,1,1,0.4,2,0,2
660,3.2504615783691406,-4.365909099578857,-260.7410583496094,-0.07268543541431427,0.5717987418174744,0.0026671290397644043,123,3,25,0.04205738380551338,0.4983388704318937,0.3,120,151,wall,both,1,1,1,1,1,1,0.4,1,1,0
664,2.2799510955810547,-2.1480069160461426,0.0,-0.07353968918323517,0.5751792788505554,0.0023029446601867676,0,0,0,0.02067676931619644,0.5,0.3,0,0,wall,both,1,1,1,1,1,1,0.4,0,0,0
668,2.2963945865631104,-2.1791024208068848,0.0,-0.39945074915885925,0.39401304721832275,0.29902029037475586,0,0,0,0.023216186091303825,0.5,0.3,0,0,wall,both,1,1,1,1,1,1,0.4,0,0,0
672,0.3974739611148834,-0.06528328359127045,0.0,-0.5532146096229553,1.5728068351745605,0.029278039932250977,0,0,0,0.011656736023724079,0.5,0.3,0,0,wall,both,1,1,1,1,1,1,0.4,0,0,0
676,1.725633978843689,-1.2305009365081787,0.0,-1.3066717386245728,2.4228355884552,0.023204803466796875,0,0,0,0.017681997269392014,0.5,0.3,0,0,wall,both,1,1,1,1,1,1,0.4,0,0,0
680,5.192424774169922,-11.141021728515625,-615.8555297851562,-1.6767444610595703,2.42988920211792,0.2989025115966797,4,0,89,0.025934768840670586,0.6172839506172839,0.3,93,93,wall,both,1,1,1,1,1,1,0.4,2,1,1
684,1.0295995473861694,-0.4380476176738739,-553.6135864257812,-1.5903764963150024,2.6371493339538574,0.10490608215332031,7,0,44,0.015625139698386192,0.7462686567164178,0.3,51,51,wall,both,1,1,1,1,1,1,0.4,3,2,1
688,0.9533202052116394,-0.3755452036857605,-714.8302612304688,-0.37007689476013184,1.148889422416687,0.13713157176971436,15,4,63,0.017436200752854347,0.646551724137931,0.3,67,82,wall,both,1,1,1,1,1,1,0.4,5,2,3
692,0.9573304057121277,-0.3787113428115845,-319.1080017089844,-0.05299103632569313,0.4882897436618805,0.0013361573219299316,67,0,53,0.012017625384032726,0.5555555555555556,0.3,120,120,wall,both,1,1,1,1,1,1,0.4,1,1,0
696,1.8819594383239746,-1.463541865348816,-535.1831665039062,-0.17262373864650726,0.20083779096603394,0.20024174451828003,99,12,21,0.014542125165462494,0.5319148936170213,0.3,120,132,wall,both,1,1,1,1,1,1,0.4,4,3,1
700,1.1430480480194092,-0.5399003028869629,-291.64306640625,-0.08348307013511658,0.5209295153617859,0.07535845041275024,71,0,49,0.010892774909734726,0.5555555555555556,0.3,120,120,wall,both,1,1,1,1,1,1,0.4,6,2,4
704,3.492124319076538,-5.0392279624938965,-549.084716796875,-0.2114468365907669,0.9754032492637634,0.002324223518371582,116,19,14,0.012817002832889557,0.5016722408026756,0.3,120,149,wall,both,1,1,1,1,1,1,0.4,7,4,3
708,1.4826456308364868,-0.9083628058433533,-313.0778503417969,-0.11436334252357483,0.6532306671142578,0.06918823719024658,133,0,32,0.011354065500199795,0.47619047619047616,0.3,120,165,wall,both,1,1,1,1,1,1,0.4,9,5,4
712,1.2806960344314575,-0.6777612566947937,-622.1163330078125,-0.13639791309833527,0.7833349108695984,0.0031043291091918945,106,20,28,0.021924518048763275,0.49342105263157904,0.3,120,154,wall,both,1,1,1,1,1,1,0.4,4,1,3
716,1.7710047960281372,-1.296056866645813,-317.53497314453125,-0.07796838134527206,0.5867577791213989,0.018917322158813477,120,0,36,0.022469354793429375,0.49019607843137253,0.3,120,156,wall,both,1,1,1,1,1,1,0.4,8,5,3
720,1.1030112504959106,-0.5027412176132202,-507.62811279296875,-0.2403382509946823,1.0399625301361084,2.7298927307128906e-05,115,18,18,0.02234572172164917,0.4983388704318937,0.3,120,151,wall,both,1,1,1,1,1,1,0.4,5,3,2
724,1.0602728128433228,-0.46453651785850525,-295.5762023925781,-0.24835440516471863,1.0571415424346924,0.0015933513641357422,133,0,19,0.03428812697529793,0.49668874172185423,0.3,120,152,wall,both,1,1,1,1,1,1,0.4,6,4,2
728,0.21654415130615234,-0.019376598298549652,-136.22409057617188,-0.16469590365886688,0.8513005971908569,0.029898345470428467,111,0,15,0.014176864176988602,0.5434782608695653,0.3,120,126,wall,both,1,1,1,1,1,1,0.4,6,4,2
732,0.7728376388549805,-0.24680908024311066,-140.7724151611328,-0.10480184108018875,0.6854696869850159,0.009731888771057129,107,0,13,0.016569867730140686,0.5555555555555556,0.3,120,120,wall,both,1,1,1,1,1,1,0.4,5,2,3
736,1.2238011360168457,-0.6188797950744629,-144.27719116210938,-0.21643482148647308,0.9868912696838379,0.00035256147384643555,107,0,20,0.011203897185623646,0.5415162454873647,0.3,120,127,wall,both,1,1,1,1,1,1,0.4,7,4,3
740,1.4677494764328003,-0.8902018070220947,-167.34840393066406,-0.1573932021856308,0.8415752053260803,0.001057267189025879,102,0,22,0.014610279351472855,0.5474452554744526,0.3,120,124,wall,both,1,1,1,1,1,1,0.4,5,3,2
744,2.197052240371704,-1.994644045829773,-296.4818115234375,-0.3420924246311188,1.2407300472259521,0.0005108118057250977,107,5,31,0.01235211081802845,0.5119453924914675,0.3,120,143,wall,both,1,1,1,1,1,1,0.4,5,5,0
748,1.2902041673660278,-0.6878622770309448,-154.112548828125,-0.2775903046131134,1.1175752878189087,0.003146946430206299,99,0,23,0.026989776641130447,0.551470588235294,0.3,120,122,wall,both,1,1,1,1,1,1,0.4,3,1,2
752,2.6114439964294434,-2.818032741546631,-188.28562927246094,-0.10467018932104111,0.6824257373809814,0.01700448989868164,111,0,13,0.018239380791783333,0.5474452554744526,0.3,120,124,wall,both,1,1,1,1,1,1,0.4,4,2,2
756,3.5270450115203857,-5.140514850616455,-678.98974609375,-0.014499133452773094,0.04849960282444954,0.058516860008239746,109,12,39,0.016871215775609016,0.48387096774193555,0.3,120,160,wall,both,1,1,1,1,1,1,0.4,3,3,0
760,2.2556827068328857,-2.102522373199463,-822.5994873046875,-0.023645125329494476,0.32124751806259155,0.01320570707321167,90,25,42,0.013737752102315426,0.4885993485342019,0.3,120,157,wall,both,1,1,1,1,1,1,0.4,2,2,0
764,0.33791980147361755,-0.04718586057424545,-338.38482666015625,-0.08029838651418686,0.5899658203125,0.02689218521118164,89,4,38,0.011718237772583961,0.5338078291814947,0.3,120,131,wall,both,1,1,1,1,1,1,0.4,2,1,1
768,1.0950661897659302,-0.4955247640609741,0.0,-0.041137780994176865,0.3674195408821106,0.05223900079727173,0,0,0,0.0075035435147583485,0.5,0.3,0,0,wall,both,1,1,1,1,1,1,0.4,0,0,0
772,3.9714949131011963,-6.517673969268799,-406.0079345703125,-0.05010010302066803,0.27002209424972534,0.09113109111785889,102,9,17,0.011101041920483112,0.539568345323741,0.3,107,128,wall,both,1,1,1,1,1,1,0.4,1,1,0
776,0.08591523766517639,-0.0030501766595989466,0.0,-0.08596525341272354,0.6152082085609436,0.021337568759918213,0,0,0,0.007538986392319202,0.5,0.3,0,0,wall,both,1,1,1,1,1,1,0.4,1,0,1
780,1.2743643522262573,-0.6710761785507202,0.0,-0.2389487326145172,1.0366108417510986,0.006205081939697266,0,0,0,0.016169527545571327,0.5,0.3,0,0,wall,both,1,1,1,1,1,1,0.4,0,0,0
784,2.4174697399139404,-2.4149420261383057,0.0,-0.36667782068252563,1.1900686025619507,0.11282020807266235,0,0,0,0.011082176119089127,0.5,0.3,0,0,wall,both,1,1,1,1,1,1,0.4,0,0,0
788,0.9234471321105957,-0.35237792134284973,0.0,-0.8541790843009949,1.9544845819473267,0.03599381446838379,0,0,0,0.00801370944827795,0.5,0.3,0,0,wall,both,1,1,1,1,1,1,0.4,0,0,0
792,2.6693027019500732,-2.9442877769470215,0.0,-0.6365183591842651,1.6795260906219482,0.04867929220199585,0,0,0,0.01018774975091219,0.5,0.3,0,0,wall,both,1,1,1,1,1,1,0.4,0,0,0
796,3.931198835372925,-6.386084079742432,0.0,-3.0483193397521973,2.700291395187378,0.5914834141731262,0,0,0,0.00820931326597929,0.5,0.3,0,0,wall,both,1,1,1,1,1,1,0.4,1,0,1
800,3.4836535453796387,-5.014810562133789,-445.9787902832031,-3.4797887802124023,2.757524013519287,0.6622356176376343,35,0,36,0.014780375175178051,0.6787330316742082,0.3,71,71,wall,both,1,1,1,1,1,1,0.4,3,1,2
804,3.773486852645874,-5.883967876434326,-587.1048583984375,-1.0023382902145386,2.1235575675964355,0.00747227668762207,11,0,79,0.03028862550854683,0.625,0.3,79,90,wall,both,1,1,1,1,1,1,0.4,9,6,3
808,0.7548803091049194,-0.23547284305095673,-515.6533203125,-0.49562710523605347,1.4934054613113403,0.0018385648727416992,37,3,77,0.028403189033269882,0.5617977528089888,0.3,114,117,wall,both,1,1,1,1,1,1,0.4,10,6,4
812,4.524023532867432,-8.457350730895996,-723.746337890625,-0.20038063824176788,0.9489368796348572,0.008188843727111816,63,10,73,0.01835707016289234,0.5067567567567568,0.3,103,146,wall,both,1,1,1,1,1,1,0.4,13,11,2
816,4.281417369842529,-7.5746002197265625,-503.4759216308594,-0.23915451765060425,1.025486707687378,0.03657633066177368,49,3,95,0.01327071525156498,0.5050505050505051,0.3,120,147,wall,both,1,1,1,1,1,1,0.4,14,12,2
820,2.402890920639038,-2.3859026432037354,-291.99993896484375,-0.04260879009962082,0.08223672211170197,0.1003541350364685,103,0,17,0.016292989253997803,0.5555555555555556,0.3,120,120,wall,both,1,1,1,1,1,1,0.4,12,4,8
824,0.40981948375701904,-0.06940165907144547,-227.674072265625,-0.21336233615875244,0.979860782623291,0.0004252195358276367,86,0,34,0.01081351563334465,0.5555555555555556,0.3,120,120,wall,both,1,1,1,1,1,1,0.4,12,3,9
828,2.2813308238983154,-2.1506073474884033,-332.79901123046875,-0.04768615961074829,0.45860740542411804,0.015241801738739014,104,2,43,0.03247763216495514,0.5016722408026756,0.3,120,149,wall,both,1,1,1,1,1,1,0.4,11,8,3
832,2.6819281578063965,-2.972205877304077,-417.8846740722656,-0.05074245482683182,0.4774666130542755,0.004468023777008057,109,6,29,0.019082175567746162,0.5102040816326531,0.3,114,144,wall,both,1,1,1,1,1,1,0.4,12,9,3
836,1.0464013814926147,-0.4524610638618469,-225.87718200683594,-0.050951335579156876,0.4771396219730377,0.009387969970703125,99,0,28,0.013135654851794243,0.5415162454873647,0.3,117,127,wall,both,1,1,1,1,1,1,0.4,10,6,4
840,2.4316964149475098,-2.4434492588043213,-176.96951293945312,-0.18412074446678162,0.9092674255371094,0.00983351469039917,113,0,28,0.014785343781113625,0.5154639175257733,0.3,113,141,wall,both,1,1,1,1,1,1,0.4,13,8,5
844,2.185565948486328,-1.9738422632217407,-204.83892822265625,-0.163735494017601,0.8430320620536804,0.03770095109939575,93,0,27,0.01307370513677597,0.5555555555555556,0.3,105,120,wall,both,1,1,1,1,1,1,0.4,12,7,5
848,1.8026108741760254,-1.3427295684814453,-247.3639678955078,-0.14199665188789368,0.7993420362472534,0.0014251470565795898,118,4,14,0.015073848888278008,0.5244755244755245,0.3,119,136,wall,both,1,1,1,1,1,1,0.4,10,5,5
852,1.1747968196868896,-0.5703088641166687,-398.9165954589844,-0.38106608390808105,0.8587090373039246,0.23068350553512573,109,0,19,0.021745486184954643,0.539568345323741,0.3,106,128,wall,both,1,1,1,1,1,1,0.4,11,6,5
856,2.92875337600708,-3.544461250305176,-186.69473266601562,-0.1812356859445572,0.9030202627182007,0.002501964569091797,117,0,19,0.012363794259727001,0.5244755244755245,0.3,119,136,wall,both,1,1,1,1,1,1,0.4,11,6,5
860,3.935488700866699,-6.400029182434082,-426.8587341308594,-0.2203303426504135,0.9391856789588928,0.07718247175216675,124,11,9,0.010708612389862537,0.5102040816326531,0.3,117,144,wall,both,1,1,1,1,1,1,0.4,12,9,3
864,2.8406107425689697,-3.3343262672424316,-428.4714660644531,-0.13008278608322144,0.7591464519500732,0.022220849990844727,120,11,12,0.010754664428532124,0.5119453924914675,0.3,120,143,wall,both,1,1,1,1,1,1,0.4,11,5,6
868,0.5799129605293274,-0.13896653056144714,-262.77532958984375,-0.26631006598472595,0.3949369788169861,0.23823094367980957,131,0,14,0.0137733593583107,0.5084745762711864,0.3,120,145,wall,both,1,1,1,1,1,1,0.4,13,9,4
872,2.3909366130828857,-2.362222194671631,-251.30006408691406,-0.012602534145116806,0.23787476122379303,0.002629518508911133,101,0,11,0.013674500398337841,0.5725190839694657,0.3,94,112,wall,both,1,1,1,1,1,1,0.4,9,6,3
876,0.2183057963848114,-0.019693147391080856,-259.574462890625,-0.052268777042627335,0.4848403334617615,0.0027542710304260254,109,0,26,0.009434474632143974,0.5263157894736842,0.3,120,135,wall,both,1,1,1,1,1,1,0.4,3,2,1
880,3.105742931365967,-3.9858012199401855,-190.68634033203125,-0.34567150473594666,1.237941026687622,0.03540503978729248,114,0,22,0.023982379585504532,0.5244755244755245,0.3,120,136,wall,both,1,1,1,1,1,1,0.4,4,2,2
884,4.582817077636719,-8.67859935760498,-260.409423828125,-0.12020305544137955,0.6423513293266296,0.08357715606689453,111,0,22,0.016625873744487762,0.5300353356890459,0.3,120,133,wall,both,1,1,1,1,1,1,0.4,4,1,3
888,1.826378345489502,-1.3783708810806274,-584.5859985351562,-0.046958062797784805,0.45599400997161865,0.013566970825195312,115,21,13,0.021152986213564873,0.5016722408026756,0.3,120,149,wall,both,1,1,1,1,1,1,0.4,6,3,3
892,3.2709221839904785,-4.421045780181885,-739.2623901367188,-0.5298592448234558,0.5424293875694275,0.3373371362686157,131,10,25,0.02432240918278694,0.4746835443037975,0.3,120,166,wall,both,1,1,1,1,1,1,0.4,4,3,1
896,0.804974377155304,-0.26776185631752014,-292.7171325683594,-0.0619940310716629,0.5219978094100952,0.018799543380737305,108,5,20,0.018780486658215523,0.5300353356890459,0.3,120,133,wall,both,1,1,1,1,1,1,0.4,4,1,3
900,1.726184368133545,-1.2312860488891602,-302.2797546386719,-0.026479696854948997,0.3451862633228302,0.0005257129669189453,108,2,20,0.013897459954023361,0.5357142857142857,0.3,120,130,wall,both,1,1,1,1,1,1,0.4,1,1,0
904,1.10621976852417,-0.5056703090667725,0.0,-0.09113223850727081,0.5300867557525635,0.0838388204574585,0,0,0,0.012518364004790783,0.5,0.3,0,0,wall,both,1,1,1,1,1,1,0.4,1,0,1
908,2.6475820541381836,-2.896566152572632,0.0,-0.0006735066417604685,0.05495836213231087,0.0007509589195251465,0,0,0,0.02080470323562622,0.5,0.3,0,0,wall,both,1,1,1,1,1,1,0.4,0,0,0
912,0.9329179525375366,-0.359642893075943,0.0,-0.004524831660091877,0.14091329276561737,0.00524449348449707,0,0,0,0.013186617754399776,0.5,0.3,0,0,wall,both,1,1,1,1,1,1,0.4,0,0,0
916,0.887061595916748,-0.3251563012599945,0.0,-0.2372235208749771,1.0180702209472656,0.04110831022262573,0,0,0,0.006591904908418655,0.5,0.3,0,0,wall,both,1,1,1,1,1,1,0.4,0,0,0
920,1.9118285179138184,-1.5103669166564941,0.0,-0.13591694831848145,0.6239894032478333,0.11000460386276245,0,0,0,0.0102473059669137,0.5,0.3,0,0,wall,both,1,1,1,1,1,1,0.4,0,0,0
924,1.6016149520874023,-1.0599877834320068,0.0,-0.5100488662719727,1.504116177558899,0.042293429374694824,0,0,0,0.008893071673810482,0.5,0.3,0,0,wall,both,1,1,1,1,1,1,0.4,0,0,0
928,0.6541630029678345,-0.1768302470445633,0.0,-0.14509423077106476,0.8079851865768433,0.0021380186080932617,0,0,0,0.008459270000457764,0.5,0.3,0,0,wall,both,1,1,1,1,1,1,0.4,0,0,0
932,2.6481359004974365,-2.897778272628784,0.0,-0.4157233238220215,0.7260646224021912,0.2704639434814453,0,0,0,0.008518213406205177,0.5,0.3,0,0,wall,both,1,1,1,1,1,1,0.4,0,0,0
936,0.25958892703056335,-0.02784562297165394,-759.0316772460938,-1.6277737617492676,2.620208263397217,0.15816664695739746,15,0,58,0.01154098380357027,0.6726457399103138,0.3,66,73,wall,both,1,1,1,1,1,1,0.4,4,4,0
940,0.15060409903526306,-0.009372559376060963,-597.4732055664062,-2.2805914878845215,2.0107083320617676,0.5819182395935059,27,5,50,0.011973144486546516,0.646551724137931,0.3,69,82,wall,both,1,1,1,1,1,1,0.4,3,2,1
944,1.9042757749557495,-1.4984570741653442,-532.7022094726562,-3.1289172172546387,3.085016965866089,0.4984164834022522,21,0,62,0.01306241936981678,0.6437768240343348,0.3,83,83,wall,both,1,1,1,1,1,1,0.4,4,2,2
948,2.403040885925293,-2.386200428009033,-448.0759582519531,-3.3097832202911377,2.329770565032959,0.7179008722305298,52,0,52,0.009811506606638432,0.5905511811023622,0.3,104,104,wall,both,1,1,1,1,1,1,0.4,4,1,3
952,2.9231700897216797,-3.5309600830078125,-421.4026794433594,-0.2858271598815918,1.1334606409072876,0.009004354476928711,68,2,61,0.020398620516061783,0.5338078291814947,0.3,120,131,wall,both,1,1,1,1,1,1,0.4,7,3,4
956,3.412966012954712,-4.813362121582031,-336.14556884765625,-0.5060063600540161,1.5089826583862305,1.4126300811767578e-05,64,0,64,0.01066768541932106,0.539568345323741,0.3,120,128,wall,both,1,1,1,1,1,1,0.4,8,4,4
960,0.34498530626296997,-0.049179691821336746,-390.47088623046875,-0.11796393245458603,0.7281382083892822,0.0059601664543151855,87,0,84,0.02081926167011261,0.4672897196261683,0.3,120,171,wall,both,1,1,1,1,1,1,0.4,10,5,5
964,1.0733171701431274,-0.47603705525398254,-506.84320068359375,-0.21256442368030548,0.972055196762085,0.02518332004547119,36,0,89,0.014316500164568424,0.5454545454545454,0.3,120,125,wall,both,1,1,1,1,1,1,0.4,5,2,3
968,0.7589689493179321,-0.23803052306175232,-614.3414916992188,-0.27030837535858154,1.1027556657791138,0.004158377647399902,69,13,56,0.009931221604347229,0.5208333333333334,0.3,120,138,wall,both,1,1,1,1,1,1,0.4,13,8,5
972,3.6092803478240967,-5.383018493652344,-488.29107666015625,-0.021136082708835602,0.03489261493086815,0.07149863243103027,69,0,60,0.021085407584905624,0.5376344086021506,0.3,120,129,wall,both,1,1,1,1,1,1,0.4,11,5,6
976,3.495243549346924,-5.048233985900879,-358.6259460449219,-0.004321885295212269,0.13431629538536072,0.008754253387451172,118,3,26,0.018611688166856766,0.5050505050505051,0.3,120,147,wall,both,1,1,1,1,1,1,0.4,10,6,4
980,2.392982244491577,-2.3662660121917725,-253.22406005859375,-0.013289573602378368,0.24401843547821045,0.0037485361099243164,98,0,33,0.01727444678544998,0.5338078291814947,0.3,120,131,wall,both,1,1,1,1,1,1,0.4,7,5,2
984,2.800112009048462,-3.2399284839630127,-198.0371551513672,-0.13174203038215637,0.7674395442008972,0.014526069164276123,117,0,28,0.0523829348385334,0.5084745762711864,0.3,120,145,wall,both,1,1,1,1,1,1,0.4,12,3,9
988,4.338761329650879,-7.778863430023193,-361.6513671875,-0.1804904341697693,0.835641086101532,0.07875162363052368,100,0,33,0.013566899113357067,0.5300353356890459,0.3,120,133,wall,both,1,1,1,1,1,1,0.4,10,4,6
992,0.980668306350708,-0.39740094542503357,-319.13909912109375,-0.26129406690597534,0.4992503523826599,0.22460347414016724,134,0,14,0.013554307632148266,0.5033557046979865,0.3,120,148,wall,both,1,1,1,1,1,1,0.4,12,7,5
996,3.061309576034546,-3.8725686073303223,-215.77894592285156,-0.18124701082706451,0.8986573815345764,0.020904481410980225,130,4,22,0.01626559905707836,0.49019607843137253,0.3,120,156,wall,both,1,1,1,1,1,1,0.4,13,4,9
1000,2.0494511127471924,-1.735640287399292,-317.6768493652344,-0.012297370471060276,0.13725052773952484,0.04457855224609375,125,5,8,0.010656622238457203,0.5208333333333334,0.3,120,138,wall,both,1,1,1,1,1,1,0.4,14,7,7
1004,0.49797847867012024,-0.10247212648391724,-426.12860107421875,-0.06944834440946579,0.5590271353721619,0.0005825161933898926,122,12,23,0.014648528769612312,0.4885993485342019,0.3,120,157,wall,both,1,1,1,1,1,1,0.4,11,5,6
1008,2.602311611175537,-2.7983574867248535,-175.46690368652344,-0.2133297324180603,0.9796632528305054,0.0036426186561584473,122,0,30,0.012818792834877968,0.49668874172185423,0.3,120,152,wall,both,1,1,1,1,1,1,0.4,15,9,6
1012,2.4232938289642334,-2.4265921115875244,-256.6823425292969,-0.21709373593330383,0.9878047108650208,0.007959544658660889,108,0,23,0.012635910883545876,0.5338078291814947,0.3,107,131,wall,both,1,1,1,1,1,1,0.4,8,6,2
1016,1.0780078172683716,-0.4802069664001465,-500.4942626953125,-0.12955747544765472,0.7634617686271667,0.0027090907096862793,90,4,41,0.01452605240046978,0.5263157894736842,0.3,113,135,wall,both,1,1,1,1,1,1,0.4,10,8,2
1020,3.1015849113464355,-3.9751358032226562,-431.60235595703125,-0.0712142065167427,0.08440501987934113,0.13061243295669556,88,0,28,0.0231332965195179,0.5639097744360902,0.3,95,116,wall,both,1,1,1,1,1,1,0.4,8,4,4
1024,2.915142774581909,-3.511593818664551,-359.4947509765625,-0.09669429063796997,0.22108206152915955,0.14501380920410156,96,0,30,0.024496586993336678,0.5434782608695653,0.3,118,126,wall,both,1,1,1,1,1,1,0.4,7,3,4
1028,1.0498497486114502,-0.45544812083244324,-173.24241638183594,-0.060854874551296234,0.5232878923416138,0.0009542703628540039,110,0,21,0.012900915928184986,0.5338078291814947,0.3,120,131,wall,both,1,1,1,1,1,1,0.4,6,2,4
1032,0.5546426177024841,-0.12711916863918304,-164.01194763183594,-0.22960487008094788,1.0123142004013062,0.021438539028167725,111,0,26,0.011039230972528458,0.5226480836236934,0.3,108,137,wall,both,1,1,1,1,1,1,0.4,6,6,0
1036,1.9351602792739868,-1.5474567413330078,-200.48397827148438,-0.04106761887669563,0.2739330232143402,0.07730519771575928,108,0,12,0.019231773912906647,0.5555555555555556,0.3,120,120,wall,both,1,1,1,1,1,1,0.4,7,1,6
1040,1.6748570203781128,-1.1591511964797974,-208.04017639160156,-0.01941683702170849,0.12017852067947388,0.0630142092704773,122,0,13,0.023207155987620354,0.5263157894736842,0.3,111,135,wall,both,1,1,1,1,1,1,0.4,6,4,2
1044,2.832327127456665,-3.3149075508117676,0.0,-0.13718999922275543,0.7544676065444946,0.051191866397857666,0,0,0,0.010778993368148804,0.5,0.3,0,0,wall,both,1,1,1,1,1,1,0.4,2,0,2
1048,0.9357416033744812,-0.36182326078414917,-243.87583923339844,-0.3962322473526001,1.0302037000656128,0.19822698831558228,120,3,11,0.02873806096613407,0.528169014084507,0.3,116,134,wall,both,1,1,1,1,1,1,0.4,4,2,2
1052,2.1655445098876953,-1.9378440380096436,0.0,-0.02725749835371971,0.34966757893562317,0.00461578369140625,0,0,0,0.015027820132672787,0.5,0.3,0,0,wall,both,1,1,1,1,1,1,0.4,0,0,0
1056,0.6731236577033997,-0.18722951412200928,0.0,-0.07617784291505814,0.5703872442245483,0.03083062171936035,0,0,0,0.0064995549619197845,0.5,0.3,0,0,wall,both,1,1,1,1,1,1,0.4,0,0,0
1060,2.329575300216675,-2.2425291538238525,0.0,-0.18772560358047485,0.9169296026229858,0.014767169952392578,0,0,0,0.006810903083533049,0.5,0.3,0,0,wall,both,1,1,1,1,1,1,0.4,0,0,0
1064,2.828481674194336,-3.305912733078003,0.0,-0.08435983955860138,0.5163724422454834,0.07842874526977539,0,0,0,0.00772398104891181,0.5,0.3,0,0,wall,both,1,1,1,1,1,1,0.4,0,0,0
1068,3.32831072807312,-4.577541828155518,-209.9054412841797,-1.1931767463684082,1.0546469688415527,0.48142582178115845,67,0,24,0.015585830435156822,0.6224066390041494,0.3,91,91,wall,both,1,1,1,1,1,1,0.4,1,1,0
1072,2.061411142349243,-1.7559568881988525,-173.17694091796875,-1.5481849908828735,1.0863312482833862,0.5612972378730774,76,0,17,0.012666203081607819,0.6172839506172839,0.3,93,93,wall,both,1,1,1,1,1,1,0.4,1,1,0
1076,1.1138075590133667,-0.5126311182975769,-230.98448181152344,-3.37917423248291,1.5246057510375977,0.837463915348053,50,0,21,0.031244654208421707,0.6787330316742082,0.3,71,71,wall,both,1,1,1,1,1,1,0.4,2,1,1
1080,3.5162618160247803,-5.109130859375,-615.1416625976562,-4.3490095138549805,3.615946054458618,0.5946785807609558,4,0,66,0.023552073165774345,0.6818181818181818,0.3,70,70,wall,both,1,1,1,1,1,1,0.4,4,2,2
1084,6.383508682250977,-16.838504791259766,-562.1229858398438,-0.8243468403816223,1.9260212182998657,0.0004073977470397949,9,0,55,0.015432596206665039,0.7009345794392523,0.3,62,64,wall,both,1,1,1,1,1,1,0.4,5,2,3
1088,3.3025527000427246,-4.506964683532715,-619.6223754882812,-0.36156272888183594,1.2755476236343384,0.0007554292678833008,59,8,54,0.010938180610537529,0.5535055350553506,0.3,95,121,wall,both,1,1,1,1,1,1,0.4,14,11,3
1092,1.2280261516571045,-0.6231603622436523,-330.1179504394531,-0.14746390283107758,0.8146087527275085,9.495019912719727e-05,80,0,62,0.013822250999510288,0.5136986301369862,0.3,118,142,wall,both,1,1,1,1,1,1,0.4,18,9,9
1096,1.8321101665496826,-1.3870362043380737,-470.7210388183594,-0.18295550346374512,0.6103904843330383,0.15665048360824585,110,6,24,0.01776265911757946,0.5172413793103449,0.3,97,140,wall,both,1,1,1,1,1,1,0.4,15,9,6
1100,0.7704119086265564,-0.24526219069957733,-505.9938049316406,-0.031126458197832108,0.37320393323898315,0.006549537181854248,66,5,63,0.009346026927232742,0.528169014084507,0.3,112,134,wall,both,1,1,1,1,1,1,0.4,13,9,4
1104,0.9392079710960388,-0.36450889706611633,-581.9605712890625,-0.12940426170825958,0.634507954120636,0.09891760349273682,101,13,17,0.016257448121905327,0.5338078291814947,0.3,97,131,wall,both,1,1,1,1,1,1,0.4,17,13,4
1108,2.685673713684082,-2.980513572692871,-594.1282348632812,-0.034055355936288834,0.391306072473526,0.0026466846466064453,66,9,38,0.01677842065691948,0.5703422053231939,0.3,90,113,wall,both,1,1,1,1,1,1,0.4,14,9,5
1112,2.581711530685425,-2.7542290687561035,-756.288818359375,-0.03340806066989899,0.3856954872608185,0.009260892868041992,66,18,43,0.013185955584049225,0.5415162454873647,0.3,95,127,wall,both,1,1,1,1,1,1,0.4,10,9,1
1116,1.6585986614227295,-1.1367559432983398,-357.50390625,-0.01877627894282341,0.29063647985458374,0.0011355280876159668,102,1,35,0.00933522917330265,0.5208333333333334,0.3,115,138,wall,both,1,1,1,1,1,1,0.4,12,9,3
1120,0.8439068794250488,-0.2942887544631958,-375.432861328125,-0.12762758135795593,0.6694561243057251,0.08287525177001953,101,0,29,0.01009018812328577,0.5357142857142857,0.3,101,130,wall,both,1,1,1,1,1,1,0.4,13,7,6
1124,2.7311668395996094,-3.082343816757202,-637.6778564453125,-0.06854690611362457,0.5466212630271912,0.02294069528579712,93,13,31,0.010397871024906635,0.5226480836236934,0.3,95,137,wall,both,1,1,1,1,1,1,0.4,13,8,5
1128,0.24078692495822906,-0.02395799197256565,-221.6147918701172,-0.024311501532793045,0.0806938111782074,0.07484519481658936,118,0,11,0.009434167295694351,0.5376344086021506,0.3,120,129,wall,both,1,1,1,1,1,1,0.4,13,8,5
1132,1.587942361831665,-1.0419672727584839,-483.7434997558594,-0.019258204847574234,0.06776611506938934,0.0668448805809021,112,9,8,0.010607745498418808,0.5376344086021506,0.3,87,129,wall,both,1,1,1,1,1,1,0.4,12,8,4
1136,1.6221860647201538,-1.0873914957046509,-175.37144470214844,-0.1694091558456421,0.8729480504989624,0.0040607452392578125,95,0,26,0.01463293842971325,0.5535055350553506,0.3,107,121,wall,both,1,1,1,1,1,1,0.4,11,5,6
1140,0.3156522512435913,-0.04117204248905182,-136.65904235839844,-0.07114481925964355,0.56153404712677,0.016218245029449463,111,0,13,0.012353953905403614,0.5474452554744526,0.3,115,124,wall,both,1,1,1,1,1,1,0.4,13,4,9
1144,2.727701425552368,-3.074526786804199,-258.3689270019531,-0.11592715978622437,0.6838430762290955,0.0542372465133667,118,6,4,0.018986647948622704,0.539568345323741,0.3,112,128,wall,both,1,1,1,1,1,1,0.4,14,9,5
1148,3.473184108734131,-4.984714031219482,-313.7496643066406,-0.3030257821083069,1.167614459991455,0.003990650177001953,108,6,28,0.021286459639668465,0.5136986301369862,0.3,116,142,wall,both,1,1,1,1,1,1,0.4,17,11,6
1152,1.0176854133605957,-0.42796841263771057,-437.0856018066406,-0.1553075760602951,0.7042709589004517,0.10510015487670898,110,12,21,0.010677356272935867,0.5119453924914675,0.3,114,143,wall,both,1,1,1,1,1,1,0.4,15,5,10
1156,0.20712216198444366,-0.01772710308432579,-327.38330078125,-0.23352284729480743,1.0250320434570312,0.0029709935188293457,98,5,26,0.01775708608329296,0.5376344086021506,0.3,97,129,wall,both,1,1,1,1,1,1,0.4,13,7,6
1160,1.4076745510101318,-0.8188212513923645,-363.5345153808594,-0.07603802531957626,0.5777021646499634,0.021425187587738037,123,9,14,0.01082250289618969,0.5067567567567568,0.3,120,146,wall,both,1,1,1,1,1,1,0.4,10,6,4
1164,4.455545425415039,-8.20325756072998,-243.55809020996094,-0.11867264658212662,0.7307124137878418,0.002167820930480957,102,2,24,0.012821324169635773,0.539568345323741,0.3,120,128,wall,both,1,1,1,1,1,1,0.4,6,3,3
1168,3.5136985778808594,-5.1016845703125,-265.9286804199219,-0.17340925335884094,0.8811154365539551,0.014715254306793213,102,0,31,0.01242532767355442,0.5300353356890459,0.3,120,133,wall,both,1,1,1,1,1,1,0.4,6,2,4
1172,1.4625831842422485,-0.8839461207389832,-251.3842010498047,-0.2686549723148346,1.0993775129318237,0.004150807857513428,105,2,31,0.016164960339665413,0.5208333333333334,0.3,120,138,wall,both,1,1,1,1,1,1,0.4,6,3,3
1176,0.7640941739082336,-0.24125614762306213,-468.5791015625,-0.05147774517536163,0.4533875584602356,0.037688612937927246,108,10,14,0.015187514014542103,0.5319148936170213,0.3,100,132,wall,both,1,1,1,1,1,1,0.4,5,3,2
1180,1.0749263763427734,-0.47746554017066956,0.0,-0.025009673088788986,0.2377372682094574,0.0552288293838501,0,0,0,0.007540920749306679,0.5,0.3,0,0,wall,both,1,1,1,1,1,1,0.4,2,0,2
1184,1.296479344367981,-0.6945697069168091,0.0,-0.017958298325538635,0.28299522399902344,0.006287217140197754,0,0,0,0.008136739954352379,0.5,0.3,0,0,wall,both,1,1,1,1,1,1,0.4,2,0,2
1188,0.15938034653663635,-0.010496732778847218,0.0,-0.013435974717140198,0.24032464623451233,0.01213771104812622,0,0,0,0.007801563944667578,0.5,0.3,0,0,wall,both,1,1,1,1,1,1,0.4,0,0,0
1192,1.7956401109695435,-1.3323650360107422,0.0,-0.005940456409007311,0.14065960049629211,0.019447922706604004,0,0,0,0.008678688667714596,0.5,0.3,0,0,wall,both,1,1,1,1,1,1,0.4,0,0,0
1196,0.27082130312919617,-0.030307510867714882,0.0,-0.01944696344435215,0.2777673304080963,0.02374577522277832,0,0,0,0.007764121051877737,0.5,0.3,0,0,wall,both,1,1,1,1,1,1,0.4,0,0,0
1200,1.6489136219024658,-1.1235190629959106,0.0,-0.0472818985581398,0.3556760847568512,0.068531334400177,0,0,0,0.008455759845674038,0.5,0.3,0,0,wall,both,1,1,1,1,1,1,0.4,0,0,0
1204,5.364462375640869,-11.891510009765625,0.0,-0.2311537265777588,0.610196590423584,0.19068515300750732,0,0,0,0.014296671375632286,0.5,0.3,0,0,wall,both,1,1,1,1,1,1,0.4,0,0,0
1208,0.11446425318717957,-0.0054140761494636536,0.0,-0.034799724817276,0.3945557177066803,0.0070948004722595215,0,0,0,0.009916620329022408,0.5,0.3,0,0,wall,both,1,1,1,1,1,1,0.4,0,0,0
1212,0.5606162548065186,-0.129872128367424,0.0,-1.2391512393951416,2.360699415206909,0.013360917568206787,0,0,0,0.006960422266274691,0.5,0.3,0,0,wall,both,1,1,1,1,1,1,0.4,0,0,0
1216,2.8108713626861572,-3.2648749351501465,0.0,-0.5525906085968018,1.2767232656478882,0.21596074104309082,0,0,0,0.009656797163188457,0.5,0.3,0,0,wall,both,1,1,1,1,1,1,0.4,0,0,0
1220,0.5263494253158569,-0.1144808754324913,0.0,-0.7940994501113892,1.343155026435852,0.3103756308555603,0,0,0,0.00843964982777834,0.5,0.3,0,0,wall,both,1,1,1,1,1,1,0.4,1,0,1
1224,2.8315982818603516,-3.313201904296875,-428.85546875,-3.1843695640563965,2.000706195831299,0.7498259544372559,64,3,51,0.033614903688430786,0.5597014925373135,0.3,99,118,wall,both,1,1,1,1,1,1,0.4,2,1,1
1228,2.064220666885376,-1.7607464790344238,-682.2894287109375,-2.117342472076416,2.451207160949707,0.4377487301826477,34,5,89,0.010860607028007507,0.539568345323741,0.3,101,128,wall,both,1,1,1,1,1,1,0.4,3,2,1
1232,2.0565340518951416,-1.7476578950881958,-469.14422607421875,-1.4196572303771973,1.5414577722549438,0.46738743782043457,58,0,65,0.01868327707052231,0.5494505494505495,0.3,98,123,wall,both,1,1,1,1,1,1,0.4,10,8,2
1236,1.1924588680267334,-0.587585985660553,-520.4917602539062,-0.6737819314002991,1.4899957180023193,0.21025019884109497,31,0,86,0.021635347977280617,0.5617977528089888,0.3,104,117,wall,both,1,1,1,1,1,1,0.4,8,4,4
1240,0.36155492067337036,-0.054017335176467896,-420.97882080078125,-0.13826435804367065,0.7887260317802429,0.0023428797721862793,101,8,51,0.011151761747896671,0.48387096774193555,0.3,119,160,wall,both,1,1,1,1,1,1,0.4,11,7,4
1244,2.84468150138855,-3.3438892364501953,-275.5466613769531,-0.03552728518843651,0.3989025354385376,0.006388247013092041,104,0,32,0.014669048599898815,0.5244755244755245,0.3,120,136,wall,both,1,1,1,1,1,1,0.4,11,2,9
1248,0.32436320185661316,-0.04347581788897514,-368.4921569824219,-0.24806849658489227,1.0452173948287964,0.0360187292098999,123,9,16,0.014983739703893661,0.5033557046979865,0.3,96,148,wall,both,1,1,1,1,1,1,0.4,12,6,6
1252,1.4149845838546753,-0.8273475766181946,-197.17138671875,-0.0612470880150795,0.5102007985115051,0.028868377208709717,94,0,10,0.010833552107214928,0.5905511811023622,0.3,90,104,wall,both,1,1,1,1,1,1,0.4,9,7,2
1256,3.1776344776153564,-4.1724629402160645,-332.61328125,-0.014037935994565487,0.25024983286857605,0.005450904369354248,110,3,11,0.019695276394486427,0.5474452554744526,0.3,107,124,wall,both,1,1,1,1,1,1,0.4,13,8,5
1260,0.5937753915786743,-0.14568975567817688,-228.0765838623047,-0.07121536880731583,0.5660999417304993,1.3113021850585938e-06,118,4,15,0.014340820722281933,0.5226480836236934,0.3,116,137,wall,both,1,1,1,1,1,1,0.4,10,7,3
1264,1.067800521850586,-0.47115617990493774,-509.0841064453125,-0.08005731552839279,0.6002145409584045,0.00014591217041015625,91,10,12,0.014967529103159904,0.5703422053231939,0.3,81,113,wall,both,1,1,1,1,1,1,0.4,13,8,5
1268,0.056826066225767136,-0.0013343808241188526,-491.259765625,-0.07790881395339966,0.4917631447315216,0.07695001363754272,96,1,29,0.009385084733366966,0.5434782608695653,0.3,83,126,wall,both,1,1,1,1,1,1,0.4,5,5,0
1272,0.5887112021446228,-0.14321523904800415,-245.33375549316406,-1.5811874866485596,0.642292320728302,0.6040947437286377,114,0,17,0.011764946393668652,0.5338078291814947,0.3,120,131,wall,both,1,1,1,1,1,1,0.4,6,3,3
1276,2.1041100025177,-1.8294540643692017,-185.4633331298828,-0.12939569354057312,0.7606152296066284,0.01427924633026123,105,0,21,0.02113819681107998,0.5434782608695653,0.3,116,126,wall,both,1,1,1,1,1,1,0.4,7,3,4
1280,1.726462721824646,-1.2316832542419434,-216.95472717285156,-0.11774498224258423,0.6144782304763794,0.09105050563812256,109,0,27,0.02695186249911785,0.5244755244755245,0.3,120,136,wall,both,1,1,1,1,1,1,0.4,5,4,1
1284,2.132685422897339,-1.8794821500778198,-222.18161010742188,-0.04177527502179146,0.235153928399086,0.08499592542648315,108,0,28,0.023993870243430138,0.5244755244755245,0.3,120,136,wall,both,1,1,1,1,1,1,0.4,5,1,4
1288,0.45005908608436584,-0.08369965851306915,-256.4241638183594,-0.06229335814714432,0.526584804058075,0.012840867042541504,129,0,12,0.01917736604809761,0.5154639175257733,0.3,120,141,wall,both,1,1,1,1,1,1,0.4,6,4,2
1292,4.1096625328063965,-6.979060173034668,-385.1886291503906,-0.20413699746131897,0.9542773962020874,0.020832300186157227,105,3,27,0.01917201466858387,0.5263157894736842,0.3,113,135,wall,both,1,1,1,1,1,1,0.4,5,3,2
1296,1.1749433279037476,-0.5704511404037476,-415.5467834472656,-0.2424491047859192,1.036860466003418,0.029460430145263672,122,1,26,0.012626644223928452,0.5016722408026756,0.3,120,149,wall,both,1,1,1,1,1,1,0.4,5,5,0
1300,1.0495063066482544,-0.45515015721321106,-540.6965942382812,-0.11262265592813492,0.7118530869483948,0.0019121766090393066,114,16,14,0.018945861607789993,0.5102040816326531,0.3,120,144,wall,both,1,1,1,1,1,1,0.4,3,3,0
1304,0.2803160548210144,-0.03246987238526344,-240.58363342285156,-0.062318507581949234,0.5295389890670776,0.0010879039764404297,113,0,12,0.011240781284868717,0.5454545454545454,0.3,120,125,wall,both,1,1,1,1,1,1,0.4,1,1,0
1308,2.045935869216919,-1.7296913862228394,0.0,-0.09637975692749023,0.6585482358932495,0.001122117042541504,0,0,0,0.011297278106212616,0.5,0.3,0,0,wall,both,1,1,1,1,1,1,0.4,1,0,1
1312,0.14810670912265778,-0.009064296260476112,0.0,-0.004231221508234739,0.1309279352426529,0.010166406631469727,0,0,0,0.008770092390477657,0.5,0.3,0,0,wall,both,1,1,1,1,1,1,0.4,0,0,0
1316,1.9389033317565918,-1.5534487962722778,-266.2965087890625,-0.2137235552072525,0.9714133143424988,0.0314023494720459,55,0,27,0.02274838089942932,0.646551724137931,0.3,82,82,wall,both,1,1,1,1,1,1,0.4,2,1,1
1320,2.92793345451355,-3.5424766540527344,-485.5690612792969,-2.147426128387451,3.0235443115234375,0.1685173511505127,18,0,49,0.008123351261019707,0.6912442396313364,0.3,67,67,wall,both,1,1,1,1,1,1,0.4,2,1,1
1324,3.0435686111450195,-3.8278136253356934,-427.8868103027344,-1.6325515508651733,2.682596206665039,0.09041774272918701,27,0,49,0.03319276124238968,0.663716814159292,0.3,76,76,wall,both,1,1,1,1,1,1,0.4,1,1,0
1328,5.054447174072266,-10.556791305541992,-497.4606018066406,-2.0691354274749756,2.852721929550171,0.25272130966186523,25,0,75,0.014289203099906445,0.6000000000000001,0.3,100,100,wall,both,1,1,1,1,1,1,0.4,1,1,0
1332,1.4377529621124268,-0.8541874289512634,0.0,-4.331362724304199,4.149333477020264,0.3518744111061096,0,0,0,0.006998432334512472,0.5,0.3,0,0,wall,both,1,1,1,1,1,1,0.4,0,0,0
1336,3.180241584777832,-4.179312229156494,0.0,-2.4607512950897217,3.2937047481536865,0.11065280437469482,0,0,0,0.009978980757296085,0.5,0.3,0,0,wall,both,1,1,1,1,1,1,0.4,0,0,0
1340,0.47376829385757446,-0.09275057166814804,0.0,-1.275168776512146,2.395156145095825,0.008996784687042236,0,0,0,0.008315394632518291,0.5,0.3,0,0,wall,both,1,1,1,1,1,1,0.4,3,0,3
1344,1.7034236192703247,-1.1990296840667725,-779.4052124023438,-1.1880311965942383,2.3116354942321777,0.011624395847320557,37,2,63,0.03705505281686783,0.5952380952380952,0.3,71,102,wall,both,1,1,1,1,1,1,0.4,11,7,4
1348,0.8327748775482178,-0.2865760028362274,-899.8450927734375,-0.3855528235435486,1.3168681859970093,0.006786167621612549,46,11,80,0.021673696115612984,0.5226480836236934,0.3,99,137,wall,both,1,1,1,1,1,1,0.4,10,7,3
1352,0.2555106282234192,-0.026977553963661194,-678.241943359375,-0.16964492201805115,0.8722234964370728,0.011962354183197021,60,15,86,0.028062380850315094,0.48231511254019294,0.3,120,161,wall,both,1,1,1,1,1,1,0.4,13,10,3
1356,2.0857503414154053,-1.797667145729065,-399.2251892089844,-0.11684749275445938,0.6560027003288269,0.07209742069244385,55,0,85,0.012129345908761024,0.5172413793103449,0.3,120,140,wall,both,1,1,1,1,1,1,0.4,13,3,10
1360,1.8852033615112305,-1.468591570854187,-331.1130065917969,-0.12781202793121338,0.7546843886375427,0.017469704151153564,94,0,54,0.009243784472346306,0.5033557046979865,0.3,120,148,wall,both,1,1,1,1,1,1,0.4,9,5,4
1364,1.4990166425704956,-0.9285334348678589,-347.97918701171875,-0.2630651295185089,1.0825055837631226,0.025533437728881836,84,0,51,0.009410602040588856,0.5263157894736842,0.3,120,135,wall,both,1,1,1,1,1,1,0.4,8,5,3
1368,2.9029202461242676,-3.482208728790283,-733.1670532226562,-0.2822898030281067,0.014549731276929379,0.26296287775039673,125,0,46,0.10591628402471542,0.4672897196261683,0.3,120,171,wall,both,1,1,1,1,1,1,0.4,10,5,5
1372,1.7157365083694458,-1.2164262533187866,-172.0499267578125,-0.19170428812503815,0.927978515625,0.009112417697906494,117,0,20,0.0358455553650856,0.5226480836236934,0.3,120,137,wall,both,1,1,1,1,1,1,0.4,9,4,5
1376,4.001256465911865,-6.615724086761475,-244.8816680908203,-0.2605118453502655,0.8644788861274719,0.15211105346679688,125,0,25,0.00994776375591755,0.5,0.3,120,150,wall,both,1,1,1,1,1,1,0.4,9,6,3
1380,1.7232612371444702,-1.2271194458007812,-150.17779541015625,-0.16459590196609497,0.8606156706809998,0.0010993480682373047,97,0,23,0.01619862951338291,0.5555555555555556,0.3,120,120,wall,both,1,1,1,1,1,1,0.4,9,7,2
1384,2.089840888977051,-1.8047250509262085,-240.93325805664062,-0.1661587953567505,0.8646508455276489,0.0022563934326171875,106,4,21,0.011960682459175587,0.5338078291814947,0.3,120,131,wall,both,1,1,1,1,1,1,0.4,11,6,5
1388,3.7461955547332764,-5.799165725708008,-598.7737426757812,-0.0690373033285141,0.34345197677612305,0.10243004560470581,124,6,26,0.01568213477730751,0.49019607843137253,0.3,118,156,wall,both,1,1,1,1,1,1,0.4,11,7,4
1392,2.243096351623535,-2.0791244506835938,-571.55322265625,-0.108207568526268,0.6925399899482727,0.019966602325439453,122,23,16,0.010983237065374851,0.48231511254019294,0.3,120,161,wall,both,1,1,1,1,1,1,0.4,13,9,4
1396,1.187615990638733,-0.5828229784965515,-554.5852661132812,-0.03528394550085068,0.3797566294670105,0.028157711029052734,117,16,17,0.016480114310979843,0.5,0.3,106,150,wall,both,1,1,1,1,1,1,0.4,10,4,6
1400,1.3567914962768555,-0.7606954574584961,-256.43231201171875,-0.03531404957175255,0.3816628158092499,0.02685534954071045,142,2,8,0.014728094451129436,0.49668874172185423,0.3,120,152,wall,both,1,1,1,1,1,1,0.4,9,6,3
1404,4.273110866546631,-7.5452375411987305,-271.37164306640625,-0.1441773623228073,0.46192482113838196,0.15396881103515625,138,0,19,0.011653189547359943,0.4885993485342019,0.3,120,157,wall,both,1,1,1,1,1,1,0.4,8,5,3
1408,2.949061870574951,-3.593787431716919,-125.6114501953125,-0.03651326894760132,0.40533289313316345,0.0009024143218994141,114,0,6,0.01768815703690052,0.5555555555555556,0.3,120,120,wall,both,1,1,1,1,1,1,0.4,2,1,1
1412,0.6644723415374756,-0.18244771659374237,-237.08932495117188,-0.12153519690036774,0.7164021730422974,0.04281926155090332,130,0,18,0.011404423043131828,0.5033557046979865,0.3,120,148,wall,both,1,1,1,1,1,1,0.4,5,4,1
1416,2.7409634590148926,-3.1044960021972656,-170.57244873046875,-0.22217129170894623,0.9751341938972473,0.05158942937850952,133,0,6,0.009342417120933533,0.5190311418685121,0.3,120,139,wall,both,1,1,1,1,1,1,0.4,4,2,2
1420,0.22617773711681366,-0.02113899402320385,0.0,-0.023161016404628754,0.24364270269870758,0.04942196607589722,0,0,0,0.009171152487397194,0.5,0.3,0,0,wall,both,1,1,1,1,1,1,0.4,6,0,6
1424,1.1169174909591675,-0.5154978036880493,-434.18194580078125,-0.05853991210460663,0.49652114510536194,0.03033006191253662,124,11,10,0.014364608563482761,0.5084745762711864,0.3,120,145,wall,both,1,1,1,1,1,1,0.4,4,4,0
1428,1.9353137016296387,-1.5477019548416138,-594.2172241210938,-0.16948233544826508,0.8733100891113281,0.0,95,15,36,0.016213012859225273,0.5067567567567568,0.3,120,146,wall,both,1,1,1,1,1,1,0.4,8,6,2
1432,2.4677107334136963,-2.516361951828003,-656.7220458984375,-0.06660252064466476,0.5460678339004517,0.009100735187530518,105,19,26,0.022236419841647148,0.5,0.3,120,150,wall,both,1,1,1,1,1,1,0.4,7,7,0
1436,2.1141300201416016,-1.8469196557998657,-574.7382202148438,-0.06262684613466263,0.4944538176059723,0.045086026191711426,108,14,22,0.016243327409029007,0.5102040816326531,0.3,120,144,wall,both,1,1,1,1,1,1,0.4,3,3,0
1440,4.038936614990234,-6.740912437438965,-265.18359375,-0.06759524345397949,0.53453129529953,0.03169804811477661,109,3,22,0.01067524403333664,0.528169014084507,0.3,120,134,wall,both,1,1,1,1,1,1,0.4,5,2,3
1444,1.3121354579925537,-0.7114460468292236,-155.26559448242188,-0.3767700791358948,0.8397945165634155,0.2321884036064148,128,0,15,0.008001947775483131,0.5119453924914675,0.3,120,143,wall,both,1,1,1,1,1,1,0.4,1,1,0
1448,0.42198801040649414,-0.07358424365520477,0.0,-0.10711020231246948,0.6942372918128967,0.001288294792175293,0,0,0,0.007154742255806923,0.5,0.3,0,0,wall,both,1,1,1,1,1,1,0.4,0,0,0
1452,0.621746838092804,-0.15973930060863495,0.0,-1.135040521621704,1.184536337852478,0.44910186529159546,0,0,0,0.009494048543274403,0.5,0.3,0,0,wall,both,1,1,1,1,1,1,0.4,0,0,0
1456,0.7972332239151001,-0.2626366913318634,0.0,-1.9148670434951782,2.914135456085205,0.08240216970443726,0,0,0,0.00839878898113966,0.5,0.3,0,0,wall,both,1,1,1,1,1,1,0.4,0,0,0
1460,1.1931363344192505,-0.5882537961006165,-529.123046875,-1.5662425756454468,2.6234183311462402,0.0950007438659668,24,0,96,0.008501888252794743,0.5555555555555556,0.3,120,120,wall,both,1,1,1,1,1,1,0.4,2,1,1
1464,1.9264880418777466,-1.5336182117462158,-540.1749877929688,-0.3296608626842499,1.2176979780197144,0.0061095356941223145,54,5,85,0.011094259098172188,0.5102040816326531,0.3,120,144,wall,both,1,1,1,1,1,1,0.4,3,1,2
1468,0.2601580023765564,-0.027967842295765877,-530.7998046875,-1.0875356197357178,1.7947338819503784,0.30178946256637573,48,5,81,0.021563880145549774,0.528169014084507,0.3,112,134,wall,both,1,1,1,1,1,1,0.4,7,4,3
1472,1.800063967704773,-1.3389381170272827,-570.6234130859375,-0.016232196241617203,0.2550829350948334,0.020840704441070557,91,3,16,0.012861843220889568,0.5769230769230769,0.3,75,110,wall,both,1,1,1,1,1,1,0.4,6,4,2
1476,1.8682035207748413,-1.4422248601913452,0.0,-0.48450136184692383,1.401875615119934,0.10819244384765625,0,0,0,0.012481515295803547,0.5,0.3,0,0,wall,both,1,1,1,1,1,1,0.4,1,0,1
1480,1.4429084062576294,-0.8603242039680481,-934.172119140625,-0.3629817068576813,1.2780312299728394,0.0017104148864746094,79,22,43,0.027145065367221832,0.5102040816326531,0.3,88,144,wall,both,1,1,1,1,1,1,0.4,3,3,0
1484,0.19315212965011597,-0.015416423790156841,-1182.724609375,-0.08433258533477783,0.5573416948318481,0.06123250722885132,60,22,41,0.009496292099356651,0.5494505494505495,0.3,79,123,wall,both,1,1,1,1,1,1,0.4,4,3,1
1488,1.7489200830459595,-1.2639344930648804,-362.427490234375,-0.35406067967414856,1.2621859312057495,0.0029492974281311035,79,4,52,0.01075564231723547,0.5263157894736842,0.3,120,135,wall,both,1,1,1,1,1,1,0.4,2,2,0
1492,0.060299430042505264,-0.0015024880412966013,0.0,-0.03636089339852333,0.404496967792511,0.0005826950073242188,0,0,0,0.0076826815493404865,0.5,0.3,0,0,wall,both,1,1,1,1,1,1,0.4,1,0,1
1496,3.6941139698028564,-5.639039993286133,-263.8371887207031,-0.5394527912139893,1.5579326152801514,0.004569947719573975,75,0,45,0.016158556565642357,0.5555555555555556,0.3,120,120,wall,both,1,1,1,1,1,1,0.4,1,1,0
1500,0.28246262669563293,-0.03296906501054764,-150.11399841308594,-0.018364381045103073,0.20803584158420563,0.04629230499267578,116,0,4,0.029254164546728134,0.5555555555555556,0.3,120,120,wall,both,1,1,1,1,1,1,0.4,3,1,2
1504,1.6938008069992065,-1.1855210065841675,-123.0718765258789,-0.07304119318723679,0.5073366165161133,0.062302589416503906,117,0,3,0.022843502461910248,0.5555555555555556,0.3,120,120,wall,both,1,1,1,1,1,1,0.4,3,1,2
1508,3.5052783489227295,-5.0772624015808105,-257.2300720214844,-0.10123712569475174,0.6672844290733337,0.023679077625274658,78,0,42,0.007284644525498152,0.5555555555555556,0.3,120,120,wall,both,1,1,1,1,1,1,0.4,3,1,2
1512,2.773852825164795,-3.17944598197937,-118.05995178222656,-0.35627493262290955,0.6398028135299683,0.25495225191116333,110,0,8,0.01372962724417448,0.5597014925373135,0.3,118,118,wall,both,1,1,1,1,1,1,0.4,4,2,2
1516,0.1047331690788269,-0.00453265942633152,-508.3721008300781,-0.02370830439031124,0.3131595849990845,0.02166163921356201,102,12,14,0.011618430726230145,0.539568345323741,0.3,106,128,wall,both,1,1,1,1,1,1,0.4,4,2,2
1520,3.0453062057495117,-3.8321855068206787,-107.16278076171875,-0.015705928206443787,0.19026708602905273,0.04332411289215088,124,0,5,0.010904195718467236,0.5376344086021506,0.3,120,129,wall,both,1,1,1,1,1,1,0.4,4,2,2
1524,3.6551218032836914,-5.520626068115234,-90.18264770507812,-0.058532264083623886,0.467557430267334,0.04937922954559326,116,0,4,0.009105444885790348,0.5555555555555556,0.3,120,120,wall,both,1,1,1,1,1,1,0.4,2,1,1
1528,2.627448320388794,-2.852679491043091,-135.4644012451172,-0.15689079463481903,0.8375436067581177,0.015703201293945312,115,2,9,0.01009947806596756,0.5434782608695653,0.3,120,126,wall,both,1,1,1,1,1,1,0.4,4,2,2
1532,2.518087387084961,-2.620150327682495,-226.65988159179688,-0.2834203541278839,1.1286567449569702,0.009113430976867676,90,0,40,0.01259014755487442,0.5357142857142857,0.3,108,130,wall,both,1,1,1,1,1,1,0.4,2,1,1
1536,1.3046014308929443,-0.7032995223999023,-187.62545776367188,-0.026670075953006744,0.2983317971229553,0.04109150171279907,148,0,9,0.010426647029817104,0.4885993485342019,0.3,113,157,wall,both,1,1,1,1,1,1,0.4,3,1,2
1540,0.40650320053100586,-0.06828299164772034,0.0,-0.05001799762248993,0.465590238571167,0.021266281604766846,0,0,0,0.007992946542799473,0.5,0.3,0,0,wall,both,1,1,1,1,1,1,0.4,1,0,1
1544,2.2478930950164795,-2.0880260467529297,0.0,-0.0044555882923305035,0.13581357896327972,0.009347379207611084,0,0,0,0.007530073635280132,0.5,0.3,0,0,wall,both,1,1,1,1,1,1,0.4,0,0,0
1548,0.7168943881988525,-0.2123708873987198,0.0,-0.002779061207547784,0.08106301724910736,0.0179750919342041,0,0,0,0.007731047924607992,0.5,0.3,0,0,wall,both,1,1,1,1,1,1,0.4,0,0,0
1552,1.0783144235610962,-0.4804801642894745,0.0,-0.026408148929476738,0.32204896211624146,0.028692543506622314,0,0,0,0.008083437569439411,0.5,0.3,0,0,wall,both,1,1,1,1,1,1,0.4,0,0,0
1556,1.4884276390075684,-0.9154614806175232,0.0,-0.0017748852260410786,0.0812295526266098,0.008695363998413086,0,0,0,0.007800013292580843,0.5,0.3,0,0,wall,both,1,1,1,1,1,1,0.4,0,0,0
1560,1.3210477828979492,-0.7211434245109558,0.0,-0.06034062057733536,0.5210871696472168,0.0002256631851196289,0,0,0,0.006574318278580904,0.5,0.3,0,0,wall,both,1,1,1,1,1,1,0.4,0,0,0
1564,5.845114707946777,-14.117919921875,0.0,-0.17122554779052734,0.8739989399909973,0.019014596939086914,0,0,0,0.008189473301172256,0.5,0.3,0,0,wall,both,1,1,1,1,1,1,0.4,0,0,0
1568,1.951966404914856,-1.5744514465332031,0.0,-0.09878145158290863,0.33278408646583557,0.13480353355407715,0,0,0,0.015138838440179825,0.5,0.3,0,0,wall,both,1,1,1,1,1,1,0.4,0,0,0
1572,4.3236002922058105,-7.724594593048096,0.0,-1.187144160270691,2.311032772064209,0.008334696292877197,0,0,0,0.007805803790688515,0.5,0.3,0,0,wall,both,1,1,1,1,1,1,0.4,0,0,0
1576,0.8705450296401978,-0.31316056847572327,-298.416259765625,-0.06724124401807785,0.4260386824607849,0.08119082450866699,35,0,27,0.03395240381360054,0.7075471698113207,0.3,62,62,wall,both,1,1,1,1,1,1,0.4,1,1,0
1580,1.9602327346801758,-1.5878149271011353,-327.8835144042969,-0.3010442852973938,1.1601834297180176,0.021731078624725342,48,0,45,0.013731122948229313,0.6172839506172839,0.3,93,93,wall,both,1,1,1,1,1,1,0.4,2,1,1
1584,1.57632315158844,-1.026774525642395,-391.4497985839844,-0.05412419140338898,0.3723680078983307,0.07557296752929688,42,0,55,0.029740964993834496,0.6072874493927126,0.3,97,97,wall,both,1,1,1,1,1,1,0.4,1,1,0
1588,3.8187992572784424,-6.026126861572266,-498.380859375,-0.06357826292514801,0.397991418838501,0.08338361978530884,25,0,83,0.04882948100566864,0.5813953488372093,0.3,108,108,wall,both,1,1,1,1,1,1,0.4,1,1,0
1592,1.7141317129135132,-1.2141517400741577,0.0,-0.09632529318332672,0.6251024603843689,0.04822200536727905,0,0,0,0.024211812764406204,0.5,0.3,0,0,wall,both,1,1,1,1,1,1,0.4,0,0,0
