traversal,variant,seed,run_name,est_tum,eval_est_tum,gt_tum,start_pose_anchor,ape_raw_rmse,ape_align_rmse,rpe_2m_align_rmse,rpe_5m_align_rmse,rpe_10m_align_rmse,cross_track_mean,cross_track_median,cross_track_max,row_correct_fraction,row_switch_events,wrong_row_duration_sec,wrong_row_distance_m,max_wrong_row_duration_sec,max_wrong_row_distance_m,mean_recovery_distance_m,failure_rate,xt_below_0p25_fraction,xt_below_0p5_fraction,xt_below_1p0_fraction,headland_cross_track_mean,headland_cross_track_median,headland_cross_track_max,headland_row_correct_fraction,headland_row_switch_events,headland_wrong_row_duration_sec,headland_wrong_row_distance_m,headland_max_wrong_row_duration_sec,headland_max_wrong_row_distance_m,headland_mean_recovery_distance_m,headland_failure_rate,headland_xt_below_0p25_fraction,headland_xt_below_0p5_fraction,headland_xt_below_1p0_fraction,inrow_cross_track_mean,inrow_cross_track_median,inrow_cross_track_max,inrow_row_correct_fraction,inrow_row_switch_events,inrow_wrong_row_duration_sec,inrow_wrong_row_distance_m,inrow_max_wrong_row_duration_sec,inrow_max_wrong_row_distance_m,inrow_mean_recovery_distance_m,inrow_failure_rate,inrow_xt_below_0p25_fraction,inrow_xt_below_0p5_fraction,inrow_xt_below_1p0_fraction,speed_mean,accel_rms,jerk_rms,heading_rate_rms,heading_accel_rms,stage,candidate_id,candidate_description,run_dir,duration_sec,log_path,frame_count,gnss_innovation_median,gnss_innovation_max,gnss_robust_scale_median,ess_median,ess_min,ess_min_first_50,max_weight_median,max_weight_max,correct_hits_mean,incorrect_hits_mean,no_hits_mean,semantic_hit_ratio_mean,smoother_status_last,pose_backend_used,row_switch_count,row_hypothesis_entropy_mean,row_hypothesis_gap_median,dominant_row_hypothesis_id,dominant_row_hypothesis_fraction,gnss_row_switch_corr,ess_row_switch_corr,max_weight_row_switch_corr,gnss_row_gate_scale_median,stats_csv
rh_run1,baseline_alpha_huber3_cap50,11,full_rh_run1_baseline_alpha_huber3_cap50_seed_11,results/localization_improvement_row_identity/full/rh_run1/baseline_alpha_huber3_cap50/seed_11/trajectory_0.5.tum,results/localization_improvement_row_identity/full/rh_run1/baseline_alpha_huber3_cap50/seed_11/trajectory_0.5.tum,results/localization_improvement_row_identity/full/rh_run1/baseline_alpha_huber3_cap50/seed_11/gps_pose.tum,0,1.0287778099489964,0.9798117261097863,3.3473574522514666,7.003915750501806,12.196468121746568,1.3111198737970182,1.1862586683483798,3.6067896798262242,0.7543859649122807,34,392,75.57632812047851,36,8.600672511331492,2.222833180014074,0.24561403508771928,0.06015037593984962,0.11278195488721804,0.3634085213032581,1.561990006790112,1.3348840286699701,3.6067896798262242,0.8088235294117647,17,156,29.295992939985787,20,5.2510864363464185,1.723293702352105,0.19117647058823528,0.00980392156862745,0.04411764705882353,0.2647058823529412,1.0486711192811662,1.0769305037541377,3.3578943618823316,0.6974358974358974,20,236,46.280335180492735,32,5.568876781993294,2.3140167590246365,0.30256410256410254,0.11282051282051282,0.18461538461538463,0.4666666666666667,0.17247566047048465,0.03244831073874628,0.013242104444064219,0.13582573482714744,0.04677122667425049,full,baseline_alpha_huber3_cap50,"Frozen reference baseline: alpha smoother, Huber GNSS threshold 3.0, semantic cap 50.",results/localization_improvement_row_identity/full/rh_run1/baseline_alpha_huber3_cap50/seed_11,39.48661208152771,results/localization_improvement_row_identity/full/rh_run1/baseline_alpha_huber3_cap50/seed_11/spf_lidar.log,399,2.4992072582244873,7.535393953323364,1.0,158.03097970282982,14.250407392208535,14.250407392208535,0.015709159895777702,0.172860786318779,71.35839598997494,8.355889724310776,36.578947368421055,0.5939381355998421,alpha,alpha,127,0.7175284556412275,0.6030433177947998,row_10,0.20050125313283207,0.10300638955636443,0.15466224023109243,-0.11436262127417215,1.0,results/localization_improvement_row_identity/full/rh_run1/baseline_alpha_huber3_cap50/seed_11/stats.csv
rh_run1,baseline_alpha_huber3_cap50,22,full_rh_run1_baseline_alpha_huber3_cap50_seed_22,results/localization_improvement_row_identity/full/rh_run1/baseline_alpha_huber3_cap50/seed_22/trajectory_0.5.tum,results/localization_improvement_row_identity/full/rh_run1/baseline_alpha_huber3_cap50/seed_22/trajectory_0.5.tum,results/localization_improvement_row_identity/full/rh_run1/baseline_alpha_huber3_cap50/seed_22/gps_pose.tum,0,1.1699605835493467,1.1296187905022776,3.2970422385885354,6.656088691406744,11.978094563640338,1.2745275964280967,1.1060901269996062,4.195670394378815,0.7192982456140351,33,448,82.01995987688694,76,14.498576711861094,2.4854533296026347,0.2807017543859649,0.06015037593984962,0.15538847117794485,0.43609022556390975,1.5885811066871602,1.284220932800924,4.195670394378815,0.696078431372549,20,248,43.53001657942465,80,15.992253268241738,2.1765008289712324,0.30392156862745096,0.024509803921568627,0.11764705882352941,0.3627450980392157,0.9459793087724605,0.9927836530837562,2.142982764566153,0.7435897435897436,17,200,38.4899432974623,80,14.595114572672053,2.264114311615429,0.2564102564102564,0.09743589743589744,0.19487179487179487,0.5128205128205128,0.17696815257635046,0.03279126131736001,0.0133883838515053,0.16266214731651893,0.06206781957400097,full,baseline_alpha_huber3_cap50,"Frozen reference baseline: alpha smoother, Huber GNSS threshold 3.0, semantic cap 50.",results/localization_improvement_row_identity/full/rh_run1/baseline_alpha_huber3_cap50/seed_22,39.266053915023804,results/localization_improvement_row_identity/full/rh_run1/baseline_alpha_huber3_cap50/seed_22/spf_lidar.log,399,2.764920711517334,8.517046928405762,1.0,160.87422014808237,8.858284504866521,8.858284504866521,0.015389527194201946,0.19535094499588013,74.48370927318295,7.862155388471178,33.94736842105263,0.6227782997624572,alpha,alpha,153,0.7300872530617087,0.5300960540771484,row_10,0.18045112781954886,0.1346165538261525,0.09048799833095587,-0.06056614722831473,1.0,results/localization_improvement_row_identity/full/rh_run1/baseline_alpha_huber3_cap50/seed_22/stats.csv
rh_run1,baseline_alpha_huber3_cap50,33,full_rh_run1_baseline_alpha_huber3_cap50_seed_33,results/localization_improvement_row_identity/full/rh_run1/baseline_alpha_huber3_cap50/seed_33/trajectory_0.5.tum,results/localization_improvement_row_identity/full/rh_run1/baseline_alpha_huber3_cap50/seed_33/trajectory_0.5.tum,results/localization_improvement_row_identity/full/rh_run1/baseline_alpha_huber3_cap50/seed_33/gps_pose.tum,0,0.8317419462096273,0.8003016105973965,3.470681181795142,7.298472056306942,12.368883977255333,1.3595294245670346,1.2404109830794423,4.193769013123532,0.7368421052631579,41,420,78.48187549112957,36,6.693022891368049,1.9141920851495018,0.2631578947368421,0.02756892230576441,0.07017543859649122,0.2706766917293233,1.587491626108486,1.3803444175496167,4.193769013123532,0.7401960784313726,25,212,40.71899539182253,20,6.296857055667867,1.6287598156729013,0.25980392156862747,0.014705882352941176,0.029411764705882353,0.1715686274509804,1.1210458906467473,1.1575277066513414,2.6277496375955702,0.7333333333333333,20,208,37.76288009930704,32,5.535379517208328,1.888144004965352,0.26666666666666666,0.041025641025641026,0.11282051282051282,0.37435897435897436,0.17076779181717855,0.03147393775432004,0.012800259111306783,0.12298422652170979,0.0412536239154245,full,baseline_alpha_huber3_cap50,"Frozen reference baseline: alpha smoother, Huber GNSS threshold 3.0, semantic cap 50.",results/localization_improvement_row_identity/full/rh_run1/baseline_alpha_huber3_cap50/seed_33,39.449870586395264,results/localization_improvement_row_identity/full/rh_run1/baseline_alpha_huber3_cap50/seed_33/spf_lidar.log,399,2.4076077938079834,7.823798418045044,1.0,155.51804394561458,20.63242164757323,20.63242164757323,0.01597357913851738,0.17616070806980133,70.7468671679198,8.147869674185463,37.3984962406015,0.5895461769883318,alpha,alpha,144,0.6928878380834014,0.5860296785831451,row_10,0.19799498746867167,0.06636525363106556,0.21994698259915804,-0.16618188337038867,1.0,results/localization_improvement_row_identity/full/rh_run1/baseline_alpha_huber3_cap50/seed_33/stats.csv
rh_run1,row_mixture,11,full_rh_run1_row_mixture_seed_11,results/localization_improvement_row_identity/full/rh_run1/row_mixture/seed_11/trajectory_0.5.tum,results/localization_improvement_row_identity/full/rh_run1/row_mixture/seed_11/trajectory_0.5.tum,results/localization_improvement_row_identity/full/rh_run1/row_mixture/seed_11/gps_pose.tum,0,1.2257194206664113,1.1870504997821894,3.3953403167007146,7.088176757916066,12.401144241610345,1.3240819327792828,1.115390010494556,3.992166830051915,0.731829573934837,28,428,82.56580820001214,72,11.425186097167508,2.948778864286148,0.2681704260651629,0.045112781954887216,0.09273182957393483,0.40100250626566414,1.6249487475748043,1.487803339731871,3.7360129474630974,0.7352941176470589,14,216,39.77729107854115,36,7.608722496429331,2.8412350770386534,0.2647058823529412,0.03431372549019608,0.06862745098039216,0.24509803921568626,1.0093289573008908,0.9611038735909232,3.992166830051915,0.7282051282051282,16,212,42.78851712147099,40,6.712116457351806,2.674282320091937,0.2717948717948718,0.05641025641025641,0.11794871794871795,0.5641025641025641,0.1729358407103167,0.03248958720765082,0.013234496526494862,0.1459553069613099,0.04560062016876387,full,row_mixture,Baseline plus top-k row-mixture corridor likelihood.,results/localization_improvement_row_identity/full/rh_run1/row_mixture/seed_11,38.82723140716553,results/localization_improvement_row_identity/full/rh_run1/row_mixture/seed_11/spf_lidar.log,399,2.643048405647278,7.9799792766571045,1.0,82.37060907338844,13.236018159321844,17.759968945050655,0.02541244402527809,0.15097126364707947,74.10776942355889,8.431077694235588,33.75438596491228,0.6196160280773507,alpha,alpha,127,0.7517549968132989,0.38321004807949066,row_10,0.16541353383458646,0.044761340923070804,-0.029142407788031302,0.018390852979717202,1.0,results/localization_improvement_row_identity/full/rh_run1/row_mixture/seed_11/stats.csv
rh_run1,row_mixture,22,full_rh_run1_row_mixture_seed_22,results/localization_improvement_row_identity/full/rh_run1/row_mixture/seed_22/trajectory_0.5.tum,results/localization_improvement_row_identity/full/rh_run1/row_mixture/seed_22/trajectory_0.5.tum,results/localization_improvement_row_identity/full/rh_run1/row_mixture/seed_22/gps_pose.tum,0,1.364337003295795,1.3079114710654387,3.333534200688037,6.863671038314872,12.173170514700859,1.4620645991417056,1.325453764461757,4.411998232847291,0.6040100250626567,34,632,107.5489195808707,84,11.624915912443498,3.1632035170844324,0.39598997493734334,0.07268170426065163,0.09774436090225563,0.3333333333333333,1.64587098733336,1.6323215980517634,4.411998232847291,0.6470588235294118,20,288,54.58417702224045,76,13.032507046880637,2.7292088511120225,0.35294117647058826,0.10784313725490197,0.1323529411764706,0.3235294117647059,1.26977483918736,1.2227283453141855,4.205660679024951,0.558974358974359,16,344,52.96474255863024,116,13.846896254204015,3.31029640991439,0.441025641025641,0.035897435897435895,0.06153846153846154,0.3435897435897436,0.17609183977049944,0.03268372484586971,0.013208270251699352,0.1361909322113388,0.047371540573209574,full,row_mixture,Baseline plus top-k row-mixture corridor likelihood.,results/localization_improvement_row_identity/full/rh_run1/row_mixture/seed_22,39.703956604003906,results/localization_improvement_row_identity/full/rh_run1/row_mixture/seed_22/spf_lidar.log,399,2.881319522857666,7.904346466064453,1.0,127.13890706016522,18.846306412954753,22.36656719718891,0.0201844684779644,0.13377323746681213,76.74937343358395,7.776942355889724,31.76691729323308,0.6420701550024823,alpha,alpha,141,0.7464401718679383,0.45697806775569916,row_9,0.15037593984962405,0.17153680809287772,0.012967442724337974,0.04125157094176519,1.0,results/localization_improvement_row_identity/full/rh_run1/row_mixture/seed_22/stats.csv
rh_run1,row_mixture,33,full_rh_run1_row_mixture_seed_33,results/localization_improvement_row_identity/full/rh_run1/row_mixture/seed_33/trajectory_0.5.tum,results/localization_improvement_row_identity/full/rh_run1/row_mixture/seed_33/trajectory_0.5.tum,results/localization_improvement_row_identity/full/rh_run1/row_mixture/seed_33/gps_pose.tum,0,0.8856301506060499,0.8585819436558203,3.4602507097716804,6.978134607129339,12.360607384553923,1.3664588510649989,1.2224903360858401,3.857240670596888,0.7744360902255639,34,360,67.3068275112508,52,7.02813776972909,1.9796125738603176,0.22556390977443608,0.02506265664160401,0.05263157894736842,0.2531328320802005,1.5448093596286634,1.3301388238314416,3.857240670596888,0.7794117647058824,19,180,35.970807192604525,28,6.296857055667867,1.8932003785581328,0.22058823529411764,0.0392156862745098,0.06862745098039216,0.20588235294117646,1.1798767805676267,1.1472467956371444,2.660736105726527,0.7692307692307693,17,180,31.33602031864627,48,6.138258555995159,1.8432953128615452,0.23076923076923078,0.010256410256410256,0.035897435897435895,0.30256410256410254,0.1688962536254809,0.0319523861402595,0.013015029396480953,0.13513538347741433,0.049423225954160814,full,row_mixture,Baseline plus top-k row-mixture corridor likelihood.,results/localization_improvement_row_identity/full/rh_run1/row_mixture/seed_33,39.93744945526123,results/localization_improvement_row_identity/full/rh_run1/row_mixture/seed_33/spf_lidar.log,399,2.4268381595611572,8.051255226135254,1.0,102.05579790076528,17.186094863471137,17.508570843943364,0.023867232725024223,0.14196492731571198,71.97493734335839,8.31328320802005,36.00501253132832,0.6022019091126466,alpha,alpha,146,0.7091862142749787,0.41866452991962433,row_10,0.18546365914786966,0.03080062361590675,0.07124641904544925,-0.055254031928956254,1.0,results/localization_improvement_row_identity/full/rh_run1/row_mixture/seed_33/stats.csv
rh_run1,delayed_correction,11,full_rh_run1_delayed_correction_seed_11,results/localization_improvement_row_identity/full/rh_run1/delayed_correction/seed_11/trajectory_0.5.tum,results/localization_improvement_row_identity/full/rh_run1/delayed_correction/seed_11/trajectory_0.5.tum,results/localization_improvement_row_identity/full/rh_run1/delayed_correction/seed_11/gps_pose.tum,0,0.8999484006247362,0.8955110872257876,3.1969665886988934,6.454508082072449,11.778545593105749,1.2445118953465855,1.0691089723824434,3.8345496544253,0.7218045112781954,38,444,86.74959712354209,44,7.648773954026135,2.282884134830055,0.2781954887218045,0.02506265664160401,0.08270676691729323,0.43859649122807015,1.4226038895741635,1.326487732537184,3.8345496544253,0.7058823529411765,24,240,43.34430324001477,28,7.9951183395390855,1.8060126350006154,0.29411764705882354,0.024509803921568627,0.0784313725490196,0.36764705882352944,1.0582002706161966,0.9923093900711525,2.5704967878727247,0.7384615384615385,18,204,43.40529388352731,44,5.4587804801216455,2.411405215751517,0.26153846153846155,0.02564102564102564,0.08717948717948718,0.5128205128205128,0.1773611779729433,0.03349010081711885,0.013986675363611631,0.19684708791830152,0.08007031882590289,full,delayed_correction,Baseline plus lightweight delayed row-identity correction.,results/localization_improvement_row_identity/full/rh_run1/delayed_correction/seed_11,39.22348713874817,results/localization_improvement_row_identity/full/rh_run1/delayed_correction/seed_11/spf_lidar.log,399,2.5737708806991577,6.939142227172852,1.0,152.52060979802678,8.110838323125375,8.110838323125375,0.016178332269191742,0.26355186104774475,70.50125313283208,8.303258145363408,37.48872180451128,0.5875363530454885,alpha,alpha,126,0.6873016158476221,0.6591701507568359,row_10,0.20802005012531327,0.14290266558255527,0.14102296111457227,-0.07172018409405613,1.0,results/localization_improvement_row_identity/full/rh_run1/delayed_correction/seed_11/stats.csv
rh_run1,delayed_correction,22,full_rh_run1_delayed_correction_seed_22,results/localization_improvement_row_identity/full/rh_run1/delayed_correction/seed_22/trajectory_0.5.tum,results/localization_improvement_row_identity/full/rh_run1/delayed_correction/seed_22/trajectory_0.5.tum,results/localization_improvement_row_identity/full/rh_run1/delayed_correction/seed_22/gps_pose.tum,0,1.0262138080431664,0.9646978215211951,3.281866195025616,6.663404730795049,11.73268066031099,1.2951820809765546,1.125207810456493,4.001319924962006,0.6892230576441103,40,496,80.81042193573872,68,11.495291804299569,2.020260548393468,0.3107769423558897,0.02506265664160401,0.07518796992481203,0.41604010025062654,1.4960195437404842,1.2638349492353096,4.001319924962006,0.6666666666666666,22,272,47.52267603983484,76,13.032507046880637,2.160121638174311,0.3333333333333333,0.029411764705882353,0.0784313725490196,0.3872549019607843,1.0850751968542898,1.0800850790827115,2.725516135140596,0.7128205128205128,20,224,33.28774589590389,48,6.138258555995159,1.6643872947951945,0.28717948717948716,0.020512820512820513,0.07179487179487179,0.4461538461538462,0.175235549802263,0.0317941977471728,0.013071361351245328,0.19980798015199702,0.08298198502027582,full,delayed_correction,Baseline plus lightweight delayed row-identity correction.,results/localization_improvement_row_identity/full/rh_run1/delayed_correction/seed_22,39.687052965164185,results/localization_improvement_row_identity/full/rh_run1/delayed_correction/seed_22/spf_lidar.log,399,2.7891764640808105,7.616433143615723,1.0,164.08061398019058,28.04414122329363,30.2241339886411,0.015480064786970615,0.15373216569423676,72.66666666666667,8.340852130325814,35.285714285714285,0.6074473895134874,alpha,alpha,141,0.6956291291246399,0.7011698558926582,row_10,0.20050125313283207,0.1553906474416545,0.09645293547864893,-0.007993551674954056,1.0,results/localization_improvement_row_identity/full/rh_run1/delayed_correction/seed_22/stats.csv
rh_run1,delayed_correction,33,full_rh_run1_delayed_correction_seed_33,results/localization_improvement_row_identity/full/rh_run1/delayed_correction/seed_33/trajectory_0.5.tum,results/localization_improvement_row_identity/full/rh_run1/delayed_correction/seed_33/trajectory_0.5.tum,results/localization_improvement_row_identity/full/rh_run1/delayed_correction/seed_33/gps_pose.tum,0,0.9420315097474601,0.8805799304421049,3.333400883940976,6.811820663639187,12.450579569560833,1.2958001182116954,1.1681068141396689,3.667735172507313,0.731829573934837,46,428,85.73286902255163,52,7.02813776972909,1.8637580222293832,0.2681704260651629,0.017543859649122806,0.06516290726817042,0.38345864661654133,1.4915246700886695,1.3929320550290938,3.667735172507313,0.7352941176470589,26,216,47.66779194876601,20,6.663483413401669,1.8333766134140772,0.2647058823529412,0.00980392156862745,0.029411764705882353,0.28431372549019607,1.091042125478861,1.0098782159496305,2.5171628228115117,0.7282051282051282,23,212,38.065077073785645,48,6.138258555995159,1.6550033510341584,0.2717948717948718,0.02564102564102564,0.10256410256410256,0.48717948717948717,0.17924648359253614,0.031506714906745094,0.012970776286711262,0.21850208448028052,0.08979394655547404,full,delayed_correction,Baseline plus lightweight delayed row-identity correction.,results/localization_improvement_row_identity/full/rh_run1/delayed_correction/seed_33,39.70183444023132,results/localization_improvement_row_identity/full/rh_run1/delayed_correction/seed_33/spf_lidar.log,399,2.4119486808776855,8.130850315093994,1.0,156.92857397819515,15.598653841835379,15.598653841835379,0.016375772655010223,0.22892625629901886,71.52631578947368,7.543859649122807,37.22305764411028,0.5961079338956873,alpha,alpha,143,0.6913698449528538,0.6015979796648026,row_10,0.20050125313283207,0.10262176418759998,0.16654663396726194,-0.09730462329997662,1.0,results/localization_improvement_row_identity/full/rh_run1/delayed_correction/seed_33/stats.csv
rh_run1,row_mixture_delayed,11,full_rh_run1_row_mixture_delayed_seed_11,results/localization_improvement_row_identity/full/rh_run1/row_mixture_delayed/seed_11/trajectory_0.5.tum,results/localization_improvement_row_identity/full/rh_run1/row_mixture_delayed/seed_11/trajectory_0.5.tum,results/localization_improvement_row_identity/full/rh_run1/row_mixture_delayed/seed_11/gps_pose.tum,0,1.1731514380985106,1.1162595689716595,3.183272374781174,6.725400752622195,11.817005352503077,1.1959519098515394,1.1109717230366272,3.6348015043198876,0.7192982456140351,40,448,85.41649370586725,80,12.048204007589751,2.1354123426466813,0.2807017543859649,0.047619047619047616,0.14786967418546365,0.42105263157894735,1.4479496932448075,1.3367427524590874,3.6348015043198876,0.7156862745098039,24,232,42.23471063864501,44,5.71300625824918,1.759779609943542,0.28431372549019607,0.03431372549019608,0.07352941176470588,0.27941176470588236,0.9323234595324279,0.8893864621583332,2.9245050810911692,0.7230769230769231,19,216,43.18178306722225,40,6.712116457351806,2.2727254245906447,0.27692307692307694,0.06153846153846154,0.22564102564102564,0.5692307692307692,0.17516766227083627,0.03313394019794461,0.013746479973387932,0.2204019101172538,0.08815733288333946,full,row_mixture_delayed,Baseline plus row-mixture likelihood and delayed correction.,results/localization_improvement_row_identity/full/rh_run1/row_mixture_delayed/seed_11,39.592849254608154,results/localization_improvement_row_identity/full/rh_run1/row_mixture_delayed/seed_11/spf_lidar.log,399,2.547090530395508,7.4475061893463135,1.0,76.44191779511654,4.296517680550672,4.296517680550672,0.02657475881278515,0.3482917249202728,74.74937343358395,7.614035087719298,33.92982456140351,0.6241934707991307,alpha,alpha,154,0.7576679502734016,0.4142141342163086,row_10,0.17293233082706766,0.027435309335180985,-0.08884770887075948,0.037229112620498585,1.0,results/localization_improvement_row_identity/full/rh_run1/row_mixture_delayed/seed_11/stats.csv
rh_run1,row_mixture_delayed,22,full_rh_run1_row_mixture_delayed_seed_22,results/localization_improvement_row_identity/full/rh_run1/row_mixture_delayed/seed_22/trajectory_0.5.tum,results/localization_improvement_row_identity/full/rh_run1/row_mixture_delayed/seed_22/trajectory_0.5.tum,results/localization_improvement_row_identity/full/rh_run1/row_mixture_delayed/seed_22/gps_pose.tum,0,0.8800569101029411,0.8703717655995873,3.283019169120503,7.039881943305698,11.926982471186752,1.2626482181035308,1.1289850497349663,4.326619630496675,0.7268170426065163,43,436,77.7959779671834,68,10.042460034376019,1.8092087899344977,0.2731829573934837,0.03007518796992481,0.06516290726817042,0.38095238095238093,1.4823973233430014,1.3068375865358748,4.326619630496675,0.6862745098039216,24,256,45.65637674930616,48,7.350443846561985,1.90234903122109,0.3137254901960784,0.03431372549019608,0.06862745098039216,0.35294117647058826,1.032756846468392,1.069138271439939,1.917490981617892,0.7692307692307693,19,180,32.13960121787724,68,10.513011249904967,1.6915579588356444,0.23076923076923078,0.02564102564102564,0.06153846153846154,0.41025641025641024,0.17590659934636338,0.03211953659286791,0.013219757117160847,0.19017044109297854,0.07669720546062395,full,row_mixture_delayed,Baseline plus row-mixture likelihood and delayed correction.,results/localization_improvement_row_identity/full/rh_run1/row_mixture_delayed/seed_22,39.89076638221741,results/localization_improvement_row_identity/full/rh_run1/row_mixture_delayed/seed_22/spf_lidar.log,399,2.731883406639099,7.913142442703247,1.0,103.94642100136164,8.022637420380299,8.022637420380299,0.023121777921915054,0.18142768740653992,72.67669172932331,8.583959899749374,35.03258145363409,0.6078945144672376,alpha,alpha,115,0.7019916733368533,0.456428661942482,row_10,0.19298245614035087,0.09708509559427776,0.12269006422886598,-0.07774189263276574,1.0,results/localization_improvement_row_identity/full/rh_run1/row_mixture_delayed/seed_22/stats.csv
rh_run1,row_mixture_delayed,33,full_rh_run1_row_mixture_delayed_seed_33,results/localization_improvement_row_identity/full/rh_run1/row_mixture_delayed/seed_33/trajectory_0.5.tum,results/localization_improvement_row_identity/full/rh_run1/row_mixture_delayed/seed_33/trajectory_0.5.tum,results/localization_improvement_row_identity/full/rh_run1/row_mixture_delayed/seed_33/gps_pose.tum,0,0.9347589959706832,0.889724479434328,3.2847197782163637,7.076964977821125,12.290511957427277,1.397226734388575,1.298056734778716,3.6986884182256294,0.7243107769423559,44,440,84.84961746015144,52,7.02813776972909,1.9284003968216235,0.2756892230576441,0.012531328320802004,0.047619047619047616,0.2857142857142857,1.4473985273950192,1.374297213633128,3.6986884182256294,0.7401960784313726,25,212,43.925335498335585,32,6.483729776262817,1.7570134199334233,0.25980392156862747,0.014705882352941176,0.0392156862745098,0.22549019607843138,1.3447393201664486,1.1855756661558638,3.0701342615769756,0.7076923076923077,19,228,40.92428196181584,48,6.138258555995159,2.153909576937676,0.2923076923076923,0.010256410256410256,0.05641025641025641,0.3487179487179487,0.17681231460658223,0.03317406275753817,0.013635965602102866,0.22722625744715597,0.093900918235399,full,row_mixture_delayed,Baseline plus row-mixture likelihood and delayed correction.,results/localization_improvement_row_identity/full/rh_run1/row_mixture_delayed/seed_33,38.977956771850586,results/localization_improvement_row_identity/full/rh_run1/row_mixture_delayed/seed_33/spf_lidar.log,399,2.468453884124756,8.502332210540771,1.0,87.65976486311614,8.166684666331962,8.166684666331962,0.026451097801327705,0.2748931050300598,69.32832080200501,7.431077694235589,39.53383458646616,0.5774239792437447,alpha,alpha,135,0.6857720460870383,0.4264369010925293,row_10,0.19047619047619047,0.03692054942108684,0.1189524120014618,-0.1310636452737291,1.0,results/localization_improvement_row_identity/full/rh_run1/row_mixture_delayed/seed_33/stats.csv
rh_run1,row_mixture_delayed_gnss_gating,11,full_rh_run1_row_mixture_delayed_gnss_gating_seed_11,results/localization_improvement_row_identity/full/rh_run1/row_mixture_delayed_gnss_gating/seed_11/trajectory_0.5.tum,results/localization_improvement_row_identity/full/rh_run1/row_mixture_delayed_gnss_gating/seed_11/trajectory_0.5.tum,results/localization_improvement_row_identity/full/rh_run1/row_mixture_delayed_gnss_gating/seed_11/gps_pose.tum,0,0.9468580033404608,0.9376385104920968,3.319050409007492,6.746953725624137,11.463436154648932,1.2349881567921392,1.0741613221556796,3.1991520989242264,0.7218045112781954,39,444,85.06076277188679,52,8.82580307190799,2.1810451992791484,0.2781954887218045,0.045112781954887216,0.09273182957393483,0.42857142857142855,1.4011068411202092,1.3076073931181922,3.1991520989242264,0.7352941176470589,25,216,40.99578579276822,24,5.615470295251526,1.6398314317107288,0.2647058823529412,0.04411764705882353,0.10784313725490197,0.36764705882352944,1.0612024562643125,1.0057979052564188,2.816349460844925,0.7076923076923077,17,228,44.06497697911857,56,9.83176286011541,2.592057469359916,0.2923076923076923,0.046153846153846156,0.07692307692307693,0.49230769230769234,0.18050646621106364,0.03158127811931868,0.012844504527364456,0.22993522328908597,0.09112670216495324,full,row_mixture_delayed_gnss_gating,"Baseline plus row mixture, delayed correction, and adaptive GNSS row gating.",results/localization_improvement_row_identity/full/rh_run1/row_mixture_delayed_gnss_gating/seed_11,39.248140811920166,results/localization_improvement_row_identity/full/rh_run1/row_mixture_delayed_gnss_gating/seed_11/spf_lidar.log,399,2.5743236541748047,7.561490774154663,1.0,120.00130386020535,5.782293972102317,15.477241239717415,0.02080293744802475,0.3268364667892456,70.4812030075188,8.541353383458647,37.27067669172932,0.5897092103725678,alpha,alpha,133,0.708500153285005,0.6232672333717346,row_10,0.19799498746867167,0.058357344944567346,0.04715619421423934,-0.043458111559936646,1.35,results/localization_improvement_row_identity/full/rh_run1/row_mixture_delayed_gnss_gating/seed_11/stats.csv
rh_run1,row_mixture_delayed_gnss_gating,22,full_rh_run1_row_mixture_delayed_gnss_gating_seed_22,results/localization_improvement_row_identity/full/rh_run1/row_mixture_delayed_gnss_gating/seed_22/trajectory_0.5.tum,results/localization_improvement_row_identity/full/rh_run1/row_mixture_delayed_gnss_gating/seed_22/trajectory_0.5.tum,results/localization_improvement_row_identity/full/rh_run1/row_mixture_delayed_gnss_gating/seed_22/gps_pose.tum,0,1.0904511076494259,1.0408315011369296,3.2789526614515387,6.652699238464122,11.659870961960367,1.2302589028879658,1.0846410037083676,4.383359324367053,0.7142857142857143,38,456,84.20008960276793,72,13.725387545597865,2.2157918316517877,0.2857142857142857,0.06516290726817042,0.14536340852130325,0.46365914786967416,1.4770608842849549,1.277453767677549,4.383359324367053,0.7009803921568627,18,244,47.34393486020613,72,14.45503802566067,2.630218603344785,0.29901960784313725,0.06372549019607843,0.12254901960784313,0.38235294117647056,0.9720660608111158,0.9553863316634634,2.329995539917397,0.7282051282051282,21,212,36.856154742561806,40,6.038655082197706,1.7550549877410384,0.2717948717948718,0.06666666666666667,0.16923076923076924,0.5487179487179488,0.17716007176731446,0.03249385347145356,0.013305248731503851,0.21132452761646423,0.08664338447275666,full,row_mixture_delayed_gnss_gating,"Baseline plus row mixture, delayed correction, and adaptive GNSS row gating.",results/localization_improvement_row_identity/full/rh_run1/row_mixture_delayed_gnss_gating/seed_22,40.426220655441284,results/localization_improvement_row_identity/full/rh_run1/row_mixture_delayed_gnss_gating/seed_22/spf_lidar.log,399,2.7506706714630127,8.059532165527344,1.0,120.43442725570756,9.38637881525521,27.967880763820613,0.020633546635508537,0.21080367267131805,71.51127819548873,8.147869674185463,36.634085213032584,0.5991560776443475,alpha,alpha,129,0.6911205510075816,0.6880638599395752,row_10,0.19548872180451127,0.13296268820787097,0.01862050468303116,0.055842269141961026,1.35,results/localization_improvement_row_identity/full/rh_run1/row_mixture_delayed_gnss_gating/seed_22/stats.csv
rh_run1,row_mixture_delayed_gnss_gating,33,full_rh_run1_row_mixture_delayed_gnss_gating_seed_33,results/localization_improvement_row_identity/full/rh_run1/row_mixture_delayed_gnss_gating/seed_33/trajectory_0.5.tum,results/localization_improvement_row_identity/full/rh_run1/row_mixture_delayed_gnss_gating/seed_33/trajectory_0.5.tum,results/localization_improvement_row_identity/full/rh_run1/row_mixture_delayed_gnss_gating/seed_33/gps_pose.tum,0,1.056835933020491,0.9627469256140527,3.3380218672281328,6.849349299333617,12.271205377152725,1.2655045483217808,1.1429828409261764,4.124448136829049,0.6942355889724311,47,488,91.77933704626145,36,5.567206575605063,1.952751852048116,0.3057644110275689,0.040100250626566414,0.10025062656641603,0.40100250626566414,1.4640750177157411,1.3401559754123262,4.124448136829049,0.6715686274509803,24,268,53.30508910845205,24,6.296857055667867,2.2210453795188356,0.3284313725490196,0.03431372549019608,0.07352941176470588,0.29901960784313725,1.0577692880327143,0.9939527598682177,3.126327460208855,0.717948717948718,25,220,38.4742479378094,36,4.926765008828909,1.538969917512376,0.28205128205128205,0.046153846153846156,0.1282051282051282,0.5076923076923077,0.1781925392593275,0.031457884539042434,0.012733889103687477,0.20880263711412772,0.08828760194443987,full,row_mixture_delayed_gnss_gating,"Baseline plus row mixture, delayed correction, and adaptive GNSS row gating.",results/localization_improvement_row_identity/full/rh_run1/row_mixture_delayed_gnss_gating/seed_33,40.18811368942261,results/localization_improvement_row_identity/full/rh_run1/row_mixture_delayed_gnss_gating/seed_33/spf_lidar.log,399,2.4456194639205933,8.175519943237305,1.0,100.9968783910032,14.289923438568815,14.289923438568815,0.02217402681708336,0.23806153237819672,71.03007518796993,7.4110275689223055,37.852130325814535,0.5928557891312418,alpha,alpha,135,0.7000533798178615,0.5704028904438019,row_10,0.18796992481203006,0.03387047750774254,0.06225202824109136,-0.03257680094417685,1.35,results/localization_improvement_row_identity/full/rh_run1/row_mixture_delayed_gnss_gating/seed_33/stats.csv
rh_run2,baseline_alpha_huber3_cap50,11,full_rh_run2_baseline_alpha_huber3_cap50_seed_11,results/localization_improvement_row_identity/full/rh_run2/baseline_alpha_huber3_cap50/seed_11/trajectory_0.5.tum,results/localization_improvement_row_identity/full/rh_run2/baseline_alpha_huber3_cap50/seed_11/trajectory_0.5.tum,results/localization_improvement_row_identity/full/rh_run2/baseline_alpha_huber3_cap50/seed_11/gps_pose.tum,0,0.9058474339431923,0.8460887197094589,3.3530470884391015,7.1875006288818994,12.976227697012169,1.51919873846291,1.396994114220498,4.2860431988873895,0.638676844783715,35,568,94.2091495541906,80,12.648697825660228,2.691689987262589,0.361323155216285,0.010178117048346057,0.04071246819338423,0.23918575063613232,1.7602642724525202,1.6727756950502264,4.2860431988873895,0.6451612903225806,23,308,43.158095810992215,48,6.872251377011457,1.8764389483040094,0.3548387096774194,0.004608294930875576,0.027649769585253458,0.15668202764976957,1.2219758925779924,1.245868315580632,2.07219485357301,0.6306818181818182,13,260,51.05105374319836,108,17.120371747024368,3.9270041340921815,0.3693181818181818,0.017045454545454544,0.056818181818181816,0.3409090909090909,0.1754629417424429,0.03286236027188995,0.013233530865947994,0.15077014554176554,0.057617641876094604,full,baseline_alpha_huber3_cap50,"Frozen reference baseline: alpha smoother, Huber GNSS threshold 3.0, semantic cap 50.",results/localization_improvement_row_identity/full/rh_run2/baseline_alpha_huber3_cap50/seed_11,38.38832879066467,results/localization_improvement_row_identity/full/rh_run2/baseline_alpha_huber3_cap50/seed_11/spf_lidar.log,393,2.75273859500885,7.741359710693359,1.0,169.25712691217367,24.603669488829052,31.260987235003572,0.015175988897681236,0.14306367933750153,63.79389312977099,7.735368956743002,34.157760814249365,0.5907796449549381,alpha,alpha,151,0.7099610800346354,0.5547598004341125,row_10,0.1450381679389313,0.06563893210597915,0.16882762233760748,-0.04863993020579816,1.0,results/localization_improvement_row_identity/full/rh_run2/baseline_alpha_huber3_cap50/seed_11/stats.csv
rh_run2,baseline_alpha_huber3_cap50,22,full_rh_run2_baseline_alpha_huber3_cap50_seed_22,results/localization_improvement_row_identity/full/rh_run2/baseline_alpha_huber3_cap50/seed_22/trajectory_0.5.tum,results/localization_improvement_row_identity/full/rh_run2/baseline_alpha_huber3_cap50/seed_22/trajectory_0.5.tum,results/localization_improvement_row_identity/full/rh_run2/baseline_alpha_huber3_cap50/seed_22/gps_pose.tum,0,0.8690787881345349,0.850211874652429,3.326653185655411,6.94218237985578,11.997763214132574,1.4391190608725293,1.2407939869882962,3.9912675181557127,0.7073791348600509,30,460,74.33194618606673,44,8.149126765633113,2.4777315395355575,0.2926208651399491,0.027989821882951654,0.0737913486005089,0.26463104325699743,1.6215000209458066,1.2756157522100324,3.9912675181557127,0.7557603686635944,17,212,29.330020874681956,32,6.17090578055838,1.7252953455695268,0.24423963133640553,0.02304147465437788,0.059907834101382486,0.271889400921659,1.2142516271458177,1.2092122869247852,2.7451586142531403,0.6477272727272727,17,248,45.001925311384774,44,8.149126765633113,2.6471720771402807,0.3522727272727273,0.03409090909090909,0.09090909090909091,0.2556818181818182,0.17514049090976871,0.030639864726814462,0.012855678512136395,0.1648877936700419,0.06148150058005602,full,baseline_alpha_huber3_cap50,"Frozen reference baseline: alpha smoother, Huber GNSS threshold 3.0, semantic cap 50.",results/localization_improvement_row_identity/full/rh_run2/baseline_alpha_huber3_cap50/seed_22,38.77244448661804,results/localization_improvement_row_identity/full/rh_run2/baseline_alpha_huber3_cap50/seed_22/spf_lidar.log,393,2.5994033813476562,7.051177501678467,1.0,165.03343111987675,34.036021758869445,36.2552860636887,0.015055504627525806,0.08281474560499191,62.42239185750636,8.615776081424936,34.64885496183206,0.5818728744081928,alpha,alpha,152,0.7048509916361331,0.6265092492103577,row_10,0.16539440203562342,0.10979724805603554,0.09373431318133206,-0.04125178527052717,1.0,results/localization_improvement_row_identity/full/rh_run2/baseline_alpha_huber3_cap50/seed_22/stats.csv
rh_run2,baseline_alpha_huber3_cap50,33,full_rh_run2_baseline_alpha_huber3_cap50_seed_33,results/localization_improvement_row_identity/full/rh_run2/baseline_alpha_huber3_cap50/seed_33/trajectory_0.5.tum,results/localization_improvement_row_identity/full/rh_run2/baseline_alpha_huber3_cap50/seed_33/trajectory_0.5.tum,results/localization_improvement_row_identity/full/rh_run2/baseline_alpha_huber3_cap50/seed_33/gps_pose.tum,0,1.0734977542498454,0.929867468541151,3.4492153328758848,6.722564780427919,12.598156058165227,1.4332502515765126,1.2784945090466109,4.164376383353866,0.6743002544529262,27,512,83.11884721369589,92,16.312850394755348,3.078475822729477,0.3256997455470738,0.035623409669211195,0.10687022900763359,0.356234096692112,1.6949774987520383,1.5252041045112956,4.164376383353866,0.7004608294930875,20,260,34.88483165421173,36,5.543222842737215,1.7442415827105866,0.2995391705069124,0.027649769585253458,0.08294930875576037,0.2488479262672811,1.110552452502143,1.0111240003999251,2.7992088889087885,0.6420454545454546,13,252,48.23401555948418,80,15.586659830402649,3.7103088891910905,0.35795454545454547,0.045454545454545456,0.13636363636363635,0.48863636363636365,0.17453810122047242,0.031146305818854917,0.01272804126858435,0.1596209163201473,0.05822689323563347,full,baseline_alpha_huber3_cap50,"Frozen reference baseline: alpha smoother, Huber GNSS threshold 3.0, semantic cap 50.",results/localization_improvement_row_identity/full/rh_run2/baseline_alpha_huber3_cap50/seed_33,38.82924270629883,results/localization_improvement_row_identity/full/rh_run2/baseline_alpha_huber3_cap50/seed_33/spf_lidar.log,393,2.5274930000305176,7.945311069488525,1.0,171.03541273761738,30.510832361502057,30.510832361502057,0.014679713174700737,0.12812308967113495,63.033078880407125,7.893129770992366,34.76081424936387,0.5856274935141697,alpha,alpha,142,0.7273548579378624,0.5823161825537682,row_10,0.15521628498727735,0.022044941443795152,0.09888233761730007,0.008631190801085398,1.0,results/localization_improvement_row_identity/full/rh_run2/baseline_alpha_huber3_cap50/seed_33/stats.csv
rh_run2,row_mixture,11,full_rh_run2_row_mixture_seed_11,results/localization_improvement_row_identity/full/rh_run2/row_mixture/seed_11/trajectory_0.5.tum,results/localization_improvement_row_identity/full/rh_run2/row_mixture/seed_11/trajectory_0.5.tum,results/localization_improvement_row_identity/full/rh_run2/row_mixture/seed_11/gps_pose.tum,0,1.0778715161359191,0.9527875712020604,3.4167842446576513,6.853396563482657,12.70691075700976,1.5124241867948414,1.4644133649614948,3.999269485526008,0.6539440203562341,24,544,90.46631946763144,108,17.306440169312367,3.7694299778179765,0.3460559796437659,0.022900763358778626,0.04834605597964377,0.28498727735368956,1.758707182790224,1.6384797755515546,3.999269485526008,0.6682027649769585,19,288,39.255714743452934,48,5.991081032998323,2.0660902496554177,0.3317972350230415,0.013824884792626729,0.03225806451612903,0.1889400921658986,1.2087684474141704,1.1248221751860328,3.055017638931558,0.6363636363636364,9,256,51.21060472417849,104,17.175114639882466,5.6900671915753875,0.36363636363636365,0.03409090909090909,0.06818181818181818,0.4034090909090909,0.17508142594844608,0.03209122142038906,0.012933989754984495,0.1402972046353818,0.05370885308445391,full,row_mixture,Baseline plus top-k row-mixture corridor likelihood.,results/localization_improvement_row_identity/full/rh_run2/row_mixture/seed_11,38.82703256607056,results/localization_improvement_row_identity/full/rh_run2/row_mixture/seed_11/spf_lidar.log,393,2.7698564529418945,7.000529527664185,1.0,108.25200546086701,14.560523641454427,40.66279036064581,0.021727485582232475,0.17417648434638977,63.94910941475827,7.837150127226463,33.900763358778626,0.5917943613313792,alpha,alpha,146,0.7272862962266918,0.41746285557746887,row_10,0.1475826972010178,0.022023295090116534,0.05389302779505318,0.008613035650060726,1.0,results/localization_improvement_row_identity/full/rh_run2/row_mixture/seed_11/stats.csv
rh_run2,row_mixture,22,full_rh_run2_row_mixture_seed_22,results/localization_improvement_row_identity/full/rh_run2/row_mixture/seed_22/trajectory_0.5.tum,results/localization_improvement_row_identity/full/rh_run2/row_mixture/seed_22/trajectory_0.5.tum,results/localization_improvement_row_identity/full/rh_run2/row_mixture/seed_22/gps_pose.tum,0,0.9276596466230173,0.8679084254885442,3.312156892202183,6.805134059999914,12.631820791541207,1.3668475238489006,1.1914559421044357,4.460787948141311,0.7480916030534351,26,396,69.28220486958763,44,6.941463418000723,2.664700187291832,0.25190839694656486,0.020356234096692113,0.04580152671755725,0.3486005089058524,1.6215552690919681,1.376682513533715,4.460787948141311,0.7419354838709677,16,224,32.410897257040475,52,8.135758256263834,2.0256810785650297,0.25806451612903225,0,0.03225806451612903,0.2488479262672811,1.052804451588983,1.032000256104531,2.3026443297734156,0.7556818181818182,12,172,36.87130761254715,40,6.941463418000723,3.0726089677122626,0.24431818181818182,0.045454545454545456,0.0625,0.4715909090909091,0.1716581902380832,0.030250450243284977,0.012677749954372406,0.14910576014762716,0.055440693223958885,full,row_mixture,Baseline plus top-k row-mixture corridor likelihood.,results/localization_improvement_row_identity/full/rh_run2/row_mixture/seed_22,37.82216167449951,results/localization_improvement_row_identity/full/rh_run2/row_mixture/seed_22/spf_lidar.log,393,2.5869089365005493,7.1974711418151855,1.0,105.70395190494867,11.141101725235325,44.62305210390103,0.021527007222175598,0.24606281518936157,63.6234096692112,8.396946564885496,33.666666666666664,0.5909027016573195,alpha,alpha,137,0.741107780959478,0.46900494396686554,row_10,0.15521628498727735,-0.004023475674181802,-0.0356390465276355,0.0938683966275895,1.0,results/localization_improvement_row_identity/full/rh_run2/row_mixture/seed_22/stats.csv
rh_run2,row_mixture,33,full_rh_run2_row_mixture_seed_33,results/localization_improvement_row_identity/full/rh_run2/row_mixture/seed_33/trajectory_0.5.tum,results/localization_improvement_row_identity/full/rh_run2/row_mixture/seed_33/trajectory_0.5.tum,results/localization_improvement_row_identity/full/rh_run2/row_mixture/seed_33/gps_pose.tum,0,1.082391234043686,0.966463353799811,3.391388701194839,6.927557256618903,12.984779144530673,1.4116908766354124,1.262397601994633,4.565768912509784,0.7073791348600509,21,460,77.5993173706168,124,20.27209781477843,3.6952055890769904,0.2926208651399491,0.03307888040712468,0.089058524173028,0.35368956743002544,1.6799202843779277,1.5457150778058026,4.565768912509784,0.7235023041474654,14,240,31.699864525271927,64,8.956738678464387,2.2642760375194233,0.2764976958525346,0.027649769585253458,0.09216589861751152,0.22580645161290322,1.0809762091346975,0.9799167967391393,2.5091944071507712,0.6875,9,220,45.899452845344875,76,13.82547870359094,5.09993920503832,0.3125,0.03977272727272727,0.08522727272727272,0.5113636363636364,0.1742408690575886,0.030539280737317584,0.012674623944082626,0.1532510238193453,0.055312034057424006,full,row_mixture,Baseline plus top-k row-mixture corridor likelihood.,results/localization_improvement_row_identity/full/rh_run2/row_mixture/seed_33,37.431082248687744,results/localization_improvement_row_identity/full/rh_run2/row_mixture/seed_33/spf_lidar.log,393,2.489690661430359,8.716298580169678,1.0,110.73649710409215,7.932526507474335,48.24953010847239,0.021036967635154724,0.19547529518604279,62.783715012722645,8.27735368956743,34.62595419847328,0.5822885529629391,alpha,alpha,137,0.7351489681942777,0.4628197252750397,row_10,0.13740458015267176,0.023348518243518315,0.002498052856785554,0.04159691386970164,1.0,results/localization_improvement_row_identity/full/rh_run2/row_mixture/seed_33/stats.csv
rh_run2,delayed_correction,11,full_rh_run2_delayed_correction_seed_11,results/localization_improvement_row_identity/full/rh_run2/delayed_correction/seed_11/trajectory_0.5.tum,results/localization_improvement_row_identity/full/rh_run2/delayed_correction/seed_11/trajectory_0.5.tum,results/localization_improvement_row_identity/full/rh_run2/delayed_correction/seed_11/gps_pose.tum,0,1.0133688382169697,0.8843747520798373,3.2396454334845766,6.514175316934965,11.208853523529777,1.39283677085468,1.3223232397302689,3.8249981094657315,0.6590330788804071,39,536,91.22289848555167,44,9.202584659404938,2.3390486791167096,0.34096692111959287,0.02544529262086514,0.07633587786259542,0.26717557251908397,1.5889127339331008,1.5590254755994737,3.8249981094657315,0.7004608294930875,24,260,38.09834878734806,36,5.395852912677513,1.5874311994728358,0.2995391705069124,0.02304147465437788,0.06912442396313365,0.19815668202764977,1.151084020922764,1.130307979403359,2.6865853205445482,0.6079545454545454,18,276,53.12454969820362,56,11.307524674162043,2.9513638721224233,0.39204545454545453,0.028409090909090908,0.08522727272727272,0.3522727272727273,0.18032964324536174,0.03268546943494771,0.013376903957948187,0.2361335008126506,0.09587119139585668,full,delayed_correction,Baseline plus lightweight delayed row-identity correction.,results/localization_improvement_row_identity/full/rh_run2/delayed_correction/seed_11,39.055540323257446,results/localization_improvement_row_identity/full/rh_run2/delayed_correction/seed_11/spf_lidar.log,393,2.6893386840820312,7.472068548202515,1.0,165.3233815753141,12.720394452801147,12.720394452801147,0.015653908252716064,0.1774139106273651,63.12213740458015,7.585241730279898,34.979643765903305,0.5839310944242696,alpha,alpha,129,0.7023902122604672,0.5952744483947754,row_10,0.15776081424936386,0.06684454405747277,0.1859076363781754,-0.14903082672800125,1.0,results/localization_improvement_row_identity/full/rh_run2/delayed_correction/seed_11/stats.csv
rh_run2,delayed_correction,22,full_rh_run2_delayed_correction_seed_22,results/localization_improvement_row_identity/full/rh_run2/delayed_correction/seed_22/trajectory_0.5.tum,results/localization_improvement_row_identity/full/rh_run2/delayed_correction/seed_22/trajectory_0.5.tum,results/localization_improvement_row_identity/full/rh_run2/delayed_correction/seed_22/gps_pose.tum,0,0.9648971313652529,0.9409350823715916,3.2414015042259448,6.264727713821133,11.726336553827544,1.3455422072504344,1.1797298297114327,3.706851969540279,0.6743002544529262,40,512,82.40666545372108,44,8.149126765633113,2.060166636343027,0.3256997455470738,0.03816793893129771,0.06615776081424936,0.35877862595419846,1.4921913857823383,1.3362445415637587,3.706851969540279,0.6912442396313364,24,268,36.68546091912989,32,6.17090578055838,1.528560871630412,0.3087557603686636,0.02304147465437788,0.05069124423963134,0.34101382488479265,1.1647304359923483,1.1221907928105637,2.8427863086979044,0.6534090909090909,20,244,45.7212045345912,44,8.149126765633113,2.28606022672956,0.3465909090909091,0.056818181818181816,0.08522727272727272,0.3806818181818182,0.17942002229993373,0.03148189901446285,0.013370006470864428,0.23710884161300833,0.09482709110028671,full,delayed_correction,Baseline plus lightweight delayed row-identity correction.,results/localization_improvement_row_identity/full/rh_run2/delayed_correction/seed_22,38.99396276473999,results/localization_improvement_row_identity/full/rh_run2/delayed_correction/seed_22/spf_lidar.log,393,2.6119858026504517,7.438204288482666,1.0,173.92982395125134,8.044575334727893,44.66356956868257,0.013696088455617428,0.24374078214168549,63.409669211195926,8.155216284987278,34.12213740458015,0.5899696534875145,alpha,alpha,145,0.7185147638594969,0.6277018636465073,row_10,0.17048346055979643,0.11632843011807732,0.14109455742820276,-0.07338197005087684,1.0,results/localization_improvement_row_identity/full/rh_run2/delayed_correction/seed_22/stats.csv
rh_run2,delayed_correction,33,full_rh_run2_delayed_correction_seed_33,results/localization_improvement_row_identity/full/rh_run2/delayed_correction/seed_33/trajectory_0.5.tum,results/localization_improvement_row_identity/full/rh_run2/delayed_correction/seed_33/trajectory_0.5.tum,results/localization_improvement_row_identity/full/rh_run2/delayed_correction/seed_33/gps_pose.tum,0,1.0058493361221326,0.8882584455434467,3.2392318885084745,6.294950672333706,11.63109683134346,1.3629995927735647,1.2669151713695805,4.832136484111414,0.6870229007633588,39,492,83.26531161301875,48,9.980954226500844,2.135007990077404,0.31297709923664124,0.03307888040712468,0.07633587786259542,0.3384223918575064,1.5786693758428803,1.6081320318756887,4.832136484111414,0.6866359447004609,20,272,38.615043725721556,56,8.804515103606239,1.9307521862860777,0.31336405529953915,0.03225806451612903,0.059907834101382486,0.2764976958525346,1.0970885534210557,1.0614307020403286,2.3739009815163086,0.6875,21,220,44.650267887297204,64,13.90667258801125,2.126203232728438,0.3125,0.03409090909090909,0.09659090909090909,0.4147727272727273,0.1809524085854013,0.030340803348321784,0.012466134478513177,0.2233989936671574,0.09392327853746331,full,delayed_correction,Baseline plus lightweight delayed row-identity correction.,results/localization_improvement_row_identity/full/rh_run2/delayed_correction/seed_33,39.14810299873352,results/localization_improvement_row_identity/full/rh_run2/delayed_correction/seed_33/spf_lidar.log,393,2.5214076042175293,7.376488924026489,1.0,158.72436453420002,27.64030967974048,48.3242593853755,0.015640201047062874,0.15972526371479034,62.979643765903305,7.860050890585241,34.847328244274806,0.5837107849852773,alpha,alpha,139,0.7179288739833712,0.6399993970990181,row_10,0.1450381679389313,0.02553932244695397,0.1253562578803285,-0.0466538116139609,1.0,results/localization_improvement_row_identity/full/rh_run2/delayed_correction/seed_33/stats.csv
rh_run2,row_mixture_delayed,11,full_rh_run2_row_mixture_delayed_seed_11,results/localization_improvement_row_identity/full/rh_run2/row_mixture_delayed/seed_11/trajectory_0.5.tum,results/localization_improvement_row_identity/full/rh_run2/row_mixture_delayed/seed_11/trajectory_0.5.tum,results/localization_improvement_row_identity/full/rh_run2/row_mixture_delayed/seed_11/gps_pose.tum,0,0.9621877278276482,0.8416231694388486,3.2285177266448333,6.6576126833329345,11.772171190851491,1.3252602260883066,1.2430075255089512,4.0387774752277945,0.7073791348600509,40,460,77.42299021686986,52,10.594834017475256,1.9355747554217466,0.2926208651399491,0.01272264631043257,0.07633587786259542,0.31806615776081426,1.561771318993877,1.4396380420073522,4.0387774752277945,0.695852534562212,24,264,34.62856912214453,52,8.486210142835487,1.4428570467560222,0.30414746543778803,0,0.03686635944700461,0.20276497695852536,1.0336527990399615,1.0343312466558805,2.0467041100554226,0.7215909090909091,16,196,42.79442109472534,44,9.449940995761816,2.6746513184203335,0.2784090909090909,0.028409090909090908,0.125,0.4602272727272727,0.17794173906044922,0.030673121658748182,0.012552694884445577,0.2228804934226288,0.09424003513707983,full,row_mixture_delayed,Baseline plus row-mixture likelihood and delayed correction.,results/localization_improvement_row_identity/full/rh_run2/row_mixture_delayed/seed_11,37.91945958137512,results/localization_improvement_row_identity/full/rh_run2/row_mixture_delayed/seed_11/spf_lidar.log,393,2.690775513648987,7.081586122512817,1.0,105.28065757237864,17.4503763414075,17.4503763414075,0.022959580644965172,0.22578828036785126,63.62086513994911,8.188295165394402,33.87786259541985,0.5885947521637708,alpha,alpha,152,0.7274525389737365,0.44835709035396576,row_10,0.1297709923664122,0.0684360022471278,0.01343674431829246,0.012113604656187597,1.0,results/localization_improvement_row_identity/full/rh_run2/row_mixture_delayed/seed_11/stats.csv
rh_run2,row_mixture_delayed,22,full_rh_run2_row_mixture_delayed_seed_22,results/localization_improvement_row_identity/full/rh_run2/row_mixture_delayed/seed_22/trajectory_0.5.tum,results/localization_improvement_row_identity/full/rh_run2/row_mixture_delayed/seed_22/trajectory_0.5.tum,results/localization_improvement_row_identity/full/rh_run2/row_mixture_delayed/seed_22/gps_pose.tum,0,0.8479807145121154,0.825721150671371,3.30773300730766,6.8918444586243615,12.649978490306017,1.335846413233817,1.1448447721666273,3.784103962016161,0.7506361323155216,40,392,64.10947120508736,44,6.737383899356725,1.602736780127184,0.24936386768447838,0.002544529262086514,0.015267175572519083,0.31806615776081426,1.5276809931412345,1.2848118487700837,3.784103962016161,0.7419354838709677,23,224,29.290204474034766,32,4.415106418508606,1.2734871510449899,0.25806451612903225,0,0.013824884792626729,0.2488479262672811,1.0993230959616034,1.056933550469878,1.9929969491598736,0.7613636363636364,18,168,34.8192667310526,24,3.5183141045285637,1.9344037072807,0.23863636363636365,0.005681818181818182,0.017045454545454544,0.4034090909090909,0.17502705000483856,0.031609616029684276,0.013199173006774593,0.21847091573799168,0.08961242849719295,full,row_mixture_delayed,Baseline plus row-mixture likelihood and delayed correction.,results/localization_improvement_row_identity/full/rh_run2/row_mixture_delayed/seed_22,38.398998498916626,results/localization_improvement_row_identity/full/rh_run2/row_mixture_delayed/seed_22/spf_lidar.log,393,2.5543363094329834,7.185362815856934,1.0,106.95858345377938,9.910032395114676,44.62305210390103,0.022019153460860252,0.2356361746788025,62.74300254452926,8.231552162849873,34.712468193384225,0.5822292022826177,alpha,alpha,129,0.7168797113470429,0.5276255458593369,row_10,0.16539440203562342,0.050672005181023855,0.03852877169280707,-0.056225500293326326,1.0,results/localization_improvement_row_identity/full/rh_run2/row_mixture_delayed/seed_22/stats.csv
rh_run2,row_mixture_delayed,33,full_rh_run2_row_mixture_delayed_seed_33,results/localization_improvement_row_identity/full/rh_run2/row_mixture_delayed/seed_33/trajectory_0.5.tum,results/localization_improvement_row_identity/full/rh_run2/row_mixture_delayed/seed_33/trajectory_0.5.tum,results/localization_improvement_row_identity/full/rh_run2/row_mixture_delayed/seed_33/gps_pose.tum,0,1.1268887602094095,0.9810300490526203,3.210814754010944,6.641082144986284,11.901708186290463,1.2895799368406171,1.1363331168951276,4.133461221327893,0.712468193384224,25,452,77.71128582717527,60,12.555227031804705,3.1084514330870108,0.2875318066157761,0.061068702290076333,0.13486005089058525,0.42748091603053434,1.470585453094395,1.2192759760336294,4.133461221327893,0.7511520737327189,16,216,29.932495988082607,36,7.1546469659183645,1.870780999255163,0.2488479262672811,0.059907834101382486,0.12442396313364056,0.3087557603686636,1.066408362823175,0.8735586586085919,3.084703276256722,0.6647727272727273,11,236,47.778789839092674,68,14.367041598195412,4.343526349008425,0.3352272727272727,0.0625,0.14772727272727273,0.5738636363636364,0.18127906222413992,0.03129596637870153,0.013069509085809231,0.233853511753488,0.09328446594933998,full,row_mixture_delayed,Baseline plus row-mixture likelihood and delayed correction.,results/localization_improvement_row_identity/full/rh_run2/row_mixture_delayed/seed_33,37.80660104751587,results/localization_improvement_row_identity/full/rh_run2/row_mixture_delayed/seed_33/spf_lidar.log,393,2.523977041244507,8.748992443084717,1.0,94.02427099073198,12.106601177019712,44.586433212104595,0.025137240067124367,0.1587100774049759,62.3765903307888,8.030534351145038,35.279898218829516,0.5804315880967681,alpha,alpha,130,0.7422529922443927,0.44120387732982635,row_10,0.1297709923664122,0.010283347599270803,0.034600244846253396,0.008029812698603318,1.0,results/localization_improvement_row_identity/full/rh_run2/row_mixture_delayed/seed_33/stats.csv
rh_run2,row_mixture_delayed_gnss_gating,11,full_rh_run2_row_mixture_delayed_gnss_gating_seed_11,results/localization_improvement_row_identity/full/rh_run2/row_mixture_delayed_gnss_gating/seed_11/trajectory_0.5.tum,results/localization_improvement_row_identity/full/rh_run2/row_mixture_delayed_gnss_gating/seed_11/trajectory_0.5.tum,results/localization_improvement_row_identity/full/rh_run2/row_mixture_delayed_gnss_gating/seed_11/gps_pose.tum,0,0.9682884489336547,0.8810209034581925,3.1558567478436568,6.551950418006027,11.624009734657559,1.3323148929540443,1.2867765363638277,3.9628935520040836,0.6997455470737913,42,472,76.26684052032283,36,8.845776398820494,1.8158771552457817,0.30025445292620867,0.027989821882951654,0.0737913486005089,0.2951653944020356,1.5571819285615922,1.490902402280337,3.9628935520040836,0.6866359447004609,28,272,40.487053807326525,28,4.58270060028597,1.4459662074045188,0.31336405529953915,0.004608294930875576,0.04608294930875576,0.1935483870967742,1.055064059278829,1.0980322456408564,2.035263052795404,0.7159090909090909,17,200,35.77978671299629,40,6.781296040509172,2.1046933360586055,0.2840909090909091,0.056818181818181816,0.10795454545454546,0.42045454545454547,0.18148787780977277,0.031069564581499887,0.012403857073423709,0.23221355609150568,0.09413949665446841,full,row_mixture_delayed_gnss_gating,"Baseline plus row mixture, delayed correction, and adaptive GNSS row gating.",results/localization_improvement_row_identity/full/rh_run2/row_mixture_delayed_gnss_gating/seed_11,38.58601784706116,results/localization_improvement_row_identity/full/rh_run2/row_mixture_delayed_gnss_gating/seed_11/spf_lidar.log,393,2.7306594848632812,6.964208126068115,1.0,150.3601941815427,6.578757053426148,31.25858426527617,0.01796727627515793,0.36337530612945557,62.18575063613232,7.625954198473282,35.87531806615776,0.5777291712396456,alpha,alpha,140,0.7136762551534657,0.527785524725914,row_10,0.14249363867684478,0.11957412679886711,0.041116804434599655,-0.04670123550588637,1.35,results/localization_improvement_row_identity/full/rh_run2/row_mixture_delayed_gnss_gating/seed_11/stats.csv
rh_run2,row_mixture_delayed_gnss_gating,22,full_rh_run2_row_mixture_delayed_gnss_gating_seed_22,results/localization_improvement_row_identity/full/rh_run2/row_mixture_delayed_gnss_gating/seed_22/trajectory_0.5.tum,results/localization_improvement_row_identity/full/rh_run2/row_mixture_delayed_gnss_gating/seed_22/trajectory_0.5.tum,results/localization_improvement_row_identity/full/rh_run2/row_mixture_delayed_gnss_gating/seed_22/gps_pose.tum,0,0.8520813691849911,0.8296876625891421,3.213358497939923,6.145044846633461,11.777772755250094,1.3069006542255812,1.165207951287592,3.574649710141818,0.7557251908396947,38,384,61.02619909820055,44,6.737383899356725,1.605952607847383,0.24427480916030533,0.04071246819338423,0.08651399491094147,0.3816793893129771,1.478540872907058,1.3391527139527657,3.574649710141818,0.7695852534562212,22,200,26.87936277187056,32,4.415106418508606,1.2217892169032074,0.2304147465437788,0.02304147465437788,0.06912442396313365,0.3087557603686636,1.0952760664194425,1.0332486121614584,2.575185226092316,0.7386363636363636,18,184,34.146836326329996,36,6.343414851028188,1.8970464625738888,0.26136363636363635,0.0625,0.10795454545454546,0.4715909090909091,0.1819782965740638,0.03226897182663198,0.013707464171516977,0.23689515244292286,0.09677931047918946,full,row_mixture_delayed_gnss_gating,"Baseline plus row mixture, delayed correction, and adaptive GNSS row gating.",results/localization_improvement_row_identity/full/rh_run2/row_mixture_delayed_gnss_gating/seed_22,39.2398898601532,results/localization_improvement_row_identity/full/rh_run2/row_mixture_delayed_gnss_gating/seed_22/spf_lidar.log,393,2.6111360788345337,7.190593719482422,1.0,140.82183969351897,8.091949941229243,33.958877105536445,0.01696993224322796,0.3042871057987213,62.353689567430024,8.307888040712468,35.025445292620866,0.580422903437151,alpha,alpha,148,0.7033728187687707,0.5763673931360245,row_10,0.16539440203562342,0.07963461378137973,0.10460892203620488,-0.07978135809385005,1.35,results/localization_improvement_row_identity/full/rh_run2/row_mixture_delayed_gnss_gating/seed_22/stats.csv
rh_run2,row_mixture_delayed_gnss_gating,33,full_rh_run2_row_mixture_delayed_gnss_gating_seed_33,results/localization_improvement_row_identity/full/rh_run2/row_mixture_delayed_gnss_gating/seed_33/trajectory_0.5.tum,results/localization_improvement_row_identity/full/rh_run2/row_mixture_delayed_gnss_gating/seed_33/trajectory_0.5.tum,results/localization_improvement_row_identity/full/rh_run2/row_mixture_delayed_gnss_gating/seed_33/gps_pose.tum,0,1.0366742856137356,0.9433328361052741,3.1604032748449673,6.32931834018142,10.9165987290999,1.3585504309295213,1.2926447882581824,4.317849623621647,0.6946564885496184,32,480,75.91412236423818,48,8.783404508974856,2.372316323882443,0.3053435114503817,0.03816793893129771,0.1272264631043257,0.366412213740458,1.566163404324612,1.507711214782728,4.317849623621647,0.7142857142857143,20,248,33.72924288829171,48,8.783404508974856,1.6864621444145853,0.2857142857142857,0.03225806451612903,0.09216589861751152,0.2857142857142857,1.1025730716867108,1.0631790288373821,2.855718058637501,0.6704545454545454,16,232,42.18487947594647,32,9.624446327640655,2.636554967246654,0.32954545454545453,0.045454545454545456,0.17045454545454544,0.4659090909090909,0.1854698900576737,0.029436182502674227,0.012320726977160565,0.23127032359516822,0.09535639884573423,full,row_mixture_delayed_gnss_gating,"Baseline plus row mixture, delayed correction, and adaptive GNSS row gating.",results/localization_improvement_row_identity/full/rh_run2/row_mixture_delayed_gnss_gating/seed_33,38.9550347328186,results/localization_improvement_row_identity/full/rh_run2/row_mixture_delayed_gnss_gating/seed_33/spf_lidar.log,393,2.6040940284729004,7.081185340881348,1.0,120.57224362815232,9.331502369950549,27.498062745071568,0.020352493971586227,0.3149612545967102,61.57760814249364,8.396946564885496,35.712468193384225,0.5748088656593915,alpha,alpha,145,0.7132222670516285,0.6317064836621284,row_10,0.15267175572519084,0.039761532335442024,0.014116480718416225,-0.044969375022850255,1.35,results/localization_improvement_row_identity/full/rh_run2/row_mixture_delayed_gnss_gating/seed_33/stats.csv
