frame_idx,gps_dist,log_gps,log_semantic,log_corridor,corridor_dist,corridor_heading_misalign,correct_hits,incorrect_hits,no_hits,weight,gps_weight_used,corridor_weight_used,num_background_used,num_observations,semantic_model_used,semantic_classes_mode,gps_enabled,semantic_enabled,corridor_enabled,background_enabled,dynamic_gps_enabled,pose_smoothing_enabled
0,1.7406724691390991,-1.2520414590835571,-392.7358093261719,-0.17359717190265656,0.8837993144989014,0.0021643638610839844,52,0,74,0.03767218068242073,0.5434782608695653,0.3,120,126,wall,both,1,1,1,1,1,1
4,1.7561522722244263,-1.2744094133377075,-362.2280578613281,-0.17287009954452515,0.8819389939308167,0.0023221969604492188,58,0,67,0.011796727776527405,0.5454545454545454,0.3,120,125,wall,both,1,1,1,1,1,1
8,1.257631778717041,-0.6535692811012268,-518.4588623046875,-0.6927937269210815,1.7092972993850708,0.10326802730560303,25,0,100,0.011266234330832958,0.5454545454545454,0.3,120,125,wall,both,1,1,1,1,1,1
12,1.4510583877563477,-0.8700704574584961,-512.4326171875,-0.7251526117324829,1.7529469728469849,0.10180491209030151,28,0,101,0.012875808402895927,0.5376344086021506,0.3,120,129,wall,both,1,1,1,1,1,1
16,1.312248706817627,-0.7115688323974609,-408.65228271484375,-0.6188722848892212,1.2135214805603027,0.26729559898376465,65,0,61,0.02049298956990242,0.5434782608695653,0.3,120,126,wall,both,1,1,1,1,1,1
20,2.051880359649658,-1.7397574186325073,-334.0711975097656,-1.1039563417434692,0.6480177044868469,0.49760085344314575,90,0,35,0.08555001765489578,0.5454545454545454,0.3,120,125,wall,both,1,1,1,1,1,1
24,0.6350868940353394,-0.16666749119758606,-302.6514587402344,-1.016305685043335,0.6757018566131592,0.4734311103820801,88,0,36,0.033357422798871994,0.5474452554744526,0.3,120,124,wall,both,1,1,1,1,1,1
28,6.750930309295654,-18.83266830444336,-368.0397033691406,-0.19611681997776031,0.9392472505569458,0.004304289817810059,57,0,68,0.043435510247945786,0.5454545454545454,0.3,120,125,wall,both,1,1,1,1,1,1
32,3.156099319458008,-4.116100311279297,-515.4989013671875,-0.14555025100708008,0.8090957999229431,0.004303276538848877,53,4,70,0.024940786883234978,0.5415162454873647,0.3,120,127,wall,both,1,1,1,1,1,1
36,0.17573250830173492,-0.012761121615767479,-891.7550048828125,-0.10614013671875,0.6521193385124207,0.05339765548706055,60,23,77,0.02941976673901081,0.48387096774193555,0.3,120,160,wall,both,1,1,1,1,1,1
40,0.45384326577186584,-0.08511310070753098,-807.48291015625,-0.026107225567102432,0.3413384258747101,0.007269382476806641,74,25,57,0.2096266746520996,0.49019607843137253,0.3,120,156,wall,both,1,1,1,1,1,1
44,1.6398504972457886,-1.1112022399902344,-336.1328430175781,-0.17152053117752075,0.8785455822944641,8.404254913330078e-06,77,2,52,0.02692616544663906,0.5338078291814947,0.3,120,131,wall,both,1,1,1,1,1,1
48,2.9997246265411377,-3.718325614929199,-301.9938659667969,-0.20698340237140656,0.9650996923446655,0.0006567835807800293,75,0,55,0.026533067226409912,0.5357142857142857,0.3,120,130,wall,both,1,1,1,1,1,1
52,3.4860482215881348,-5.021707534790039,-494.5572814941406,-0.3140815198421478,1.1888494491577148,0.0004602670669555664,69,5,62,0.03479946777224541,0.5244755244755245,0.3,120,136,wall,both,1,1,1,1,1,1
56,5.132423400878906,-10.885028839111328,-359.8299255371094,-0.4512915313243866,1.4235631227493286,0.015265047550201416,64,0,75,0.030830789357423782,0.5190311418685121,0.3,120,139,wall,both,1,1,1,1,1,1
60,2.133066177368164,-1.8801532983779907,-457.84783935546875,-0.12834428250789642,0.7576577067375183,0.013812243938446045,88,8,40,0.054799675941467285,0.5244755244755245,0.3,120,136,wall,both,1,1,1,1,1,1
64,5.137288570404053,-10.90567398071289,-404.6583251953125,-0.3831844627857208,1.3131327629089355,0.0008211731910705566,83,3,53,0.0384160652756691,0.5190311418685121,0.3,120,139,wall,both,1,1,1,1,1,1
68,3.119685649871826,-4.021668434143066,-388.1811218261719,-0.08947893232107162,0.6230095624923706,0.028110861778259277,103,6,26,0.07923868298530579,0.5263157894736842,0.3,120,135,wall,both,1,1,1,1,1,1
72,2.6078078746795654,-2.8101906776428223,-251.27317810058594,-0.2441072016954422,1.0473192930221558,0.009346961975097656,99,2,31,0.04707908630371094,0.5319148936170213,0.3,120,132,wall,both,1,1,1,1,1,1
76,2.2197530269622803,-2.0360755920410156,-294.8668518066406,-0.17939120531082153,0.8948283195495605,0.018873631954193115,101,3,31,0.04076676070690155,0.5263157894736842,0.3,120,135,wall,both,1,1,1,1,1,1
80,3.1449904441833496,-4.087175369262695,-285.1895751953125,-0.16512516140937805,0.8610381484031677,0.009553909301757812,95,2,35,0.081548772752285,0.5319148936170213,0.3,120,132,wall,both,1,1,1,1,1,1
84,2.2951271533966064,-2.1766977310180664,-324.9639892578125,-0.35120347142219543,1.2563560009002686,0.010396361351013184,97,0,39,0.04934341460466385,0.5244755244755245,0.3,120,136,wall,both,1,1,1,1,1,1
88,2.2493929862976074,-2.090813398361206,-256.760009765625,-0.19581244885921478,0.9386987090110779,0.0001995563507080078,89,0,38,0.048290595412254333,0.5415162454873647,0.3,120,127,wall,both,1,1,1,1,1,1
92,2.3880069255828857,-2.3564367294311523,-242.33883666992188,-0.2661517262458801,1.0943869352340698,1.1146068572998047e-05,86,0,40,0.045466795563697815,0.5434782608695653,0.3,120,126,wall,both,1,1,1,1,1,1
96,1.6490445137023926,-1.1236974000930786,-324.7392578125,-0.45057886838912964,1.3819788694381714,0.08006405830383301,96,0,42,0.0261894091963768,0.5208333333333334,0.3,120,138,wall,both,1,1,1,1,1,1
100,4.988251686096191,-10.282088279724121,-531.1702880859375,-0.24494488537311554,1.0496644973754883,0.0049849748611450195,96,14,37,0.021318279206752777,0.5050505050505051,0.3,120,147,wall,both,1,1,1,1,1,1
104,1.8528002500534058,-1.4185407161712646,-231.86058044433594,-0.5912641882896423,1.4676527976989746,0.166090726852417,101,0,34,0.01341583114117384,0.5263157894736842,0.3,120,135,wall,both,1,1,1,1,1,1
108,3.972560405731201,-6.521171569824219,-511.5159912109375,-0.034942541271448135,0.387651652097702,0.019476890563964844,87,8,37,0.03248445317149162,0.5319148936170213,0.3,120,132,wall,both,1,1,1,1,1,1
112,2.8122100830078125,-3.2679855823516846,-312.2535095214844,-0.15505650639533997,0.8340429663658142,0.010760128498077393,74,0,46,0.022434176877141,0.5555555555555556,0.3,120,120,wall,both,1,1,1,1,1,1
116,0.6914560794830322,-0.19756673276424408,-307.2676696777344,-0.46899938583374023,1.3458470106124878,0.12762993574142456,76,0,45,0.019649576395750046,0.5535055350553506,0.3,120,121,wall,both,1,1,1,1,1,1
120,3.2915096282958984,-4.476873874664307,-307.4122009277344,-0.07630675286054611,0.5765268206596375,0.024469077587127686,79,0,41,0.013181610032916069,0.5555555555555556,0.3,120,120,wall,both,1,1,1,1,1,1
124,3.3800208568573,-4.720884323120117,-344.30096435546875,-0.041053786873817444,0.4248799681663513,0.015155971050262451,85,0,40,0.025360219180583954,0.5454545454545454,0.3,120,125,wall,both,1,1,1,1,1,1
128,1.3083728551864624,-0.7073716521263123,-391.3627014160156,-0.07057256996631622,0.5606480240821838,0.013302803039550781,84,0,52,0.014835859648883343,0.5244755244755245,0.3,120,136,wall,both,1,1,1,1,1,1
132,2.8493692874908447,-3.354919195175171,-297.8866271972656,-0.31133896112442017,1.1826244592666626,0.011489570140838623,81,0,44,0.023450255393981934,0.5454545454545454,0.3,120,125,wall,both,1,1,1,1,1,1
136,4.179043769836426,-7.216696739196777,-604.9613037109375,-0.3674154281616211,1.2701289653778076,0.0467492938041687,72,0,75,0.0277055986225605,0.5050505050505051,0.3,120,147,wall,both,1,1,1,1,1,1
140,1.9275153875350952,-1.5352542400360107,-595.8258666992188,-0.04233432561159134,0.42805877327919006,0.019895195960998535,70,6,65,0.033553238958120346,0.5154639175257733,0.3,120,141,wall,both,1,1,1,1,1,1
144,1.7265137434005737,-1.2317559719085693,-730.1865234375,-0.022172769531607628,0.10826244205236435,0.06924015283584595,74,0,72,0.1980743706226349,0.5067567567567568,0.3,120,146,wall,both,1,1,1,1,1,1
148,0.8155386447906494,-0.2748360335826874,-567.4866943359375,-0.14853933453559875,0.8136309385299683,0.018712937831878662,59,6,70,0.03995784372091293,0.5263157894736842,0.3,120,135,wall,both,1,1,1,1,1,1
152,0.16506271064281464,-0.01125855278223753,-425.6104431152344,-0.004938014782965183,0.14507073163986206,0.00800013542175293,113,7,12,0.03466474264860153,0.5319148936170213,0.3,120,132,wall,both,1,1,1,1,1,1
156,0.9648943543434143,-0.3847194314002991,-190.463134765625,-0.05253055319190025,0.48378700017929077,0.011281430721282959,112,0,8,0.041869256645441055,0.5555555555555556,0.3,120,120,wall,both,1,1,1,1,1,1
160,1.4718519449234009,-0.8951851725578308,-265.8518981933594,-0.06584888696670532,0.5385621190071106,0.018477320671081543,116,3,7,0.035967059433460236,0.5434782608695653,0.3,120,126,wall,both,1,1,1,1,1,1
164,3.575197696685791,-5.281833648681641,-371.95684814453125,-0.07484246790409088,0.25837162137031555,0.12125146389007568,115,6,13,0.05974123626947403,0.528169014084507,0.3,120,134,wall,both,1,1,1,1,1,1
168,0.6349674463272095,-0.16660481691360474,-336.73876953125,-0.011876353994011879,0.023875921964645386,0.05365324020385742,112,1,15,0.0356890894472599,0.539568345323741,0.3,120,128,wall,both,1,1,1,1,1,1
172,3.753223419189453,-5.820944309234619,-308.0301208496094,-0.07974516600370407,0.5664258599281311,0.045494019985198975,118,4,13,0.03792431950569153,0.5263157894736842,0.3,120,135,wall,both,1,1,1,1,1,1
176,1.6998803615570068,-1.1940467357635498,-515.4305419921875,-0.07166337221860886,0.5584882497787476,0.023995935916900635,123,15,10,0.030028358101844788,0.5033557046979865,0.3,120,148,wall,both,1,1,1,1,1,1
180,1.3556013107299805,-0.7593615055084229,-369.6026611328125,-0.05330151692032814,0.489541232585907,0.003350496292114258,125,8,7,0.1368027776479721,0.5172413793103449,0.3,120,140,wall,both,1,1,1,1,1,1
184,5.259190082550049,-11.42937183380127,-465.10003662109375,-0.061125002801418304,0.5244417786598206,0.0011276602745056152,131,12,6,0.048571813851594925,0.5016722408026756,0.3,120,149,wall,both,1,1,1,1,1,1
188,2.1017796993255615,-1.8254040479660034,-384.97796630859375,-0.1316598504781723,0.7697128057479858,0.0007908940315246582,132,11,7,0.04761195927858353,0.5,0.3,120,150,wall,both,1,1,1,1,1,1
192,1.4065347909927368,-0.8174958825111389,-402.8664245605469,-0.0547371543943882,0.4947519600391388,0.009149789810180664,124,8,18,0.04929027333855629,0.5,0.3,120,150,wall,both,1,1,1,1,1,1
196,1.659651517868042,-1.1381995677947998,-374.836669921875,-0.0026295126881450415,0.10518433153629303,0.006470799446105957,113,0,21,0.038147058337926865,0.528169014084507,0.3,120,134,wall,both,1,1,1,1,1,1
200,2.379267454147339,-2.3392202854156494,-326.1687316894531,-0.004274553619325161,0.1297471672296524,0.011433720588684082,119,2,12,0.040272995829582214,0.5300353356890459,0.3,120,133,wall,both,1,1,1,1,1,1
204,4.050729274749756,-6.780333042144775,-537.9644775390625,-0.010942313820123672,0.1464010775089264,0.0389094352722168,62,0,74,0.013750112615525723,0.5244755244755245,0.3,120,136,wall,both,1,1,1,1,1,1
208,2.480473041534424,-2.542457103729248,-451.48046875,-0.02168080396950245,0.31139105558395386,0.005711793899536133,120,0,14,0.012443753890693188,0.528169014084507,0.3,120,134,wall,both,1,1,1,1,1,1
212,4.095834255218506,-6.9321722984313965,-478.53387451171875,-0.048155173659324646,0.46544575691223145,0.0017849206924438477,62,0,75,0.01100038830190897,0.5226480836236934,0.3,120,137,wall,both,1,1,1,1,1,1
216,1.145890235900879,-0.5425885915756226,-372.4324951171875,-0.11592215299606323,0.6992118954658508,0.04222780466079712,56,0,64,0.007915404625236988,0.5555555555555556,0.3,120,120,wall,both,1,1,1,1,1,1
220,0.9274343848228455,-0.35542747378349304,-216.98606872558594,-0.06465639173984528,0.5393649339675903,0.0014614462852478027,113,0,7,0.009678472764790058,0.5555555555555556,0.3,120,120,wall,both,1,1,1,1,1,1
224,1.6481657028198242,-1.1225000619888306,-512.3922729492188,-0.019640017300844193,0.297254353761673,0.0010415911674499512,63,0,64,0.012633869424462318,0.5415162454873647,0.3,120,127,wall,both,1,1,1,1,1,1
228,2.6715734004974365,-2.9492990970611572,-514.8584594726562,-0.013225682079792023,0.18647494912147522,0.036702871322631836,57,0,73,0.011445851065218449,0.5357142857142857,0.3,120,130,wall,both,1,1,1,1,1,1
232,0.2937537133693695,-0.03565753623843193,-646.8467407226562,-0.011640522629022598,0.034636206924915314,0.052788376808166504,89,0,66,0.017084447667002678,0.49180327868852464,0.3,120,155,wall,both,1,1,1,1,1,1
236,2.4414803981781006,-2.463151216506958,-492.72613525390625,-0.9869650602340698,0.3814540505409241,0.4836159348487854,107,14,4,0.020857637748122215,0.5454545454545454,0.3,100,125,wall,both,1,1,1,1,1,1
240,1.9718694686889648,-1.6067227125167847,0.0,-0.08495540171861649,0.6129335761070251,0.018972933292388916,0,0,0,0.007390245329588652,0.5,0.3,0,0,wall,both,1,1,1,1,1,1
244,2.0199010372161865,-1.685950517654419,0.0,-1.8869450092315674,2.2672252655029297,0.42713016271591187,0,0,0,0.01005378644913435,0.5,0.3,0,0,wall,both,1,1,1,1,1,1
248,0.4937962293624878,-0.1007581427693367,-367.4502258300781,-0.96919184923172,2.0830163955688477,0.0349268913269043,42,0,55,0.009971757419407368,0.6072874493927126,0.3,97,97,wall,both,1,1,1,1,1,1
252,1.540036678314209,-0.9800466299057007,0.0,-1.355183720588684,2.3388960361480713,0.18489253520965576,0,0,0,0.006914197001606226,0.5,0.3,0,0,wall,both,1,1,1,1,1,1
256,2.058126449584961,-1.7503654956817627,-629.4595336914062,-2.175154209136963,2.3130404949188232,0.4915551543235779,2,0,118,0.020959390327334404,0.5555555555555556,0.3,120,120,wall,both,1,1,1,1,1,1
260,4.539766311645508,-8.516312599182129,-887.1044921875,-4.740504264831543,4.32857608795166,0.3759273290634155,1,0,132,0.021678287535905838,0.5300353356890459,0.3,120,133,wall,both,1,1,1,1,1,1
264,4.4504289627075195,-8.184428215026855,-616.5408325195312,-0.5648322701454163,1.5942851305007935,4.839897155761719e-05,43,8,109,0.04562299698591232,0.48387096774193555,0.3,120,160,wall,both,1,1,1,1,1,1
268,2.834711790084839,-3.3204920291900635,-1393.2489013671875,-0.4204232394695282,1.3344719409942627,0.07777011394500732,27,0,106,0.01745847426354885,0.5300353356890459,0.3,88,133,wall,both,1,1,1,1,1,1
272,1.8274821043014526,-1.380037546157837,-454.2728271484375,-0.03941015154123306,0.36123859882354736,0.05050593614578247,101,5,45,0.010816210880875587,0.4983388704318937,0.3,120,151,wall,both,1,1,1,1,1,1
276,1.8168917894363403,-1.364089012145996,-448.3675231933594,-0.03354900702834129,0.297850638628006,0.05821913480758667,113,9,17,0.01969858631491661,0.5190311418685121,0.3,113,139,wall,both,1,1,1,1,1,1
280,3.604278564453125,-5.368108749389648,-510.02252197265625,-0.07101774215698242,0.5649363398551941,0.004820287227630615,130,15,14,0.017754938453435898,0.4854368932038835,0.3,105,159,wall,both,1,1,1,1,1,1
284,1.2478306293487549,-0.6434219479560852,-424.9269714355469,-0.028399527072906494,0.23344199359416962,0.06317377090454102,140,0,35,0.009399193339049816,0.46153846153846145,0.3,120,175,wall,both,1,1,1,1,1,1
288,0.9880495071411133,-0.40340569615364075,-458.1418762207031,-0.02969825454056263,0.2553311288356781,0.061046063899993896,103,10,20,0.009896422736346722,0.5300353356890459,0.3,120,133,wall,both,1,1,1,1,1,1
292,2.3490564823150635,-2.2801926136016846,-299.465087890625,-0.09015855193138123,0.3473133146762848,0.12458491325378418,108,0,22,0.011941005475819111,0.5357142857142857,0.3,120,130,wall,both,1,1,1,1,1,1
296,2.8036410808563232,-3.248100519180298,-134.6306915283203,-0.22407497465610504,1.0041509866714478,0.0009930729866027832,117,2,10,0.01183425635099411,0.5376344086021506,0.3,120,129,wall,both,1,1,1,1,1,1
300,0.9219329953193665,-0.35122331976890564,-53.12683868408203,-0.22385340929031372,1.003663420677185,3.5822391510009766e-05,128,0,5,0.015904176980257034,0.5300353356890459,0.3,120,133,wall,both,1,1,1,1,1,1
304,1.050727367401123,-0.4562098979949951,-106.88998413085938,-0.20856676995754242,0.9679405689239502,0.009453654289245605,123,3,0,0.016420088708400726,0.5434782608695653,0.3,120,126,wall,both,1,1,1,1,1,1
308,2.7340800762176514,-3.0889229774475098,-156.2347412109375,-0.05926543101668358,0.51518315076828,0.008350491523742676,127,0,3,0.014451649971306324,0.5357142857142857,0.3,120,130,wall,both,1,1,1,1,1,1
312,5.222992420196533,-11.272582054138184,-534.8944702148438,-0.1047927662730217,0.6861768364906311,0.006299257278442383,121,16,5,0.015528198331594467,0.5136986301369862,0.3,120,142,wall,both,1,1,1,1,1,1
316,1.1232136487960815,-0.5213260054588318,-646.9937744140625,-0.17270506918430328,0.8810834884643555,0.006861329078674316,132,25,5,0.010413391515612602,0.4807692307692307,0.3,120,162,wall,both,1,1,1,1,1,1
320,3.3173959255218506,-4.547568321228027,-1123.3837890625,-0.0038572303019464016,0.1316181719303131,0.0013644099235534668,121,21,35,0.013955977745354176,0.4587155963302753,0.3,98,177,wall,both,1,1,1,1,1,1
324,1.0642445087432861,-0.46802327036857605,-338.5694580078125,-0.318800151348114,1.0564149618148804,0.1317017674446106,131,0,23,0.011801422573626041,0.49342105263157904,0.3,120,154,wall,both,1,1,1,1,1,1
328,2.3470706939697266,-2.276339054107666,-153.78482055664062,-0.3311942219734192,1.218357801437378,0.018041133880615234,111,0,14,0.012872998602688313,0.5454545454545454,0.3,120,125,wall,both,1,1,1,1,1,1
332,1.0189425945281982,-0.42902642488479614,-216.95211791992188,-0.046715717762708664,0.4559285342693329,0.011310994625091553,129,4,4,0.017946800217032433,0.5226480836236934,0.3,120,137,wall,both,1,1,1,1,1,1
336,3.436483860015869,-4.8799262046813965,-479.5708923339844,-0.0796554833650589,0.5051713585853577,0.07497650384902954,124,5,20,0.011237318627536297,0.5016722408026756,0.3,120,149,wall,both,1,1,1,1,1,1
340,1.1211470365524292,-0.5194092988967896,-798.8082275390625,-0.21645356714725494,0.9835084676742554,0.01917332410812378,120,37,18,0.011377639137208462,0.46153846153846145,0.3,120,175,wall,both,1,1,1,1,1,1
344,4.188718795776367,-7.250150203704834,-609.700927734375,-0.2518044412136078,1.0644760131835938,0.0007662177085876465,134,12,33,0.018838800489902496,0.45592705167173253,0.3,120,179,wall,both,1,1,1,1,1,1
348,2.0539181232452393,-1.743214726448059,-771.9520874023438,-0.29184046387672424,1.1426674127578735,0.0203324556350708,121,27,42,0.010184340178966522,0.4411764705882353,0.3,120,190,wall,both,1,1,1,1,1,1
352,2.141624689102173,-1.8952711820602417,-631.17529296875,-0.16559650003910065,0.8630067706108093,0.004687488079071045,127,3,64,0.012739893980324268,0.43604651162790703,0.3,120,194,wall,both,1,1,1,1,1,1
356,2.4912562370300293,-2.564610481262207,-609.2089233398438,-0.2545645236968994,1.0702929496765137,0.0008485913276672363,128,0,63,0.01873655430972576,0.4398826979472141,0.3,120,191,wall,both,1,1,1,1,1,1
360,1.5780694484710693,-1.0290508270263672,-601.948974609375,-0.0384611040353775,0.3763605058193207,0.04136502742767334,103,0,41,0.032384246587753296,0.5102040816326531,0.3,120,144,wall,both,1,1,1,1,1,1
364,0.8712047338485718,-0.31363537907600403,0.0,-0.15119126439094543,0.8089634776115417,0.03757953643798828,0,0,0,0.01125931553542614,0.5,0.3,0,0,wall,both,1,1,1,1,1,1
368,3.2062346935272217,-4.247909069061279,0.0,-0.02835133485496044,0.356575608253479,0.0048656463623046875,0,0,0,0.018760036677122116,0.5,0.3,0,0,wall,both,1,1,1,1,1,1
372,1.4737648963928223,-0.8975135684013367,0.0,-0.12140142917633057,0.5825226306915283,0.10615354776382446,0,0,0,0.009797121398150921,0.5,0.3,0,0,wall,both,1,1,1,1,1,1
376,1.6605418920516968,-1.1394211053848267,0.0,-0.012023546732962132,0.0031659440137445927,0.05426990985870361,0,0,0,0.01134680025279522,0.5,0.3,0,0,wall,both,1,1,1,1,1,1
380,0.45498570799827576,-0.08554214239120483,0.0,-0.026295358315110207,0.34390830993652344,0.0017490983009338379,0,0,0,0.009333092719316483,0.5,0.3,0,0,wall,both,1,1,1,1,1,1
384,0.5472186207771301,-0.12373892962932587,0.0,-0.036530204117298126,0.23668646812438965,0.07681077718734741,0,0,0,0.008955581113696098,0.5,0.3,0,0,wall,both,1,1,1,1,1,1
388,0.4797935485839844,-0.0951247289776802,0.0,-1.0041728019714355,2.1254262924194336,0.008543074131011963,0,0,0,0.009005567990243435,0.5,0.3,0,0,wall,both,1,1,1,1,1,1
392,0.6956503987312317,-0.19997085630893707,0.0,-0.21201182901859283,0.9577144980430603,0.044783055782318115,0,0,0,0.01106981746852398,0.5,0.3,0,0,wall,both,1,1,1,1,1,1
396,0.5390020608901978,-0.12005091458559036,0.0,-0.6322530508041382,1.686753749847412,0.0001372694969177246,0,0,0,0.00903993844985962,0.5,0.3,0,0,wall,both,1,1,1,1,1,1
400,1.2359954118728638,-0.6312746405601501,0.0,-1.3734437227249146,2.485778331756592,0.00873875617980957,0,0,0,0.0159017201513052,0.5,0.3,0,0,wall,both,1,1,1,1,1,1
404,1.271510124206543,-0.6680734753608704,-812.2341918945312,-1.0892771482467651,2.2057371139526367,0.04456031322479248,13,0,77,0.03403853997588158,0.625,0.3,74,90,wall,both,1,1,1,1,1,1
408,0.9802212119102478,-0.39703866839408875,-563.7197875976562,-0.428928405046463,1.2865372896194458,0.1223609447479248,63,0,83,0.017334066331386566,0.5067567567567568,0.3,117,146,wall,both,1,1,1,1,1,1
412,2.2036852836608887,-2.0067059993743896,-381.58489990234375,-0.055153366178274155,0.457623690366745,0.0459439754486084,90,0,45,0.01194281131029129,0.5263157894736842,0.3,120,135,wall,both,1,1,1,1,1,1
416,2.129531145095825,-1.8739267587661743,-357.46258544921875,-0.11127301305532455,0.7049873471260071,0.014234066009521484,88,5,48,0.011254043318331242,0.5154639175257733,0.3,120,141,wall,both,1,1,1,1,1,1
420,2.1988370418548584,-1.9978859424591064,-510.61883544921875,-0.27178457379341125,0.06258802115917206,0.25763142108917236,104,0,33,0.009489286690950394,0.5226480836236934,0.3,120,137,wall,both,1,1,1,1,1,1
424,0.7902746200561523,-0.2580718696117401,-494.7854309082031,-0.15469907224178314,0.8199734091758728,0.03598892688751221,145,11,19,0.017892885953187943,0.46153846153846145,0.3,120,175,wall,both,1,1,1,1,1,1
428,1.2066855430603027,-0.6016900539398193,-271.20355224609375,-0.2887275516986847,1.1349471807479858,0.024659335613250732,146,6,10,0.013793542049825191,0.4807692307692307,0.3,120,162,wall,both,1,1,1,1,1,1
432,0.5677078366279602,-0.13317857682704926,-486.6875,-0.13642103970050812,0.7835130095481873,0.0003387928009033203,142,19,12,0.01822548545897007,0.46439628482972134,0.3,120,173,wall,both,1,1,1,1,1,1
436,0.22273482382297516,-0.02050033025443554,-149.04722595214844,-0.1358349323272705,0.7796139717102051,0.013723611831665039,146,0,9,0.01068838406354189,0.49180327868852464,0.3,120,155,wall,both,1,1,1,1,1,1
440,0.560468852519989,-0.1298038512468338,-144.37684631347656,-0.08365268260240555,0.6130917072296143,0.005500078201293945,131,0,17,0.013988113030791283,0.5033557046979865,0.3,120,148,wall,both,1,1,1,1,1,1
444,0.8972058892250061,-0.33263570070266724,-254.02297973632812,-0.0876007080078125,0.5957391858100891,0.04625535011291504,129,5,16,0.029651477932929993,0.5,0.3,120,150,wall,both,1,1,1,1,1,1
448,2.2503507137298584,-2.0925941467285156,-573.8577270507812,-0.03455448895692825,0.39200809597969055,0.009967625141143799,129,6,21,0.04218923673033714,0.49019607843137253,0.3,120,156,wall,both,1,1,1,1,1,1
452,0.5965235829353333,-0.1470414698123932,-720.2935791015625,-0.024590391665697098,0.24008488655090332,0.053725481033325195,132,2,33,0.017937809228897095,0.47318611987381703,0.3,120,167,wall,both,1,1,1,1,1,1
456,1.0387240648269653,-0.4458461105823517,-539.1809692382812,-0.017421355471014977,0.2428571730852127,0.03251338005065918,140,8,28,0.03728190064430237,0.4601226993865031,0.3,120,176,wall,both,1,1,1,1,1,1
460,5.201277732849121,-11.179044723510742,-1007.0401611328125,-0.0218246728181839,0.31330442428588867,0.0016722679138183594,100,36,27,0.03128949925303459,0.47923322683706066,0.3,120,163,wall,both,1,1,1,1,1,1
464,2.1687252521514893,-1.9435408115386963,-719.6067504882812,-0.2352045774459839,1.020965576171875,0.029560625553131104,132,31,28,0.014039790257811546,0.4398826979472141,0.3,120,191,wall,both,1,1,1,1,1,1
468,0.8789616227149963,-0.31924524903297424,-560.13720703125,-0.2729431688785553,1.106595754623413,0.01417398452758789,145,26,20,0.008888235315680504,0.4398826979472141,0.3,120,191,wall,both,1,1,1,1,1,1
472,1.805846095085144,-1.3475536108016968,-179.42005920410156,-0.2413569688796997,1.0420747995376587,0.0031862854957580566,118,3,11,0.016010992228984833,0.5319148936170213,0.3,120,132,wall,both,1,1,1,1,1,1
476,2.0755555629730225,-1.7801367044448853,-238.91920471191406,-0.06699290871620178,0.5332075953483582,0.030563771724700928,129,6,6,0.014789258129894733,0.5154639175257733,0.3,120,141,wall,both,1,1,1,1,1,1
480,5.293933868408203,-11.58088207244873,-126.9344711303711,-0.01732717640697956,0.24125945568084717,0.03280484676361084,115,0,5,0.023748015984892845,0.5555555555555556,0.3,120,120,wall,both,1,1,1,1,1,1
484,3.8611721992492676,-6.160599231719971,-1012.9747924804688,-0.007475920952856541,0.05237666144967079,0.0410151481628418,109,13,58,0.011507046408951283,0.45454545454545453,0.3,120,180,wall,both,1,1,1,1,1,1
488,0.3716757595539093,-0.05708382651209831,-272.9730529785156,-0.12553516030311584,0.7514027953147888,0.004055142402648926,148,5,19,0.01223461888730526,0.46583850931677023,0.3,120,172,wall,both,1,1,1,1,1,1
492,1.811980962753296,-1.3567252159118652,-443.25433349609375,-0.060673631727695465,0.1507784128189087,0.11673599481582642,97,3,44,0.01625879481434822,0.5102040816326531,0.3,120,144,wall,both,1,1,1,1,1,1
496,1.6679811477661133,-1.1496531963348389,-515.9340209960938,-0.10548652708530426,0.6889711618423462,0.0006641149520874023,118,12,19,0.01736457645893097,0.5016722408026756,0.3,120,149,wall,both,1,1,1,1,1,1
500,3.2187538146972656,-4.281147003173828,-811.1854858398438,-0.20306609570980072,0.9558691382408142,0.0024656057357788086,118,33,27,0.012567549012601376,0.4573170731707317,0.3,120,178,wall,both,1,1,1,1,1,1
504,2.203899621963501,-2.007096290588379,-529.0817260742188,-0.21690677106380463,0.9879286885261536,0.002052128314971924,134,21,29,0.014440719969570637,0.44910179640718567,0.3,120,184,wall,both,1,1,1,1,1,1
508,0.9914394021034241,-0.4061785042285919,-455.7749938964844,-0.059972282499074936,0.4566306173801422,0.05780065059661865,110,11,25,0.009631208144128323,0.5067567567567568,0.3,119,146,wall,both,1,1,1,1,1,1
512,3.095473527908325,-3.9594857692718506,-600.9053955078125,-0.17684267461299896,0.8825228214263916,0.03037416934967041,105,21,16,0.014224068261682987,0.5136986301369862,0.3,115,142,wall,both,1,1,1,1,1,1
516,1.6407628059387207,-1.1124390363693237,0.0,-0.007183225359767675,0.007277059368789196,0.04191666841506958,0,0,0,0.008833175525069237,0.5,0.3,0,0,wall,both,1,1,1,1,1,1
520,0.3773186504840851,-0.05883030965924263,-151.3735809326172,-0.028907978907227516,0.1586805135011673,0.07557493448257446,111,0,9,0.023042624816298485,0.5555555555555556,0.3,120,120,wall,both,1,1,1,1,1,1
524,2.561840534210205,-2.7119944095611572,-167.45880126953125,-0.15812186896800995,0.467520534992218,0.1638280749320984,109,0,9,0.01447527389973402,0.5597014925373135,0.3,118,118,wall,both,1,1,1,1,1,1
528,0.74855637550354,-0.23154406249523163,-192.20643615722656,-0.013559945859014988,0.23537509143352509,0.017489612102508545,91,0,17,0.0133441723883152,0.5813953488372093,0.3,108,108,wall,both,1,1,1,1,1,1
532,3.8126230239868164,-6.006650447845459,-118.95149993896484,-0.1723630577325821,0.6651173830032349,0.134698748588562,87,0,7,0.013993718661367893,0.6147540983606558,0.3,94,94,wall,both,1,1,1,1,1,1
536,0.25317421555519104,-0.026486437767744064,0.0,-0.7436525225639343,1.7948839664459229,0.08243900537490845,0,0,0,0.00834304466843605,0.5,0.3,0,0,wall,both,1,1,1,1,1,1
540,1.5541691780090332,-0.9981163740158081,-299.3110046386719,-1.183434247970581,0.9182331562042236,0.4940004348754883,52,0,30,0.013579423539340496,0.646551724137931,0.3,82,82,wall,both,1,1,1,1,1,1
544,3.030681848526001,-3.7954678535461426,-413.7337951660156,-2.2338201999664307,2.8157548904418945,0.3400360941886902,34,0,57,0.016786882653832436,0.6224066390041494,0.3,91,91,wall,both,1,1,1,1,1,1
548,0.7523300051689148,-0.23388446867465973,-460.8736267089844,-2.94051456451416,3.0167362689971924,0.47428226470947266,28,0,67,0.009426810778677464,0.6122448979591837,0.3,95,95,wall,both,1,1,1,1,1,1
552,2.161792755126953,-1.9311354160308838,-554.9281005859375,-2.466383934020996,2.1015634536743164,0.6031636595726013,26,3,76,0.01142406277358532,0.5882352941176471,0.3,94,105,wall,both,1,1,1,1,1,1
556,0.33135753870010376,-0.04537099599838257,-430.77716064453125,-1.033094882965088,1.8666644096374512,0.25179368257522583,25,0,51,0.017306307330727577,0.663716814159292,0.3,63,76,wall,both,1,1,1,1,1,1
560,1.3692210912704468,-0.7746967673301697,-650.051025390625,-0.8092008829116821,1.8475764989852905,0.1113821268081665,34,1,47,0.012360049411654472,0.646551724137931,0.3,61,82,wall,both,1,1,1,1,1,1
564,0.3684501647949219,-0.05609732121229172,-324.6752624511719,-0.5578460097312927,1.5819649696350098,0.020466923713684082,64,0,55,0.010890131816267967,0.5576208178438662,0.3,105,119,wall,both,1,1,1,1,1,1
568,2.509514093399048,-2.602339029312134,-393.2677917480469,-0.010992775671184063,0.017753101885318756,0.05173075199127197,103,0,5,0.013679015450179577,0.5813953488372093,0.3,89,108,wall,both,1,1,1,1,1,1
572,2.5764448642730713,-2.7430031299591064,-240.9021453857422,-0.1695474088191986,0.7726684212684631,0.09505200386047363,75,0,27,0.013795571401715279,0.5952380952380952,0.3,94,102,wall,both,1,1,1,1,1,1
576,2.8561360836029053,-3.370873212814331,-580.435791015625,-0.15393826365470886,0.6769575476646423,0.11298024654388428,70,0,45,0.014835298992693424,0.5660377358490566,0.3,65,115,wall,both,1,1,1,1,1,1
580,4.213434219360352,-7.335961818695068,-101.32650756835938,-0.13627706468105316,0.7830568552017212,0.001935720443725586,148,2,0,0.02811506949365139,0.5,0.3,120,150,wall,both,1,1,1,1,1,1
584,0.8619794845581055,-0.30702832341194153,-239.85020446777344,-0.22486090660095215,1.0059192180633545,0.0001817941665649414,132,8,1,0.025312034413218498,0.5154639175257733,0.3,120,141,wall,both,1,1,1,1,1,1
588,2.5414505004882812,-2.6689958572387695,-146.2878875732422,-0.07294183224439621,0.5670887231826782,0.019025802612304688,115,0,6,0.011896391399204731,0.5535055350553506,0.3,120,121,wall,both,1,1,1,1,1,1
592,0.8660783767700195,-0.3099552392959595,-728.9580688476562,-0.0363272950053215,0.4043159484863281,0.0002804398536682129,116,22,29,0.010301348753273487,0.47318611987381703,0.3,120,167,wall,both,1,1,1,1,1,1
596,2.1971256732940674,-1.9947772026062012,-251.76429748535156,-0.7018873691558838,0.8546075820922852,0.36359137296676636,120,1,23,0.03569352254271507,0.5102040816326531,0.3,120,144,wall,both,1,1,1,1,1,1
600,0.8959519267082214,-0.33170652389526367,-596.438232421875,-0.022513169795274734,0.31825560331344604,0.0011101365089416504,123,15,21,0.028128035366535187,0.4854368932038835,0.3,120,159,wall,both,1,1,1,1,1,1
604,1.1010456085205078,-0.5009509325027466,-227.79879760742188,-0.11431083083152771,0.7160930037498474,0.009361207485198975,139,5,10,0.013028950430452824,0.49342105263157904,0.3,120,154,wall,both,1,1,1,1,1,1
608,1.9393824338912964,-1.5542165040969849,-231.15086364746094,-0.08802996575832367,0.6116496324539185,0.034624338150024414,136,1,13,0.011865385808050632,0.5,0.3,120,150,wall,both,1,1,1,1,1,1
612,1.8236042261123657,-1.3741868734359741,-522.3527221679688,-0.004595780745148659,0.119282566010952,0.01874333620071411,145,12,11,0.012562806718051434,0.4716981132075471,0.3,120,168,wall,both,1,1,1,1,1,1
616,3.80471134185791,-5.981746673583984,-391.4239501953125,-0.1710527390241623,0.8768232464790344,0.007070600986480713,161,0,21,0.012024411000311375,0.45180722891566266,0.3,120,182,wall,both,1,1,1,1,1,1
620,2.2304959297180176,-2.05583119392395,-286.7658386230469,-0.011026171036064625,0.22014713287353516,0.00792306661605835,150,4,9,0.016925949603319168,0.47923322683706066,0.3,120,163,wall,both,1,1,1,1,1,1
624,2.5877633094787598,-2.7671563625335693,-185.32208251953125,-0.03342343494296074,0.3806282579898834,0.01734781265258789,140,0,7,0.013413211330771446,0.5050505050505051,0.3,120,147,wall,both,1,1,1,1,1,1
628,0.1971650868654251,-0.016063664108514786,-134.51287841796875,-0.04918994382023811,0.4704832434654236,0.00012058019638061523,121,0,3,0.011356998234987259,0.5474452554744526,0.3,120,124,wall,both,1,1,1,1,1,1
632,1.60532546043396,-1.064904808998108,-485.6025695800781,-0.060650669038295746,0.5185328722000122,0.014852285385131836,147,18,7,0.011943708173930645,0.46583850931677023,0.3,120,172,wall,both,1,1,1,1,1,1
636,0.5442103743553162,-0.12238219380378723,-134.530029296875,-0.25320103764533997,1.0674118995666504,0.0014098286628723145,121,0,19,0.02249208651483059,0.5172413793103449,0.3,120,140,wall,both,1,1,1,1,1,1
640,0.8813340067863464,-0.32097089290618896,-587.7339477539062,-0.274416983127594,1.1112465858459473,0.0006337165832519531,127,24,8,0.011503282003104687,0.4854368932038835,0.3,120,159,wall,both,1,1,1,1,1,1
644,5.512056350708008,-12.554861068725586,-679.8111572265625,-0.23809674382209778,1.0349819660186768,0.0036721229553222656,132,30,9,0.013728443533182144,0.4672897196261683,0.3,120,171,wall,both,1,1,1,1,1,1
648,3.790182590484619,-5.936150074005127,-751.8441772460938,-0.29743456840515137,1.1558936834335327,0.011348187923431396,134,28,23,0.00885371770709753,0.44776119402985076,0.3,120,185,wall,both,1,1,1,1,1,1
652,1.5838910341262817,-1.0366573333740234,-508.9991149902344,-0.20022284984588623,0.940846860408783,0.029338836669921875,142,4,33,0.010667013935744762,0.45592705167173253,0.3,120,179,wall,both,1,1,1,1,1,1
656,1.6902518272399902,-1.1805583238601685,-435.1033935546875,-0.2618963420391083,1.084652066230774,0.010599017143249512,133,14,27,0.016909828409552574,0.4629629629629629,0.3,120,174,wall,both,1,1,1,1,1,1
660,2.913038969039917,-3.5065271854400635,-185.33645629882812,-0.11281157284975052,0.7071819305419922,0.02026885747909546,129,0,22,0.03978382796049118,0.4983388704318937,0.3,120,151,wall,both,1,1,1,1,1,1
664,1.622928500175476,-1.0883870124816895,0.0,-0.010236996226012707,0.15486790239810944,0.03467369079589844,0,0,0,0.014268478378653526,0.5,0.3,0,0,wall,both,1,1,1,1,1,1
668,2.633951425552368,-2.8668181896209717,0.0,-0.031009681522846222,0.29194414615631104,0.05437827110290527,0,0,0,0.01683160476386547,0.5,0.3,0,0,wall,both,1,1,1,1,1,1
672,0.7802569270133972,-0.25157061219215393,0.0,-0.3298490345478058,1.2176345586776733,0.009582877159118652,0,0,0,0.00815572775900364,0.5,0.3,0,0,wall,both,1,1,1,1,1,1
676,1.5082814693450928,-0.9400466680526733,0.0,-1.0617974996566772,2.1664764881134033,0.0678148865699768,0,0,0,0.011371574364602566,0.5,0.3,0,0,wall,both,1,1,1,1,1,1
680,5.985438346862793,-14.803914070129395,-455.43389892578125,-2.4814698696136475,3.1804394721984863,0.23925703763961792,29,0,64,0.020060524344444275,0.6172839506172839,0.3,93,93,wall,both,1,1,1,1,1,1
684,0.9898984432220459,-0.4049168825149536,-427.2762756347656,-3.7274842262268066,2.8512837886810303,0.6860103607177734,18,0,33,0.013178129680454731,0.7462686567164178,0.3,51,51,wall,both,1,1,1,1,1,1
688,0.23200558125972748,-0.022242391481995583,-878.3455200195312,-0.8825145959854126,1.9800747632980347,0.05249720811843872,6,4,72,0.016617324203252792,0.646551724137931,0.3,67,82,wall,both,1,1,1,1,1,1
692,0.8643213510513306,-0.3086989223957062,-319.1353454589844,-0.17101441323757172,0.8772292137145996,0.0013561844825744629,64,0,56,0.017524302005767822,0.5555555555555556,0.3,120,120,wall,both,1,1,1,1,1,1
696,2.5359416007995605,-2.657437801361084,-459.30706787109375,-0.05102812126278877,0.46834796667099,0.02365398406982422,85,8,39,0.015314267948269844,0.5319148936170213,0.3,120,132,wall,both,1,1,1,1,1,1
700,2.188263416290283,-1.9787176847457886,-421.90423583984375,-0.12213419377803802,0.7211677432060242,0.04009056091308594,90,8,34,0.012640963308513165,0.5319148936170213,0.3,120,132,wall,both,1,1,1,1,1,1
704,4.0062174797058105,-6.632139205932617,-814.7698974609375,-0.2277197390794754,0.05042879655957222,0.2359086275100708,144,1,38,0.019817495718598366,0.4504504504504505,0.3,120,183,wall,both,1,1,1,1,1,1
708,1.419556736946106,-0.8327029347419739,-317.9673156738281,-0.1471562534570694,0.8134253621101379,0.0054340362548828125,137,5,27,0.015369280241429806,0.47021943573667707,0.3,120,169,wall,both,1,1,1,1,1,1
712,1.2751959562301636,-0.6719523072242737,-482.7565612792969,-0.1447826772928238,0.8069607615470886,0.00427931547164917,129,15,31,0.01650732383131981,0.46153846153846145,0.3,120,175,wall,both,1,1,1,1,1,1
716,0.6056487560272217,-0.1515745371580124,-547.7505493164062,-0.07501635700464249,0.5022093057632446,0.0681714415550232,118,9,38,0.017627263441681862,0.47619047619047616,0.3,120,165,wall,both,1,1,1,1,1,1
720,1.2098615169525146,-0.6048614978790283,-693.7926635742188,-0.13483268022537231,0.7783152461051941,0.00727611780166626,104,26,28,0.01735120639204979,0.48701298701298706,0.3,120,158,wall,both,1,1,1,1,1,1
724,1.4268804788589478,-0.8413172364234924,-357.6337890625,-0.0461447611451149,0.30979418754577637,0.0779762864112854,120,3,29,0.01596195623278618,0.49668874172185423,0.3,120,152,wall,both,1,1,1,1,1,1
728,0.3971409499645233,-0.06517393887042999,-267.08160400390625,-0.08118054270744324,0.589767575263977,0.030855298042297363,110,4,16,0.0090924808755517,0.5357142857142857,0.3,120,130,wall,both,1,1,1,1,1,1
732,2.1535301208496094,-1.9164015054702759,-310.9928894042969,-0.2071620374917984,0.9653660655021667,0.004024684429168701,122,8,18,0.017204703763127327,0.5033557046979865,0.3,120,148,wall,both,1,1,1,1,1,1
736,0.8475419282913208,-0.2968294620513916,-444.2357482910156,-0.26959824562072754,1.101416826248169,0.0019947290420532227,105,13,26,0.013634815812110901,0.5102040816326531,0.3,113,144,wall,both,1,1,1,1,1,1
740,1.6226540803909302,-1.0880191326141357,-204.342529296875,-0.11041827499866486,0.698483943939209,0.02213895320892334,96,0,28,0.010988840833306313,0.5474452554744526,0.3,120,124,wall,both,1,1,1,1,1,1
744,2.3759117126464844,-2.3326265811920166,-258.0706787109375,-0.2366289645433426,1.030485987663269,0.012628018856048584,119,0,24,0.017069386318325996,0.5119453924914675,0.3,120,143,wall,both,1,1,1,1,1,1
748,1.4233250617980957,-0.8371298313140869,-151.3184814453125,-0.30166521668434143,1.1649476289749146,0.004610955715179443,103,0,23,0.012000279501080513,0.5434782608695653,0.3,120,126,wall,both,1,1,1,1,1,1
752,3.1249639987945557,-4.0352888107299805,-230.15341186523438,-0.1385820209980011,0.7896775007247925,0.0012476444244384766,107,3,18,0.014964870177209377,0.539568345323741,0.3,120,128,wall,both,1,1,1,1,1,1
756,3.327906608581543,-4.576430797576904,-614.8828735351562,-0.028543198481202126,0.12435104697942734,0.07842957973480225,116,14,30,0.019441943615674973,0.48387096774193555,0.3,120,160,wall,both,1,1,1,1,1,1
760,2.8034920692443848,-3.2477550506591797,-612.3134155273438,-0.20669953525066376,0.9639482498168945,0.007198154926300049,93,16,48,0.016988229006528854,0.4885993485342019,0.3,120,157,wall,both,1,1,1,1,1,1
764,0.37783747911453247,-0.058992210775613785,-720.9357299804688,-0.09351436793804169,0.6087996959686279,0.052267491817474365,83,14,56,0.01048414409160614,0.49504950495049505,0.3,112,153,wall,both,1,1,1,1,1,1
768,1.163174033164978,-0.5590800642967224,0.0,-0.011209272779524326,0.22217263281345367,0.007671833038330078,0,0,0,0.007850888185203075,0.5,0.3,0,0,wall,both,1,1,1,1,1,1
772,3.797043561935425,-5.957660675048828,-421.84930419921875,-0.137929305434227,0.7877689003944397,0.0023571252822875977,83,7,38,0.01404489018023014,0.539568345323741,0.3,107,128,wall,both,1,1,1,1,1,1
776,0.06819633394479752,-0.0019217932131141424,-384.89080810546875,-0.15419825911521912,0.7519349455833435,0.08363819122314453,100,6,37,0.010392461903393269,0.5119453924914675,0.3,120,143,wall,both,1,1,1,1,1,1
780,1.4140658378601074,-0.8262735605239868,0.0,-0.18071214854717255,0.9017549753189087,0.0015239119529724121,0,0,0,0.009704439900815487,0.5,0.3,0,0,wall,both,1,1,1,1,1,1
784,3.0212833881378174,-3.7719638347625732,0.0,-0.05876801908016205,0.5120747089385986,0.011032462120056152,0,0,0,0.008469155058264732,0.5,0.3,0,0,wall,both,1,1,1,1,1,1
788,1.4160281419754028,-0.8285684585571289,0.0,-0.5828664302825928,1.619523525238037,0.0015257596969604492,0,0,0,0.00853705033659935,0.5,0.3,0,0,wall,both,1,1,1,1,1,1
792,2.4601261615753174,-2.500917673110962,0.0,-0.5199310779571533,1.4672833681106567,0.10083925724029541,0,0,0,0.009882909245789051,0.5,0.3,0,0,wall,both,1,1,1,1,1,1
796,5.304553508758545,-11.62739086151123,-468.81878662109375,-3.0706543922424316,2.010040521621704,0.729616641998291,23,0,60,0.00855383463203907,0.6437768240343348,0.3,83,83,wall,both,1,1,1,1,1,1
800,2.357069253921509,-2.2957749366760254,-697.6146240234375,-4.122276782989502,3.8308322429656982,0.45931529998779297,3,2,66,0.02321946807205677,0.6787330316742082,0.3,66,71,wall,both,1,1,1,1,1,1
804,3.5743277072906494,-5.279263496398926,-700.75048828125,-1.3789156675338745,2.4165139198303223,0.14108097553253174,21,3,66,0.027124453336000443,0.625,0.3,75,90,wall,both,1,1,1,1,1,1
808,0.5647344589233398,-0.13178719580173492,-490.9833984375,-1.1793482303619385,2.2957215309143066,0.04471820592880249,29,0,88,0.029731731861829758,0.5617977528089888,0.3,109,117,wall,both,1,1,1,1,1,1
812,4.022526264190674,-6.686246395111084,-732.6554565429688,-0.19522128999233246,0.9120482206344604,0.050404250621795654,62,6,78,0.02709862031042576,0.5067567567567568,0.3,103,146,wall,both,1,1,1,1,1,1
816,4.025359630584717,-6.695669174194336,-504.365966796875,-0.47056224942207336,1.4551039934158325,0.0033193230628967285,48,0,99,0.01684884913265705,0.5050505050505051,0.3,120,147,wall,both,1,1,1,1,1,1
820,1.320521593093872,-0.7205690741539001,-517.83740234375,-1.1062581539154053,1.0623769760131836,0.4578043222427368,73,3,63,0.02292036823928356,0.5190311418685121,0.3,116,139,wall,both,1,1,1,1,1,1
824,0.7409012913703918,-0.22683250904083252,-588.2522583007812,-0.15376144647598267,0.8318164944648743,0.000653386116027832,89,8,37,0.01180317997932434,0.528169014084507,0.3,101,134,wall,both,1,1,1,1,1,1
828,2.7597005367279053,-3.147085428237915,-443.6683349609375,-0.8250752687454224,0.9119879603385925,0.39605653285980225,114,0,36,0.016175976023077965,0.5,0.3,110,150,wall,both,1,1,1,1,1,1
832,1.5677974224090576,-1.015697717666626,-525.4608154296875,-0.024714620783925056,0.1573009490966797,0.06861436367034912,111,9,24,0.014306088909506798,0.5102040816326531,0.3,110,144,wall,both,1,1,1,1,1,1
836,1.3553491830825806,-0.7590790390968323,-192.92005920410156,-0.014875059947371483,0.19469769299030304,0.039756178855895996,117,0,10,0.014555721543729305,0.5415162454873647,0.3,98,127,wall,both,1,1,1,1,1,1
840,3.1478960514068604,-4.094730854034424,-181.33338928222656,-0.03371775150299072,0.3680938184261322,0.029732227325439453,122,0,19,0.00964337307959795,0.5154639175257733,0.3,113,141,wall,both,1,1,1,1,1,1
844,2.3102266788482666,-2.205432653427124,-374.3164367675781,-0.08161405473947525,0.5701720118522644,0.04791414737701416,105,10,5,0.011511114425957203,0.5555555555555556,0.3,81,120,wall,both,1,1,1,1,1,1
848,1.2171529531478882,-0.6121740341186523,-348.7168273925781,-0.08725529909133911,0.6263312697410583,0.004414677619934082,113,7,16,0.013067472726106644,0.5244755244755245,0.3,113,136,wall,both,1,1,1,1,1,1
852,0.9530408978462219,-0.37532514333724976,-265.2591247558594,-0.1279917061328888,0.7325665354728699,0.04626178741455078,115,0,13,0.009354822337627411,0.539568345323741,0.3,97,128,wall,both,1,1,1,1,1,1
856,2.4948184490203857,-2.5719499588012695,-188.06790161132812,-0.34093353152275085,1.2356557846069336,0.020011842250823975,117,0,19,0.010550789535045624,0.5244755244755245,0.3,119,136,wall,both,1,1,1,1,1,1
860,3.5543081760406494,-5.220291614532471,-364.1220703125,-0.168704554438591,0.22260263562202454,0.19655734300613403,125,0,19,0.01626628078520298,0.5102040816326531,0.3,114,144,wall,both,1,1,1,1,1,1
864,2.1487538814544678,-1.9079103469848633,-357.90802001953125,-0.20535553991794586,0.9457623958587646,0.04016679525375366,128,1,22,0.013224114663898945,0.4983388704318937,0.3,119,151,wall,both,1,1,1,1,1,1
868,0.15693369507789612,-0.010176935233175755,-370.27374267578125,-0.1640339344739914,0.33247506618499756,0.18485140800476074,136,0,15,0.012195274233818054,0.4983388704318937,0.3,120,151,wall,both,1,1,1,1,1,1
872,2.086840867996216,-1.7995473146438599,-426.82391357421875,-0.0491640530526638,0.46889427304267883,0.008656680583953857,93,7,12,0.015096163377165794,0.5725190839694657,0.3,89,112,wall,both,1,1,1,1,1,1
876,0.30445393919944763,-0.03830256313085556,-286.8865966796875,-0.03408455103635788,0.39156097173690796,0.0018145442008972168,109,0,26,0.009856998920440674,0.5263157894736842,0.3,120,135,wall,both,1,1,1,1,1,1
880,3.071626663208008,-3.898715019226074,-215.67649841308594,-0.19296510517597198,0.9318222999572754,0.0016521215438842773,109,1,26,0.022907214239239693,0.5244755244755245,0.3,120,136,wall,both,1,1,1,1,1,1
884,2.8696975708007812,-3.4029600620269775,-447.6022644042969,-0.15486879646778107,0.08580007404088974,0.19375771284103394,122,1,18,0.026831278577446938,0.5154639175257733,0.3,120,141,wall,both,1,1,1,1,1,1
888,2.186972141265869,-1.9763829708099365,-416.5833740234375,-0.2662331759929657,1.0943989753723145,0.004303574562072754,121,13,15,0.012092238292098045,0.5016722408026756,0.3,120,149,wall,both,1,1,1,1,1,1
892,3.255986452102661,-4.380763530731201,-757.986328125,-0.040727876126766205,0.42810678482055664,2.3126602172851562e-05,125,24,23,0.010410215705633163,0.46583850931677023,0.3,120,172,wall,both,1,1,1,1,1,1
896,1.0081199407577515,-0.4199610650539398,-555.5620727539062,-0.014740279875695705,0.23580563068389893,0.024166584014892578,131,15,22,0.009539413265883923,0.4716981132075471,0.3,120,168,wall,both,1,1,1,1,1,1
900,1.8780354261398315,-1.4574450254440308,-249.19984436035156,-0.10239091515541077,0.646561861038208,0.048225462436676025,111,2,17,0.018377132713794708,0.5357142857142857,0.3,120,130,wall,both,1,1,1,1,1,1
904,1.08814537525177,-0.4892811179161072,-306.5731506347656,-0.14244121313095093,0.7845504283905029,0.03723549842834473,111,5,18,0.018520602956414223,0.528169014084507,0.3,120,134,wall,both,1,1,1,1,1,1
908,2.4390110969543457,-2.4581713676452637,0.0,-0.005247759632766247,0.006068142130970955,0.03582870960235596,0,0,0,0.01886695809662342,0.5,0.3,0,0,wall,both,1,1,1,1,1,1
912,0.8789370656013489,-0.319227397441864,0.0,-0.0008190574590116739,0.060674890875816345,0.00048476457595825195,0,0,0,0.00822867825627327,0.5,0.3,0,0,wall,both,1,1,1,1,1,1
916,0.8790444731712341,-0.3193054497241974,0.0,-0.24971769750118256,1.059390902519226,0.00879448652267456,0,0,0,0.007514103781431913,0.5,0.3,0,0,wall,both,1,1,1,1,1,1
920,2.5049116611480713,-2.5928025245666504,0.0,-0.180166557431221,0.7856032252311707,0.10266059637069702,0,0,0,0.008560330606997013,0.5,0.3,0,0,wall,both,1,1,1,1,1,1
924,1.8106355667114258,-1.3547111749649048,0.0,-0.5035085678100586,1.5052533149719238,0.0002104043960571289,0,0,0,0.007744303904473782,0.5,0.3,0,0,wall,both,1,1,1,1,1,1
928,0.861462414264679,-0.30666008591651917,0.0,-0.14592111110687256,0.6032077074050903,0.12625586986541748,0,0,0,0.009435895830392838,0.5,0.3,0,0,wall,both,1,1,1,1,1,1
932,3.003406524658203,-3.7274587154388428,0.0,-0.20444528758525848,0.8334381580352783,0.11077427864074707,0,0,0,0.011118259280920029,0.5,0.3,0,0,wall,both,1,1,1,1,1,1
936,1.0835726261138916,-0.48517748713493347,-521.91162109375,-4.3170976638793945,2.1378259658813477,0.8993672728538513,31,0,42,0.01270556915551424,0.6726457399103138,0.3,66,73,wall,both,1,1,1,1,1,1
940,0.5755975246429443,-0.1369059830904007,-562.122314453125,-1.6044127941131592,1.7438021898269653,0.47699469327926636,30,3,49,0.016314011067152023,0.646551724137931,0.3,69,82,wall,both,1,1,1,1,1,1
944,1.9699667692184448,-1.6036235094070435,-883.7493286132812,-3.933901071548462,2.9291162490844727,0.7047606110572815,8,0,75,0.00965442880988121,0.6437768240343348,0.3,66,83,wall,both,1,1,1,1,1,1
948,1.61189603805542,-1.073639988899231,-752.671875,-2.6522762775421143,2.744016408920288,0.4897564649581909,10,2,92,0.008171401917934418,0.5905511811023622,0.3,93,104,wall,both,1,1,1,1,1,1
952,3.083796739578247,-3.9296698570251465,-433.8546142578125,-0.5595154166221619,1.585444688796997,0.015093684196472168,66,2,63,0.023981640115380287,0.5338078291814947,0.3,120,131,wall,both,1,1,1,1,1,1
956,3.696532726287842,-5.646427154541016,-351.80987548828125,-0.2959413230419159,1.1540086269378662,2.6226043701171875e-06,79,1,74,0.011635047383606434,0.49342105263157904,0.3,116,154,wall,both,1,1,1,1,1,1
960,0.4543212652206421,-0.08529248088598251,-534.8270874023438,-0.1363309621810913,0.7806960344314575,0.0147629976272583,89,11,91,0.015259729698300362,0.4398826979472141,0.3,120,191,wall,both,1,1,1,1,1,1
964,1.712913990020752,-1.2124273777008057,-500.3946533203125,-0.037661101669073105,0.29696348309516907,0.06652563810348511,48,0,81,0.012547286227345467,0.5376344086021506,0.3,120,129,wall,both,1,1,1,1,1,1
968,0.13910244405269623,-0.007995656691491604,-819.633544921875,-0.2270175665616989,1.0102733373641968,0.007103562355041504,52,19,78,0.011584216728806496,0.5016722408026756,0.3,109,149,wall,both,1,1,1,1,1,1
972,3.738939046859741,-5.7767205238342285,-663.3261108398438,-0.03012540005147457,0.3622908592224121,0.015317797660827637,85,8,53,0.023242494091391563,0.5067567567567568,0.3,120,146,wall,both,1,1,1,1,1,1
976,4.300486087799072,-7.642222881317139,-407.3653564453125,-0.1918831169605255,0.9292314052581787,0.00040405988693237305,105,8,45,0.012155684642493725,0.48701298701298706,0.3,120,158,wall,both,1,1,1,1,1,1
980,2.52976131439209,-2.644500970840454,-590.6122436523438,-0.016678795218467712,0.26027870178222656,0.01994907855987549,93,7,37,0.013706546276807785,0.5226480836236934,0.3,107,137,wall,both,1,1,1,1,1,1
984,2.596719264984131,-2.7863430976867676,-577.51171875,-0.12189213931560516,0.7400408387184143,0.006819307804107666,116,16,41,0.0116666154935956,0.46439628482972134,0.3,120,173,wall,both,1,1,1,1,1,1
988,3.978206157684326,-6.53972053527832,-722.612060546875,-0.0545487105846405,0.4914262294769287,0.014700829982757568,108,23,32,0.012388226576149464,0.47923322683706066,0.3,118,163,wall,both,1,1,1,1,1,1
992,0.837543249130249,-0.28986722230911255,-378.9378662109375,-0.11900584399700165,0.5660309791564941,0.1082262396812439,131,8,18,0.012356484308838844,0.4885993485342019,0.3,115,157,wall,both,1,1,1,1,1,1
996,2.334155321121216,-2.2513558864593506,-384.74542236328125,-0.06099417433142662,0.5232267379760742,0.006206691265106201,128,0,41,0.026039958000183105,0.47021943573667707,0.3,120,169,wall,both,1,1,1,1,1,1
1000,0.7369361519813538,-0.22441110014915466,-184.4635772705078,-0.4883197546005249,0.8535933494567871,0.2827877998352051,138,0,20,0.011524967849254608,0.48701298701298706,0.3,120,158,wall,both,1,1,1,1,1,1
1004,1.3121048212051392,-0.711412787437439,-151.78993225097656,-0.046637389808893204,0.45546597242355347,0.011476099491119385,151,0,6,0.013947604224085808,0.4885993485342019,0.3,120,157,wall,both,1,1,1,1,1,1
1008,2.3316152095794678,-2.2464582920074463,-134.57354736328125,-0.07480127364397049,0.5798695087432861,0.0044092535972595215,135,0,17,0.016782626509666443,0.49668874172185423,0.3,120,152,wall,both,1,1,1,1,1,1
1012,1.7055623531341553,-1.2020424604415894,-477.5694274902344,-0.08858366310596466,0.2899642884731293,0.13086384534835815,98,1,32,0.011128614656627178,0.5338078291814947,0.3,102,131,wall,both,1,1,1,1,1,1
1016,0.7455869913101196,-0.22971072793006897,-302.3775939941406,-0.07466264814138412,0.5796394348144531,3.653764724731445e-05,111,0,24,0.024683518335223198,0.5263157894736842,0.3,113,135,wall,both,1,1,1,1,1,1
1020,3.211845874786377,-4.262790679931641,-536.9559936523438,-0.272909551858902,1.1081935167312622,3.3974647521972656e-06,80,12,24,0.010511872358620167,0.5639097744360902,0.3,86,116,wall,both,1,1,1,1,1,1
1024,2.430553913116455,-2.4411537647247314,-478.4667663574219,-0.08390775322914124,0.6136442422866821,0.007472693920135498,82,8,36,0.012178989127278328,0.5434782608695653,0.3,110,126,wall,both,1,1,1,1,1,1
1028,0.9275315403938293,-0.3555019497871399,-266.70635986328125,-0.051605165004730225,0.33952420949935913,0.07979404926300049,124,0,19,0.015901556238532066,0.5119453924914675,0.3,116,143,wall,both,1,1,1,1,1,1
1032,0.6039395928382874,-0.1507202535867691,-176.07818603515625,-0.2669627070426941,1.0959715843200684,0.003116309642791748,108,0,29,0.01180118415504694,0.5226480836236934,0.3,108,137,wall,both,1,1,1,1,1,1
1036,2.0367448329925537,-1.7141857147216797,-470.1907653808594,-0.08571554720401764,0.22249719500541687,0.13529610633850098,121,0,20,0.026346877217292786,0.5154639175257733,0.3,108,141,wall,both,1,1,1,1,1,1
1040,1.964138150215149,-1.5941481590270996,-360.77783203125,-0.022458793595433235,0.1762920618057251,0.06172788143157959,122,0,13,0.01127471961081028,0.5263157894736842,0.3,102,135,wall,both,1,1,1,1,1,1
1044,3.417454242706299,-4.8260297775268555,-323.1352844238281,-0.10369450598955154,0.6799980998039246,0.01517176628112793,103,4,21,0.013959487900137901,0.539568345323741,0.3,120,128,wall,both,1,1,1,1,1,1
1048,1.358858346939087,-0.7630148530006409,-291.4544677734375,-0.5237907767295837,0.7100716829299927,0.31761258840560913,117,2,15,0.01115043368190527,0.528169014084507,0.3,116,134,wall,both,1,1,1,1,1,1
1052,1.9401869773864746,-1.5555063486099243,0.0,-0.014968911185860634,0.00013175250205677003,0.06055891513824463,0,0,0,0.008890512399375439,0.5,0.3,0,0,wall,both,1,1,1,1,1,1
1056,0.6306169033050537,-0.1643296182155609,0.0,-0.0813724622130394,0.604267418384552,0.007513701915740967,0,0,0,0.006980959791690111,0.5,0.3,0,0,wall,both,1,1,1,1,1,1
1060,2.5110912322998047,-2.6056110858917236,0.0,-0.18865938484668732,0.8957024216651917,0.05041533708572388,0,0,0,0.0073801251128315926,0.5,0.3,0,0,wall,both,1,1,1,1,1,1
1064,1.6703680753707886,-1.1529459953308105,0.0,-0.2611823081970215,0.9434614181518555,0.12460982799530029,0,0,0,0.011091523803770542,0.5,0.3,0,0,wall,both,1,1,1,1,1,1
1068,1.5162371397018433,-0.9499896168708801,-249.32566833496094,-1.423424243927002,0.6894015669822693,0.568210244178772,61,0,30,0.0171858798712492,0.6224066390041494,0.3,91,91,wall,both,1,1,1,1,1,1
1072,0.9426330924034119,-0.36717236042022705,-297.4163818359375,-1.3878434896469116,0.9744080305099487,0.5369620323181152,61,0,32,0.012288455851376057,0.6172839506172839,0.3,93,93,wall,both,1,1,1,1,1,1
1076,1.548060417175293,-0.9902855157852173,-365.7938537597656,-0.004024196416139603,0.12653309106826782,0.010688245296478271,54,0,17,0.017928676679730415,0.6787330316742082,0.3,71,71,wall,both,1,1,1,1,1,1
1080,3.612720489501953,-5.393284320831299,-570.305908203125,-2.738797664642334,3.0501909255981445,0.4055522084236145,10,0,60,0.03449855372309685,0.6818181818181818,0.3,70,70,wall,both,1,1,1,1,1,1
1084,6.654697418212891,-18.299583435058594,-457.43841552734375,-1.1313085556030273,1.5310277938842773,0.38671737909317017,36,4,24,0.025277357548475266,0.7009345794392523,0.3,52,64,wall,both,1,1,1,1,1,1
1088,2.7454421520233154,-3.114649772644043,-349.6173400878906,-0.12477517127990723,0.7291844487190247,0.040264904499053955,63,0,58,0.013175846077501774,0.5535055350553506,0.3,95,121,wall,both,1,1,1,1,1,1
1092,0.8564052581787109,-0.30307021737098694,-470.48809814453125,-0.3173902928829193,1.1948072910308838,0.006136834621429443,77,8,57,0.01560632511973381,0.5136986301369862,0.3,104,142,wall,both,1,1,1,1,1,1
1096,1.6893516778945923,-1.179301142692566,-213.8280029296875,-0.25163596868515015,1.06410551071167,0.001499950885772705,108,1,31,0.009747656993567944,0.5172413793103449,0.3,97,140,wall,both,1,1,1,1,1,1
1100,0.917151153087616,-0.3475893437862396,-570.700927734375,-0.10166218131780624,0.6763725280761719,0.0,70,11,53,0.017045969143509865,0.528169014084507,0.3,105,134,wall,both,1,1,1,1,1,1
1104,0.5172902941703796,-0.11057405918836594,-458.46539306640625,-0.11070210486650467,0.6980822682380676,0.024294257164001465,111,14,6,0.020068170502781868,0.5338078291814947,0.3,97,131,wall,both,1,1,1,1,1,1
1108,2.9276559352874756,-3.5418050289154053,-866.6276245117188,-0.05963664501905441,0.5142194628715515,0.014652252197265625,57,20,36,0.026085106655955315,0.5703422053231939,0.3,77,113,wall,both,1,1,1,1,1,1
1112,2.561945676803589,-2.712217092514038,-542.1273803710938,-0.14459700882434845,0.7454352378845215,0.07192301750183105,85,6,36,0.028562860563397408,0.5415162454873647,0.3,93,127,wall,both,1,1,1,1,1,1
1116,2.6202621459960938,-2.8370964527130127,-233.21925354003906,-0.21786831319332123,0.9900920391082764,0.002609848976135254,106,1,31,0.014639969915151596,0.5208333333333334,0.3,103,138,wall,both,1,1,1,1,1,1
1120,0.595872700214386,-0.1467207670211792,-467.9796142578125,-0.03120584413409233,0.3700285851955414,0.013814330101013184,94,0,36,0.009735525585711002,0.5357142857142857,0.3,98,130,wall,both,1,1,1,1,1,1
1124,2.7129416465759277,-3.041343927383423,-321.4814147949219,-0.24837476015090942,1.0571824312210083,0.0016793012619018555,99,5,33,0.014144696295261383,0.5226480836236934,0.3,95,137,wall,both,1,1,1,1,1,1
1128,1.5329581499099731,-0.9710581302642822,-281.3897399902344,-0.03351522237062454,0.3559974133968353,0.03621131181716919,125,5,5,0.009877837263047695,0.5263157894736842,0.3,99,135,wall,both,1,1,1,1,1,1
1132,2.184103012084961,-1.971200704574585,-140.50975036621094,-0.04660233110189438,0.4164992570877075,0.044418513774871826,121,0,8,0.012677759863436222,0.5376344086021506,0.3,87,129,wall,both,1,1,1,1,1,1
1136,2.05825138092041,-1.7505779266357422,-365.072998046875,-0.024284740909934044,0.2818010151386261,0.04032653570175171,102,6,13,0.013805518858134747,0.5535055350553506,0.3,96,121,wall,both,1,1,1,1,1,1
1140,0.30961689352989197,-0.039612650871276855,-203.73013305664062,-0.15160103142261505,0.8257072567939758,0.004736781120300293,98,0,26,0.009833602234721184,0.5474452554744526,0.3,96,124,wall,both,1,1,1,1,1,1
1144,2.5397098064422607,-2.6653411388397217,-310.448486328125,-0.10688639432191849,0.6902489066123962,0.01573091745376587,104,6,18,0.012893935665488243,0.539568345323741,0.3,112,128,wall,both,1,1,1,1,1,1
1148,3.5317013263702393,-5.154096603393555,-385.14801025390625,-0.18304531276226044,0.9063449501991272,0.011050045490264893,109,10,23,0.012736300006508827,0.5136986301369862,0.3,116,142,wall,both,1,1,1,1,1,1
1152,1.315980076789856,-0.7156212329864502,-424.25592041015625,-0.09977948665618896,0.6659117341041565,0.017413020133972168,108,11,24,0.014721325598657131,0.5119453924914675,0.3,103,143,wall,both,1,1,1,1,1,1
1156,0.6700190901756287,-0.1855064332485199,-426.4105529785156,-0.28403642773628235,1.1305415630340576,0.0014706850051879883,95,9,25,0.009349326603114605,0.5376344086021506,0.3,89,129,wall,both,1,1,1,1,1,1
1160,0.9544122815132141,-0.37640610337257385,-464.6917724609375,-0.05117681249976158,0.47985416650772095,0.001393139362335205,137,3,27,0.011483317241072655,0.47318611987381703,0.3,120,167,wall,both,1,1,1,1,1,1
1164,4.836733818054199,-9.666938781738281,-190.61399841308594,-0.13761787116527557,0.7868214845657349,0.0032366514205932617,112,0,26,0.01139854732900858,0.5208333333333334,0.3,120,138,wall,both,1,1,1,1,1,1
1168,3.492818593978882,-5.041231632232666,-260.2088317871094,-0.34471264481544495,1.2453609704971313,0.003924906253814697,111,0,30,0.013082209043204784,0.5154639175257733,0.3,112,141,wall,both,1,1,1,1,1,1
1172,1.1785775423049927,-0.5739855170249939,-315.98895263671875,-0.10722552984952927,0.6385889649391174,0.06378114223480225,123,0,22,0.013568720780313015,0.5084745762711864,0.3,120,145,wall,both,1,1,1,1,1,1
1176,0.4187638759613037,-0.07246412336826324,-437.982666015625,-0.1561731994152069,0.49759313464164734,0.15742313861846924,106,0,26,0.011955087073147297,0.5319148936170213,0.3,100,132,wall,both,1,1,1,1,1,1
1180,1.546181321144104,-0.9878829121589661,-513.016845703125,-0.05582215264439583,0.4172557294368744,0.06478828191757202,112,8,26,0.012892257422208786,0.5067567567567568,0.3,120,146,wall,both,1,1,1,1,1,1
1184,3.1953506469726562,-4.219118118286133,-433.5028381347656,-0.10108567774295807,0.5764423608779907,0.0816999077796936,115,10,23,0.016970006749033928,0.5033557046979865,0.3,120,148,wall,both,1,1,1,1,1,1
1188,0.2535448670387268,-0.02656404860317707,0.0,-0.0015282537788152695,0.0784214660525322,0.006292283535003662,0,0,0,0.009144650772213936,0.5,0.3,0,0,wall,both,1,1,1,1,1,1
1192,2.2517898082733154,-2.095271348953247,0.0,-0.04857123643159866,0.34514281153678894,0.07358217239379883,0,0,0,0.010283533483743668,0.5,0.3,0,0,wall,both,1,1,1,1,1,1
1196,0.8536832332611084,-0.3011467158794403,0.0,-0.09386558830738068,0.21354183554649353,0.1432284712791443,0,0,0,0.00949266366660595,0.5,0.3,0,0,wall,both,1,1,1,1,1,1
1200,1.84905207157135,-1.4128071069717407,0.0,-0.014910785481333733,0.2273593693971634,0.028961777687072754,0,0,0,0.008490351028740406,0.5,0.3,0,0,wall,both,1,1,1,1,1,1
1204,5.531571865081787,-12.643919944763184,0.0,-0.48364847898483276,1.187267541885376,0.2043251395225525,0,0,0,0.020604176446795464,0.5,0.3,0,0,wall,both,1,1,1,1,1,1
1208,0.7382319569587708,-0.22520099580287933,0.0,-0.12565204501152039,0.6764611601829529,0.0766223669052124,0,0,0,0.008611978963017464,0.5,0.3,0,0,wall,both,1,1,1,1,1,1
1212,0.3279981315135956,-0.044455692172050476,0.0,-1.6262186765670776,2.638500928878784,0.13927817344665527,0,0,0,0.007702356204390526,0.5,0.3,0,0,wall,both,1,1,1,1,1,1
1216,3.3788840770721436,-4.717709541320801,0.0,-1.016557216644287,1.759458303451538,0.2837485074996948,0,0,0,0.014402301050722599,0.5,0.3,0,0,wall,both,1,1,1,1,1,1
1220,0.7471089959144592,-0.23064951598644257,-234.97763061523438,-2.8751580715179443,1.1195979118347168,0.7976011633872986,54,0,23,0.024810906499624252,0.6607929515418502,0.3,77,77,wall,both,1,1,1,1,1,1
1224,4.115865707397461,-7.000144004821777,-452.9853820800781,-2.525275230407715,1.9578001499176025,0.6403185725212097,62,4,52,0.018771065399050713,0.5597014925373135,0.3,99,118,wall,both,1,1,1,1,1,1
1228,2.3971846103668213,-2.374584197998047,-587.1885986328125,-2.1515016555786133,1.9863959550857544,0.5588315725326538,49,5,74,0.014073750004172325,0.539568345323741,0.3,101,128,wall,both,1,1,1,1,1,1
1232,2.4253664016723633,-2.4307446479797363,-369.3826599121094,-0.9103774428367615,1.4636261463165283,0.3262077569961548,66,0,57,0.015829099342226982,0.5494505494505495,0.3,98,123,wall,both,1,1,1,1,1,1
1236,1.6949573755264282,-1.1871405839920044,-549.9616088867188,-0.4488201141357422,1.419696569442749,0.015035271644592285,34,0,83,0.011434013023972511,0.5617977528089888,0.3,104,117,wall,both,1,1,1,1,1,1
1240,0.8864575624465942,-0.3247136175632477,-290.5480041503906,-0.3222407102584839,1.2041528224945068,0.002322375774383545,101,0,59,0.009809629991650581,0.48387096774193555,0.3,114,160,wall,both,1,1,1,1,1,1
1244,3.0690083503723145,-3.892070770263672,-403.73138427734375,-0.0182451494038105,0.18006253242492676,0.05200803279876709,78,0,73,0.01524096168577671,0.4983388704318937,0.3,120,151,wall,both,1,1,1,1,1,1
1248,0.7209399342536926,-0.21477453410625458,-403.1540832519531,-0.28175267577171326,1.1260008811950684,0.000706017017364502,117,11,20,0.010236975736916065,0.5033557046979865,0.3,96,148,wall,both,1,1,1,1,1,1
1252,0.6366912722587585,-0.16751064360141754,-88.3619613647461,-0.2630763649940491,1.076914668083191,0.03622192144393921,97,0,7,0.009760812856256962,0.5905511811023622,0.3,89,104,wall,both,1,1,1,1,1,1
1256,4.027202129364014,-6.7017998695373535,-113.93480682373047,-0.23701845109462738,1.0304726362228394,0.01601201295852661,109,0,15,0.027939939871430397,0.5474452554744526,0.3,107,124,wall,both,1,1,1,1,1,1
1260,1.936815619468689,-1.5501052141189575,-569.4829711914062,-0.1223917230963707,0.7286907434463501,0.03281015157699585,106,4,27,0.012328563258051872,0.5226480836236934,0.3,94,137,wall,both,1,1,1,1,1,1
1264,0.720071017742157,-0.2142571359872818,-791.0997924804688,-0.014086601324379444,0.25173649191856384,0.0010020136833190918,84,15,14,0.019173745065927505,0.5703422053231939,0.3,71,113,wall,both,1,1,1,1,1,1
1268,0.16255535185337067,-0.010919108055531979,-513.1209106445312,-0.05204577371478081,0.4793282151222229,0.015566051006317139,92,5,29,0.010447856038808823,0.5434782608695653,0.3,83,126,wall,both,1,1,1,1,1,1
1272,1.438535451889038,-0.8551174402236938,-155.8822479248047,-0.21243712306022644,0.9776803851127625,0.0024257898330688477,121,0,16,0.014420530758798122,0.5226480836236934,0.3,119,137,wall,both,1,1,1,1,1,1
1276,1.9668067693710327,-1.5984828472137451,-275.38653564453125,-0.28776195645332336,1.137929916381836,0.0015541911125183105,104,5,17,0.013026037253439426,0.5434782608695653,0.3,115,126,wall,both,1,1,1,1,1,1
1280,1.3642442226409912,-0.7690752744674683,-295.3210144042969,-0.10740655660629272,0.6929777264595032,0.013015210628509521,119,0,20,0.014103884808719158,0.5190311418685121,0.3,120,139,wall,both,1,1,1,1,1,1
1284,2.460827350616455,-2.5023434162139893,-222.1530303955078,-0.2134312391281128,0.979205310344696,0.009326040744781494,123,5,10,0.023170648142695427,0.5208333333333334,0.3,101,138,wall,both,1,1,1,1,1,1
1288,0.5594383478164673,-0.1293269544839859,-436.2352294921875,-0.13648676872253418,0.783629298210144,0.002507925033569336,125,10,12,0.013337364420294762,0.5050505050505051,0.3,114,147,wall,both,1,1,1,1,1,1
1292,4.204928398132324,-7.30637264251709,-222.9972686767578,-0.33270180225372314,1.2233296632766724,0.005822360515594482,117,2,16,0.01458653248846531,0.5263157894736842,0.3,110,135,wall,both,1,1,1,1,1,1
1296,1.4545472860336304,-0.8742594122886658,-327.40301513671875,-0.2871670722961426,1.1366198062896729,0.004348158836364746,128,2,19,0.016215216368436813,0.5016722408026756,0.3,120,149,wall,both,1,1,1,1,1,1
1300,1.033797264099121,-0.44162675738334656,-557.318115234375,-0.005221041850745678,0.1512625515460968,0.0057833194732666016,123,1,20,0.012048520147800446,0.5102040816326531,0.3,120,144,wall,both,1,1,1,1,1,1
1304,0.6324076652526855,-0.16526421904563904,-171.37924194335938,-0.04269661381840706,0.3733283579349518,0.05359596014022827,108,0,17,0.011937501840293407,0.5454545454545454,0.3,120,125,wall,both,1,1,1,1,1,1
1308,2.869152545928955,-3.401667833328247,-267.8650207519531,-0.24811957776546478,1.0566636323928833,6.985664367675781e-05,111,0,21,0.012274459935724735,0.5319148936170213,0.3,120,132,wall,both,1,1,1,1,1,1
1312,0.1878799945116043,-0.014586318284273148,0.0,-0.003868620842695236,0.08054336160421371,0.024384796619415283,0,0,0,0.012097938917577267,0.5,0.3,0,0,wall,both,1,1,1,1,1,1
1316,2.0877997875213623,-1.801201581954956,-309.259033203125,-0.13351920247077942,0.7325825691223145,0.059102535247802734,53,0,29,0.04062960669398308,0.646551724137931,0.3,82,82,wall,both,1,1,1,1,1,1
1320,2.85119366645813,-3.3592166900634766,-433.85552978515625,-2.27813720703125,3.163684844970703,0.11495441198348999,25,0,42,0.009446164593100548,0.6912442396313364,0.3,67,67,wall,both,1,1,1,1,1,1
1324,2.9749159812927246,-3.657076358795166,-395.3498229980469,-1.931018590927124,2.849030017852783,0.17656588554382324,31,0,45,0.03342894837260246,0.663716814159292,0.3,76,76,wall,both,1,1,1,1,1,1
1328,4.635900497436523,-8.880814552307129,-536.13427734375,-2.694873809814453,3.3737869262695312,0.20132935047149658,20,0,80,0.011935049667954445,0.6000000000000001,0.3,100,100,wall,both,1,1,1,1,1,1
1332,0.7380491495132446,-0.22508946061134338,0.0,-5.495471954345703,4.795997142791748,0.3067277669906616,0,0,0,0.008105583488941193,0.5,0.3,0,0,wall,both,1,1,1,1,1,1
1336,2.912503480911255,-3.5052380561828613,0.0,-3.674268960952759,2.966663122177124,0.64886474609375,0,0,0,0.01500121783465147,0.5,0.3,0,0,wall,both,1,1,1,1,1,1
1340,0.5697594285011292,-0.1341428905725479,-1172.551513671875,-1.9089784622192383,2.928382635116577,0.028556525707244873,2,0,63,0.017284762114286423,0.6976744186046512,0.3,51,65,wall,both,1,1,1,1,1,1
1344,2.171755313873291,-1.9489755630493164,-1225.771240234375,-1.2795969247817993,2.286534309387207,0.16986072063446045,21,2,79,0.01325780339539051,0.5952380952380952,0.3,67,102,wall,both,1,1,1,1,1,1
1348,2.188601493835449,-1.9793291091918945,-826.3141479492188,-0.5779320001602173,1.612664818763733,0.0005810856819152832,50,15,72,0.012849037535488605,0.5226480836236934,0.3,99,137,wall,both,1,1,1,1,1,1
1352,0.7557414174079895,-0.2360103726387024,-714.1239624023438,-0.4182177484035492,1.3716540336608887,0.005447447299957275,42,13,106,0.015381177887320518,0.48231511254019294,0.3,120,161,wall,both,1,1,1,1,1,1
1356,1.8025399446487427,-1.3426239490509033,-427.29888916015625,-0.13383018970489502,0.775002121925354,0.00935518741607666,76,4,82,0.016824480146169662,0.4807692307692307,0.3,120,162,wall,both,1,1,1,1,1,1
1360,1.688537836074829,-1.1781651973724365,-390.645751953125,-0.21490433812141418,0.9829548001289368,0.006879866123199463,79,0,87,0.014145988039672375,0.4746835443037975,0.3,120,166,wall,both,1,1,1,1,1,1
1364,1.7488287687301636,-1.263802409172058,-426.13165283203125,-0.23479829728603363,1.0010473728179932,0.0544704794883728,82,0,53,0.01316166203469038,0.5263157894736842,0.3,120,135,wall,both,1,1,1,1,1,1
1368,4.962311744689941,-10.17542839050293,-750.9251708984375,-0.06850113719701767,0.555205225944519,0.00035244226455688477,124,26,34,0.012942170724272728,0.44910179640718567,0.3,120,184,wall,both,1,1,1,1,1,1
1372,1.7964924573898315,-1.333630084991455,-680.5641479492188,-0.2663387060165405,1.0947456359863281,0.0017481446266174316,125,28,33,0.011674140579998493,0.4464285714285714,0.3,120,186,wall,both,1,1,1,1,1,1
1376,4.158921241760254,-7.147365570068359,-342.39312744140625,-0.20083409547805786,0.9498414993286133,0.009199798107147217,100,0,59,0.00943787395954132,0.4854368932038835,0.3,120,159,wall,both,1,1,1,1,1,1
1380,1.4681750535964966,-0.8907181620597839,-137.12649536132812,-0.7926113605499268,1.1454569101333618,0.3503637909889221,116,0,15,0.015214559622108936,0.5338078291814947,0.3,120,131,wall,both,1,1,1,1,1,1
1384,1.4172766208648682,-0.830030083656311,-416.2482604980469,-0.3816991448402405,0.5253750085830688,0.2801581621170044,126,4,15,0.013028538785874844,0.5084745762711864,0.3,120,145,wall,both,1,1,1,1,1,1
1388,3.861363172531128,-6.161208629608154,-429.3157958984375,-0.12068629264831543,0.6899194121360779,0.060441672801971436,123,13,20,0.01368018053472042,0.49019607843137253,0.3,103,156,wall,both,1,1,1,1,1,1
1392,2.0678181648254395,-1.7668890953063965,-595.0628051757812,-0.013525765389204025,0.22681646049022675,0.022646844387054443,136,23,4,0.013205255381762981,0.47923322683706066,0.3,120,163,wall,both,1,1,1,1,1,1
1396,1.0703105926513672,-0.4733738601207733,-780.5299072265625,-0.017472855746746063,0.19964005053043365,0.04594457149505615,112,24,14,0.014946402981877327,0.5,0.3,90,150,wall,both,1,1,1,1,1,1
1400,1.0366113185882568,-0.44403427839279175,-233.16632080078125,-0.023729680106043816,0.27628666162490845,0.04071599245071411,144,0,8,0.0147974519059062,0.49668874172185423,0.3,120,152,wall,both,1,1,1,1,1,1
1404,4.093409538269043,-6.923967361450195,-585.224853515625,-0.09266524761915207,0.2953631281852722,0.1339898705482483,158,0,22,0.01363411359488964,0.45454545454545453,0.3,120,180,wall,both,1,1,1,1,1,1
1408,2.4426491260528564,-2.465510129928589,-147.3455810546875,-0.30207738280296326,1.0323169231414795,0.1264464259147644,109,0,11,0.017565930262207985,0.5555555555555556,0.3,120,120,wall,both,1,1,1,1,1,1
1412,0.6851015090942383,-0.19395208358764648,-371.50982666015625,-0.24094624817371368,1.0410890579223633,0.0046173930168151855,117,9,22,0.010827867314219475,0.5033557046979865,0.3,120,148,wall,both,1,1,1,1,1,1
1416,2.5980610847473145,-2.7892234325408936,-298.5353088378906,-0.33242547512054443,1.125747561454773,0.11156338453292847,134,3,7,0.016998060047626495,0.5102040816326531,0.3,120,144,wall,both,1,1,1,1,1,1
1420,0.31048956513404846,-0.03983626514673233,-450.5811462402344,-0.03529684618115425,0.3795907497406006,0.02833503484725952,130,7,6,0.015880990773439407,0.5119453924914675,0.3,120,143,wall,both,1,1,1,1,1,1
1424,1.8933260440826416,-1.4812740087509155,-382.82379150390625,-0.2189370095729828,0.9922778010368347,0.0057220458984375,112,6,27,0.012227917090058327,0.5084745762711864,0.3,120,145,wall,both,1,1,1,1,1,1
1428,2.2789828777313232,-2.1461827754974365,-366.8875732421875,-0.054899752140045166,0.4577181041240692,0.04521071910858154,116,3,27,0.024198826402425766,0.5067567567567568,0.3,120,146,wall,both,1,1,1,1,1,1
1432,3.405470132827759,-4.792242527008057,-600.58056640625,-0.01957700215280056,0.2940824031829834,0.009368419647216797,113,19,18,0.009931351989507675,0.5,0.3,120,150,wall,both,1,1,1,1,1,1
1436,2.1224098205566406,-1.8614145517349243,-590.0834350585938,-0.037842631340026855,0.39373883605003357,0.028825461864471436,103,18,23,0.014626442454755306,0.5102040816326531,0.3,120,144,wall,both,1,1,1,1,1,1
1440,2.796612024307251,-3.2318339347839355,-511.6119079589844,-0.2931880056858063,1.0304276943206787,0.1184186339378357,123,7,24,0.009951346553862095,0.49342105263157904,0.3,120,154,wall,both,1,1,1,1,1,1
1444,1.1885349750518799,-0.5837253332138062,-366.7375793457031,-0.006813753396272659,0.16691359877586365,0.012350678443908691,110,0,33,0.009628649801015854,0.5119453924914675,0.3,120,143,wall,both,1,1,1,1,1,1
1448,0.33995872735977173,-0.047756996005773544,0.0,-0.13887469470500946,0.7889618873596191,0.011608898639678955,0,0,0,0.007016620598733425,0.5,0.3,0,0,wall,both,1,1,1,1,1,1
1452,0.8355007767677307,-0.28845515847206116,0.0,-1.0068169832229614,1.1408363580703735,0.41929739713668823,0,0,0,0.007849068380892277,0.5,0.3,0,0,wall,both,1,1,1,1,1,1
1456,1.0910749435424805,-0.49191921949386597,0.0,-1.0891369581222534,2.213608503341675,0.007573425769805908,0,0,0,0.007565118372440338,0.5,0.3,0,0,wall,both,1,1,1,1,1,1
1460,0.7946154475212097,-0.26091474294662476,-539.9356689453125,-2.095695972442627,3.062706708908081,0.05241382122039795,19,0,101,0.008291064761579037,0.5555555555555556,0.3,120,120,wall,both,1,1,1,1,1,1
1464,1.5120296478271484,-0.9447246193885803,-703.1100463867188,-0.5120208859443665,1.3772920370101929,0.1488879919052124,25,2,123,0.010498343966901302,0.5,0.3,116,150,wall,both,1,1,1,1,1,1
1468,0.18485553562641144,-0.014120482839643955,-548.0214233398438,-0.635226845741272,1.4256716966629028,0.21206146478652954,48,5,81,0.01800144836306572,0.528169014084507,0.3,112,134,wall,both,1,1,1,1,1,1
1472,0.9004951119422913,-0.3350791037082672,-828.344482421875,-0.06289897114038467,0.3380875885486603,0.09584921598434448,23,13,74,0.010993502102792263,0.5769230769230769,0.3,75,110,wall,both,1,1,1,1,1,1
1476,2.628502130508423,-2.8549680709838867,-174.9135284423828,-0.09554503858089447,0.6553387641906738,0.005132198333740234,104,0,16,0.015308506786823273,0.5555555555555556,0.3,120,120,wall,both,1,1,1,1,1,1
1480,1.717926263809204,-1.2195332050323486,-1111.6708984375,-0.18082740902900696,0.8935906887054443,0.028785288333892822,78,22,44,0.029592689126729965,0.5102040816326531,0.3,88,144,wall,both,1,1,1,1,1,1
1484,0.87458336353302,-0.3160727322101593,-1087.3270263671875,-0.01031671091914177,0.21488608419895172,0.0036832094192504883,52,20,51,0.008515865541994572,0.5494505494505495,0.3,77,123,wall,both,1,1,1,1,1,1
1488,1.9828803539276123,-1.6247166395187378,-274.2257385253906,-0.15308426320552826,0.8298305869102478,0.003765106201171875,94,0,41,0.011342301964759827,0.5263157894736842,0.3,120,135,wall,both,1,1,1,1,1,1
1492,0.11925677955150604,-0.005876933224499226,-211.4349365234375,-0.055775709450244904,0.5009421706199646,0.0016102194786071777,97,0,23,0.008697696961462498,0.5555555555555556,0.3,120,120,wall,both,1,1,1,1,1,1
1496,3.233949899673462,-4.3216657638549805,-226.33248901367188,-0.13929423689842224,0.7882073521614075,0.017387986183166504,87,0,33,0.010324818082153797,0.5555555555555556,0.3,120,120,wall,both,1,1,1,1,1,1
1500,0.4956309497356415,-0.10150827467441559,-111.0351791381836,-0.04888416826725006,0.42135170102119446,0.048069775104522705,116,0,4,0.013906377367675304,0.5555555555555556,0.3,120,120,wall,both,1,1,1,1,1,1
1504,1.2718549966812134,-0.6684359312057495,-260.8901062011719,-0.14499835669994354,0.7891280651092529,0.040258944034576416,119,6,8,0.009037921205163002,0.5300353356890459,0.3,109,133,wall,both,1,1,1,1,1,1
1508,3.341667413711548,-4.614355564117432,-242.20263671875,-0.22826948761940002,0.8239617347717285,0.13770616054534912,83,0,37,0.010367152281105518,0.5555555555555556,0.3,120,120,wall,both,1,1,1,1,1,1
1512,2.9276256561279297,-3.541731834411621,-137.0103302001953,-0.17946244776248932,0.8264890909194946,0.08232957124710083,109,2,7,0.013762436807155609,0.5597014925373135,0.3,116,118,wall,both,1,1,1,1,1,1
1516,0.3686583936214447,-0.05616074427962303,-489.223876953125,-0.0698341354727745,0.5568758249282837,0.015018582344055176,101,13,14,0.011303282342851162,0.539568345323741,0.3,106,128,wall,both,1,1,1,1,1,1
1520,2.981422185897827,-3.6730897426605225,-108.41995239257812,-0.012964582070708275,0.19218792021274567,0.03413724899291992,124,0,5,0.012939808890223503,0.5376344086021506,0.3,120,129,wall,both,1,1,1,1,1,1
1524,3.749001979827881,-5.807857513427734,-68.65376281738281,-0.10762374103069305,0.680168092250824,0.03435486555099487,127,0,4,0.008490259759128094,0.5338078291814947,0.3,115,131,wall,both,1,1,1,1,1,1
1528,1.0036240816116333,-0.4162236452102661,-245.345703125,-0.13866208493709564,0.7899125218391418,0.0009785890579223633,99,1,40,0.007907498627901077,0.5172413793103449,0.3,120,140,wall,both,1,1,1,1,1,1
1532,3.765838861465454,-5.860141277313232,-179.83544921875,-0.06356845796108246,0.5285405516624451,0.01910334825515747,123,1,6,0.010189243592321873,0.5357142857142857,0.3,107,130,wall,both,1,1,1,1,1,1
1536,1.3982394933700562,-0.8078816533088684,-476.0852355957031,-0.04493747279047966,0.42712125182151794,0.03282135725021362,132,16,9,0.012258828617632389,0.4885993485342019,0.3,99,157,wall,both,1,1,1,1,1,1
1540,1.5780627727508545,-1.02904212474823,-1051.926025390625,-0.17411573231220245,0.8851644992828369,0.0005003213882446289,91,26,18,0.009496908634901047,0.5263157894736842,0.3,77,135,wall,both,1,1,1,1,1,1
1544,1.6139717102050781,-1.0764068365097046,0.0,-0.18054427206516266,0.8887389898300171,0.03507167100906372,0,0,0,0.007500904146581888,0.5,0.3,0,0,wall,both,1,1,1,1,1,1
1548,0.9286041855812073,-0.3563246726989746,0.0,-0.02043546363711357,0.3032466173171997,0.0002428889274597168,0,0,0,0.007405839394778013,0.5,0.3,0,0,wall,both,1,1,1,1,1,1
1552,0.9785863757133484,-0.3957153856754303,0.0,-0.04735751077532768,0.4595586657524109,0.010209858417510986,0,0,0,0.007069756742566824,0.5,0.3,0,0,wall,both,1,1,1,1,1,1
1556,0.965623140335083,-0.3853008449077606,0.0,-0.03139147907495499,0.3758474886417389,0.00013124942779541016,0,0,0,0.007364042103290558,0.5,0.3,0,0,wall,both,1,1,1,1,1,1
1560,1.0461088418960571,-0.45220810174942017,0.0,-0.14450271427631378,0.8020340204238892,0.019527137279510498,0,0,0,0.006087284069508314,0.5,0.3,0,0,wall,both,1,1,1,1,1,1
1564,5.39622163772583,-12.032730102539062,0.0,-0.3254461884498596,1.2066959142684937,0.021376073360443115,0,0,0,0.006260295864194632,0.5,0.3,0,0,wall,both,1,1,1,1,1,1
1568,1.937152624130249,-1.5506447553634644,0.0,-0.1117929071187973,0.43270498514175415,0.1311313509941101,0,0,0,0.011319425888359547,0.5,0.3,0,0,wall,both,1,1,1,1,1,1
1572,4.471951961517334,-8.263782501220703,0.0,-1.1314703226089478,2.2563650608062744,0.004858851432800293,0,0,0,0.009642516262829304,0.5,0.3,0,0,wall,both,1,1,1,1,1,1
1576,0.6775368452072144,-0.18969261646270752,-376.47125244140625,-0.28550785779953003,1.1298208236694336,0.021245300769805908,27,0,35,0.021439149975776672,0.7075471698113207,0.3,62,62,wall,both,1,1,1,1,1,1
1580,1.3654818534851074,-0.7704713344573975,-360.2921142578125,-0.6830084323883057,1.7490568161010742,0.027939796447753906,43,0,50,0.03423153609037399,0.6172839506172839,0.3,93,93,wall,both,1,1,1,1,1,1
1584,2.1566526889801025,-1.9219629764556885,-434.2720947265625,-0.27461791038513184,0.9568914175033569,0.13202202320098877,33,0,64,0.016897574067115784,0.6072874493927126,0.3,97,97,wall,both,1,1,1,1,1,1
1588,4.175123691558838,-7.203164100646973,-538.0407104492188,-0.2049737572669983,0.7692104578018188,0.13418132066726685,19,0,89,0.030731024220585823,0.5813953488372093,0.3,108,108,wall,both,1,1,1,1,1,1
1592,1.032297968864441,-0.44034671783447266,0.0,-0.4643057584762573,1.4441349506378174,0.01447826623916626,0,0,0,0.023154761642217636,0.5,0.3,0,0,wall,both,1,1,1,1,1,1
