# angle_min_rad,0.001592549
# angle_max_rad,6.281592758
# angle_increment_rad,0.005800000
# time_increment_s,0.000000000
# scan_time_s,0.033333302
# range_min_m,0.300000012
# range_max_m,50.000000000
beam_index,angle_rad,range_m,intensity
0,0.001592549,51.000000000,
1,0.007392549,51.000000000,
2,0.013192549,51.000000000,
3,0.018992548,51.000000000,
4,0.024792548,51.000000000,
5,0.030592548,51.000000000,
6,0.036392548,51.000000000,
7,0.042192548,51.000000000,
8,0.047992548,51.000000000,
9,0.053792548,51.000000000,
10,0.059592548,51.000000000,
11,0.065392548,51.000000000,
12,0.071192548,51.000000000,
13,0.076992548,51.000000000,
14,0.082792548,51.000000000,
15,0.088592548,51.000000000,
16,0.094392548,51.000000000,
17,0.100192547,51.000000000,
18,0.105992547,51.000000000,
19,0.111792547,51.000000000,
20,0.117592547,51.000000000,
21,0.123392547,51.000000000,
22,0.129192547,51.000000000,
23,0.134992547,51.000000000,
24,0.140792547,51.000000000,
25,0.146592547,51.000000000,
26,0.152392547,51.000000000,
27,0.158192547,51.000000000,
28,0.163992547,51.000000000,
29,0.169792547,51.000000000,
30,0.175592546,51.000000000,
31,0.181392546,51.000000000,
32,0.187192546,51.000000000,
33,0.192992546,51.000000000,
34,0.198792546,51.000000000,
35,0.204592546,51.000000000,
36,0.210392546,51.000000000,
37,0.216192546,51.000000000,
38,0.221992546,51.000000000,
39,0.227792546,51.000000000,
40,0.233592546,51.000000000,
41,0.239392546,51.000000000,
42,0.245192546,51.000000000,
43,0.250992546,51.000000000,
44,0.256792545,51.000000000,
45,0.262592545,51.000000000,
46,0.268392545,51.000000000,
47,0.274192545,51.000000000,
48,0.279992545,51.000000000,
49,0.285792545,51.000000000,
50,0.291592545,2.768885851,
51,0.297392545,2.792076349,
52,0.303192545,51.000000000,
53,0.308992545,51.000000000,
54,0.314792545,51.000000000,
55,0.320592545,51.000000000,
56,0.326392545,51.000000000,
57,0.332192544,51.000000000,
58,0.337992544,51.000000000,
59,0.343792544,51.000000000,
60,0.349592544,3.833484888,
61,0.355392544,51.000000000,
62,0.361192544,3.901490450,
63,0.366992544,3.893841982,
64,0.372792544,2.739248514,
65,0.378592544,2.725892305,
66,0.384392544,51.000000000,
67,0.390192544,51.000000000,
68,0.395992544,51.000000000,
69,0.401792544,51.000000000,
70,0.407592544,51.000000000,
71,0.413392543,2.819791555,
72,0.419192543,2.848184347,
73,0.424992543,51.000000000,
74,0.430792543,2.836390734,
75,0.436592543,2.902084112,
76,0.442392543,51.000000000,
77,0.448192543,51.000000000,
78,0.453992543,51.000000000,
79,0.459792543,51.000000000,
80,0.465592543,51.000000000,
81,0.471392543,2.987747908,
82,0.477192543,51.000000000,
83,0.482992543,3.023045063,
84,0.488792542,2.785382032,
85,0.494592542,2.815781116,
86,0.500392542,2.796344757,
87,0.506192542,2.804676533,
88,0.511992542,2.726274252,
89,0.517792542,2.723076820,
90,0.523592542,51.000000000,
91,0.529392542,51.000000000,
92,0.535192542,51.000000000,
93,0.540992542,51.000000000,
94,0.546792542,51.000000000,
95,0.552592542,51.000000000,
96,0.558392542,51.000000000,
97,0.564192542,51.000000000,
98,0.569992541,51.000000000,
99,0.575792541,51.000000000,
100,0.581592541,51.000000000,
101,0.587392541,51.000000000,
102,0.593192541,51.000000000,
103,0.598992541,51.000000000,
104,0.604792541,51.000000000,
105,0.610592541,51.000000000,
106,0.616392541,51.000000000,
107,0.622192541,51.000000000,
108,0.627992541,51.000000000,
109,0.633792541,51.000000000,
110,0.639592541,51.000000000,
111,0.645392540,51.000000000,
112,0.651192540,51.000000000,
113,0.656992540,51.000000000,
114,0.662792540,51.000000000,
115,0.668592540,51.000000000,
116,0.674392540,51.000000000,
117,0.680192540,51.000000000,
118,0.685992540,51.000000000,
119,0.691792540,51.000000000,
120,0.697592540,51.000000000,
121,0.703392540,51.000000000,
122,0.709192540,51.000000000,
123,0.714992540,51.000000000,
124,0.720792540,51.000000000,
125,0.726592539,51.000000000,
126,0.732392539,51.000000000,
127,0.738192539,51.000000000,
128,0.743992539,51.000000000,
129,0.749792539,51.000000000,
130,0.755592539,51.000000000,
131,0.761392539,51.000000000,
132,0.767192539,51.000000000,
133,0.772992539,51.000000000,
134,0.778792539,51.000000000,
135,0.784592539,51.000000000,
136,0.790392539,51.000000000,
137,0.796192539,51.000000000,
138,0.801992539,51.000000000,
139,0.807792538,51.000000000,
140,0.813592538,51.000000000,
141,0.819392538,51.000000000,
142,0.825192538,51.000000000,
143,0.830992538,51.000000000,
144,0.836792538,51.000000000,
145,0.842592538,51.000000000,
146,0.848392538,51.000000000,
147,0.854192538,51.000000000,
148,0.859992538,51.000000000,
149,0.865792538,51.000000000,
150,0.871592538,51.000000000,
151,0.877392538,51.000000000,
152,0.883192537,51.000000000,
153,0.888992537,51.000000000,
154,0.894792537,51.000000000,
155,0.900592537,51.000000000,
156,0.906392537,51.000000000,
157,0.912192537,51.000000000,
158,0.917992537,51.000000000,
159,0.923792537,51.000000000,
160,0.929592537,51.000000000,
161,0.935392537,51.000000000,
162,0.941192537,51.000000000,
163,0.946992537,51.000000000,
164,0.952792537,51.000000000,
165,0.958592537,51.000000000,
166,0.964392536,51.000000000,
167,0.970192536,51.000000000,
168,0.975992536,51.000000000,
169,0.981792536,51.000000000,
170,0.987592536,51.000000000,
171,0.993392536,51.000000000,
172,0.999192536,51.000000000,
173,1.004992536,51.000000000,
174,1.010792536,51.000000000,
175,1.016592536,51.000000000,
176,1.022392536,51.000000000,
177,1.028192536,51.000000000,
178,1.033992536,51.000000000,
179,1.039792535,51.000000000,
180,1.045592535,51.000000000,
181,1.051392535,51.000000000,
182,1.057192535,51.000000000,
183,1.062992535,51.000000000,
184,1.068792535,51.000000000,
185,1.074592535,51.000000000,
186,1.080392535,51.000000000,
187,1.086192535,51.000000000,
188,1.091992535,51.000000000,
189,1.097792535,51.000000000,
190,1.103592535,51.000000000,
191,1.109392535,51.000000000,
192,1.115192535,51.000000000,
193,1.120992534,51.000000000,
194,1.126792534,51.000000000,
195,1.132592534,51.000000000,
196,1.138392534,51.000000000,
197,1.144192534,51.000000000,
198,1.149992534,51.000000000,
199,1.155792534,51.000000000,
200,1.161592534,51.000000000,
201,1.167392534,51.000000000,
202,1.173192534,51.000000000,
203,1.178992534,51.000000000,
204,1.184792534,51.000000000,
205,1.190592534,51.000000000,
206,1.196392533,51.000000000,
207,1.202192533,51.000000000,
208,1.207992533,51.000000000,
209,1.213792533,51.000000000,
210,1.219592533,51.000000000,
211,1.225392533,51.000000000,
212,1.231192533,51.000000000,
213,1.236992533,51.000000000,
214,1.242792533,51.000000000,
215,1.248592533,51.000000000,
216,1.254392533,51.000000000,
217,1.260192533,51.000000000,
218,1.265992533,51.000000000,
219,1.271792533,51.000000000,
220,1.277592532,51.000000000,
221,1.283392532,51.000000000,
222,1.289192532,51.000000000,
223,1.294992532,51.000000000,
224,1.300792532,51.000000000,
225,1.306592532,51.000000000,
226,1.312392532,51.000000000,
227,1.318192532,51.000000000,
228,1.323992532,51.000000000,
229,1.329792532,51.000000000,
230,1.335592532,51.000000000,
231,1.341392532,51.000000000,
232,1.347192532,51.000000000,
233,1.352992531,51.000000000,
234,1.358792531,51.000000000,
235,1.364592531,51.000000000,
236,1.370392531,51.000000000,
237,1.376192531,51.000000000,
238,1.381992531,51.000000000,
239,1.387792531,51.000000000,
240,1.393592531,51.000000000,
241,1.399392531,51.000000000,
242,1.405192531,51.000000000,
243,1.410992531,51.000000000,
244,1.416792531,51.000000000,
245,1.422592531,51.000000000,
246,1.428392531,51.000000000,
247,1.434192530,51.000000000,
248,1.439992530,51.000000000,
249,1.445792530,51.000000000,
250,1.451592530,51.000000000,
251,1.457392530,51.000000000,
252,1.463192530,51.000000000,
253,1.468992530,51.000000000,
254,1.474792530,51.000000000,
255,1.480592530,51.000000000,
256,1.486392530,51.000000000,
257,1.492192530,51.000000000,
258,1.497992530,51.000000000,
259,1.503792530,51.000000000,
260,1.509592530,51.000000000,
261,1.515392529,51.000000000,
262,1.521192529,51.000000000,
263,1.526992529,51.000000000,
264,1.532792529,51.000000000,
265,1.538592529,51.000000000,
266,1.544392529,21.580404282,
267,1.550192529,51.000000000,
268,1.555992529,51.000000000,
269,1.561792529,9.111916542,
270,1.567592529,51.000000000,
271,1.573392529,14.070621490,
272,1.579192529,51.000000000,
273,1.584992529,51.000000000,
274,1.590792528,6.536376953,
275,1.596592528,51.000000000,
276,1.602392528,51.000000000,
277,1.608192528,51.000000000,
278,1.613992528,51.000000000,
279,1.619792528,51.000000000,
280,1.625592528,9.103218079,
281,1.631392528,51.000000000,
282,1.637192528,51.000000000,
283,1.642992528,4.086370468,
284,1.648792528,4.094342232,
285,1.654592528,4.109178543,
286,1.660392528,51.000000000,
287,1.666192528,51.000000000,
288,1.671992527,6.627486706,
289,1.677792527,51.000000000,
290,1.683592527,51.000000000,
291,1.689392527,51.000000000,
292,1.695192527,51.000000000,
293,1.700992527,51.000000000,
294,1.706792527,9.144063950,
295,1.712592527,9.152917862,
296,1.718392527,51.000000000,
297,1.724192527,51.000000000,
298,1.729992527,51.000000000,
299,1.735792527,51.000000000,
300,1.741592527,51.000000000,
301,1.747392526,51.000000000,
302,1.753192526,51.000000000,
303,1.758992526,51.000000000,
304,1.764792526,6.803028584,
305,1.770592526,6.755978584,
306,1.776392526,6.806410789,
307,1.782192526,4.206149101,
308,1.787992526,4.209787369,
309,1.793792526,4.215380669,
310,1.799592526,51.000000000,
311,1.805392526,51.000000000,
312,1.811192526,51.000000000,
313,1.816992526,51.000000000,
314,1.822792526,51.000000000,
315,1.828592525,51.000000000,
316,1.834392525,51.000000000,
317,1.840192525,9.557962418,
318,1.845992525,51.000000000,
319,1.851792525,51.000000000,
320,1.857592525,51.000000000,
321,1.863392525,51.000000000,
322,1.869192525,51.000000000,
323,1.874992525,51.000000000,
324,1.880792525,1.655651093,
325,1.886592525,1.621714115,
326,1.892392525,51.000000000,
327,1.898192525,51.000000000,
328,1.903992524,51.000000000,
329,1.909792524,51.000000000,
330,1.915592524,51.000000000,
331,1.921392524,51.000000000,
332,1.927192524,51.000000000,
333,1.932992524,51.000000000,
334,1.938792524,4.450858116,
335,1.944592524,4.539138317,
336,1.950392524,4.556080818,
337,1.956192524,4.554176331,
338,1.961992524,51.000000000,
339,1.967792524,7.321316242,
340,1.973592524,51.000000000,
341,1.979392524,12.928183556,
342,1.985192523,10.116332054,
343,1.990992523,51.000000000,
344,1.996792523,51.000000000,
345,2.002592523,51.000000000,
346,2.008392523,51.000000000,
347,2.014192523,51.000000000,
348,2.019992523,51.000000000,
349,2.025792523,51.000000000,
350,2.031592523,51.000000000,
351,2.037392523,51.000000000,
352,2.043192523,51.000000000,
353,2.048992523,51.000000000,
354,2.054792523,51.000000000,
355,2.060592523,51.000000000,
356,2.066392522,51.000000000,
357,2.072192522,51.000000000,
358,2.077992522,51.000000000,
359,2.083792522,51.000000000,
360,2.089592522,10.900811195,
361,2.095392522,51.000000000,
362,2.101192522,51.000000000,
363,2.106992522,51.000000000,
364,2.112792522,51.000000000,
365,2.118592522,1.880534291,
366,2.124392522,1.886674523,
367,2.130192522,51.000000000,
368,2.135992522,51.000000000,
369,2.141792521,51.000000000,
370,2.147592521,1.944406867,
371,2.153392521,1.956180573,
372,2.159192521,1.937439561,
373,2.164992521,1.913914204,
374,2.170792521,1.941141129,
375,2.176592521,1.952345729,
376,2.182392521,5.213372231,
377,2.188192521,5.239396095,
378,2.193992521,51.000000000,
379,2.199792521,51.000000000,
380,2.205592521,51.000000000,
381,2.211392521,7.119721413,
382,2.217192521,7.103712559,
383,2.222992520,6.992811203,
384,2.228792520,6.938804626,
385,2.234592520,51.000000000,
386,2.240392520,51.000000000,
387,2.246192520,7.136990547,
388,2.251992520,7.097842693,
389,2.257792520,6.977764130,
390,2.263592520,6.855662346,
391,2.269392520,6.932299614,
392,2.275192520,6.988942146,
393,2.280992520,7.199407101,
394,2.286792520,7.145125866,
395,2.292592520,51.000000000,
396,2.298392519,51.000000000,
397,2.304192519,51.000000000,
398,2.309992519,51.000000000,
399,2.315792519,51.000000000,
400,2.321592519,51.000000000,
401,2.327392519,51.000000000,
402,2.333192519,51.000000000,
403,2.338992519,51.000000000,
404,2.344792519,6.090730190,
405,2.350592519,6.110059261,
406,2.356392519,51.000000000,
407,2.362192519,51.000000000,
408,2.367992519,51.000000000,
409,2.373792519,51.000000000,
410,2.379592518,51.000000000,
411,2.385392518,2.481475830,
412,2.391192518,2.420113802,
413,2.396992518,2.428207397,
414,2.402792518,2.435410738,
415,2.408592518,2.423588037,
416,2.414392518,51.000000000,
417,2.420192518,2.479471445,
418,2.425992518,2.484458685,
419,2.431792518,51.000000000,
420,2.437592518,51.000000000,
421,2.443392518,2.803802490,
422,2.449192518,2.827624321,
423,2.454992517,2.794588804,
424,2.460792517,2.795265913,
425,2.466592517,2.830990314,
426,2.472392517,2.794636726,
427,2.478192517,2.810354233,
428,2.483992517,2.959537268,
429,2.489792517,2.974220753,
430,2.495592517,3.485318661,
431,2.501392517,3.489955187,
432,2.507192517,3.530543327,
433,2.512992517,51.000000000,
434,2.518792517,51.000000000,
435,2.524592517,51.000000000,
436,2.530392517,7.908477783,
437,2.536192516,3.485307455,
438,2.541992516,51.000000000,
439,2.547792516,51.000000000,
440,2.553592516,51.000000000,
441,2.559392516,13.406840324,
442,2.565192516,51.000000000,
443,2.570992516,51.000000000,
444,2.576792516,8.532832146,
445,2.582592516,51.000000000,
446,2.588392516,13.454479218,
447,2.594192516,51.000000000,
448,2.599992516,51.000000000,
449,2.605792516,12.243943214,
450,2.611592515,51.000000000,
451,2.617392515,12.308117867,
452,2.623192515,51.000000000,
453,2.628992515,51.000000000,
454,2.634792515,51.000000000,
455,2.640592515,51.000000000,
456,2.646392515,3.556043148,
457,2.652192515,3.547953367,
458,2.657992515,3.534708738,
459,2.663792515,3.529554367,
460,2.669592515,51.000000000,
461,2.675392515,51.000000000,
462,2.681192515,13.293194771,
463,2.686992515,51.000000000,
464,2.692792514,11.084410667,
465,2.698592514,51.000000000,
466,2.704392514,51.000000000,
467,2.710192514,51.000000000,
468,2.715992514,51.000000000,
469,2.721792514,51.000000000,
470,2.727592514,51.000000000,
471,2.733392514,51.000000000,
472,2.739192514,12.459095955,
473,2.744992514,51.000000000,
474,2.750792514,13.018990517,
475,2.756592514,4.811893463,
476,2.762392514,4.794267178,
477,2.768192514,4.762624741,
478,2.773992513,51.000000000,
479,2.779792513,51.000000000,
480,2.785592513,51.000000000,
481,2.791392513,51.000000000,
482,2.797192513,51.000000000,
483,2.802992513,51.000000000,
484,2.808792513,51.000000000,
485,2.814592513,11.565374374,
486,2.820392513,11.714468956,
487,2.826192513,6.240941525,
488,2.831992513,6.295962811,
489,2.837792513,6.892721176,
490,2.843592513,7.114614487,
491,2.849392512,51.000000000,
492,2.855192512,7.636367798,
493,2.860992512,51.000000000,
494,2.866792512,51.000000000,
495,2.872592512,51.000000000,
496,2.878392512,51.000000000,
497,2.884192512,51.000000000,
498,2.889992512,51.000000000,
499,2.895792512,9.059720993,
500,2.901592512,9.040455818,
501,2.907392512,51.000000000,
502,2.913192512,51.000000000,
503,2.918992512,10.405011177,
504,2.924792512,51.000000000,
505,2.930592511,11.900781631,
506,2.936392511,12.361212730,
507,2.942192511,12.311742783,
508,2.947992511,12.232254028,
509,2.953792511,12.332695007,
510,2.959592511,51.000000000,
511,2.965392511,51.000000000,
512,2.971192511,12.169992447,
513,2.976992511,12.164362907,
514,2.982792511,12.127717972,
515,2.988592511,12.168023109,
516,2.994392511,12.044359207,
517,3.000192511,51.000000000,
518,3.005992510,12.278791428,
519,3.011792510,51.000000000,
520,3.017592510,51.000000000,
521,3.023392510,12.269519806,
522,3.029192510,51.000000000,
523,3.034992510,51.000000000,
524,3.040792510,51.000000000,
525,3.046592510,51.000000000,
526,3.052392510,51.000000000,
527,3.058192510,11.962018967,
528,3.063992510,11.739108086,
529,3.069792510,11.556159973,
530,3.075592510,11.786972046,
531,3.081392510,51.000000000,
532,3.087192509,11.830740929,
533,3.092992509,11.733490944,
534,3.098792509,11.679337502,
535,3.104592509,11.730097771,
536,3.110392509,11.810813904,
537,3.116192509,51.000000000,
538,3.121992509,11.277627945,
539,3.127792509,51.000000000,
540,3.133592509,51.000000000,
541,3.139392509,51.000000000,
542,3.145192509,11.158385277,
543,3.150992509,51.000000000,
544,3.156792509,51.000000000,
545,3.162592508,51.000000000,
546,3.168392508,11.019329071,
547,3.174192508,51.000000000,
548,3.179992508,51.000000000,
549,3.185792508,51.000000000,
550,3.191592508,51.000000000,
551,3.197392508,11.133488655,
552,3.203192508,10.900095940,
553,3.208992508,10.687022209,
554,3.214792508,9.216495514,
555,3.220592508,9.221797943,
556,3.226392508,9.182145119,
557,3.232192508,51.000000000,
558,3.237992508,9.815731049,
559,3.243792507,9.681129456,
560,3.249592507,9.058465004,
561,3.255392507,7.202125549,
562,3.261192507,7.258100510,
563,3.266992507,9.317445755,
564,3.272792507,51.000000000,
565,3.278592507,51.000000000,
566,3.284392507,51.000000000,
567,3.290192507,51.000000000,
568,3.295992507,7.728125095,
569,3.301792507,7.758035183,
570,3.307592507,6.100634098,
571,3.313392507,7.588358402,
572,3.319192506,7.637130260,
573,3.324992506,51.000000000,
574,3.330792506,51.000000000,
575,3.336592506,7.799270630,
576,3.342392506,7.843966961,
577,3.348192506,7.872688770,
578,3.353992506,51.000000000,
579,3.359792506,8.180611610,
580,3.365592506,6.397676468,
581,3.371392506,8.650876999,
582,3.377192506,6.302262783,
583,3.382992506,6.246219635,
584,3.388792506,7.590019226,
585,3.394592506,51.000000000,
586,3.400392505,51.000000000,
587,3.406192505,7.594171047,
588,3.411992505,7.500086308,
589,3.417792505,7.755752087,
590,3.423592505,51.000000000,
591,3.429392505,51.000000000,
592,3.435192505,51.000000000,
593,3.440992505,51.000000000,
594,3.446792505,7.724367619,
595,3.452592505,7.772639751,
596,3.458392505,6.488958359,
597,3.464192505,6.441620350,
598,3.469992505,6.440388203,
599,3.475792505,6.387044430,
600,3.481592504,6.414227962,
601,3.487392504,6.143492222,
602,3.493192504,8.570198059,
603,3.498992504,6.443964481,
604,3.504792504,6.461131573,
605,3.510592504,6.306547642,
606,3.516392504,51.000000000,
607,3.522192504,51.000000000,
608,3.527992504,51.000000000,
609,3.533792504,51.000000000,
610,3.539592504,51.000000000,
611,3.545392504,51.000000000,
612,3.551192504,8.787683487,
613,3.556992503,8.850604057,
614,3.562792503,8.823794365,
615,3.568592503,8.848802567,
616,3.574392503,8.873793602,
617,3.580192503,51.000000000,
618,3.585992503,7.899561405,
619,3.591792503,7.916508198,
620,3.597592503,7.875683308,
621,3.603392503,7.852770805,
622,3.609192503,7.887591839,
623,3.614992503,6.234510899,
624,3.620792503,7.981085777,
625,3.626592503,51.000000000,
626,3.632392503,6.283878326,
627,3.638192502,51.000000000,
628,3.643992502,51.000000000,
629,3.649792502,6.246740341,
630,3.655592502,7.352134228,
631,3.661392502,51.000000000,
632,3.667192502,51.000000000,
633,3.672992502,51.000000000,
634,3.678792502,51.000000000,
635,3.684592502,51.000000000,
636,3.690392502,51.000000000,
637,3.696192502,51.000000000,
638,3.701992502,51.000000000,
639,3.707792502,8.442417145,
640,3.713592501,8.237001419,
641,3.719392501,8.229413033,
642,3.725192501,51.000000000,
643,3.730992501,51.000000000,
644,3.736792501,51.000000000,
645,3.742592501,51.000000000,
646,3.748392501,9.414728165,
647,3.754192501,51.000000000,
648,3.759992501,51.000000000,
649,3.765792501,51.000000000,
650,3.771592501,51.000000000,
651,3.777392501,51.000000000,
652,3.783192501,51.000000000,
653,3.788992501,51.000000000,
654,3.794792500,51.000000000,
655,3.800592500,51.000000000,
656,3.806392500,51.000000000,
657,3.812192500,51.000000000,
658,3.817992500,9.530904770,
659,3.823792500,9.648970604,
660,3.829592500,9.627510071,
661,3.835392500,2.637789249,
662,3.841192500,2.618078470,
663,3.846992500,2.603111267,
664,3.852792500,2.578855753,
665,3.858592500,2.581861019,
666,3.864392500,2.580124855,
667,3.870192499,2.593524218,
668,3.875992499,2.586088896,
669,3.881792499,2.588111162,
670,3.887592499,2.588231564,
671,3.893392499,2.577932358,
672,3.899192499,2.586553097,
673,3.904992499,2.640345812,
674,3.910792499,51.000000000,
675,3.916592499,2.643066883,
676,3.922392499,2.634238958,
677,3.928192499,5.051470280,
678,3.933992499,2.608108759,
679,3.939792499,2.607018471,
680,3.945592499,2.627095461,
681,3.951392498,2.712311268,
682,3.957192498,2.721884489,
683,3.962992498,2.783573389,
684,3.968792498,2.770534754,
685,3.974592498,2.800731182,
686,3.980392498,2.770738125,
687,3.986192498,6.007573128,
688,3.991992498,2.751386404,
689,3.997792498,2.769621611,
690,4.003592498,2.809009075,
691,4.009392498,2.830163240,
692,4.015192498,6.024543285,
693,4.020992498,0.837701023,
694,4.026792497,13.485209465,
695,4.032592497,51.000000000,
696,4.038392497,51.000000000,
697,4.044192497,51.000000000,
698,4.049992497,0.866248012,
699,4.055792497,0.828991830,
700,4.061592497,51.000000000,
701,4.067392497,0.840111494,
702,4.073192497,51.000000000,
703,4.078992497,0.852001846,
704,4.084792497,51.000000000,
705,4.090592497,51.000000000,
706,4.096392497,51.000000000,
707,4.102192497,0.841815650,
708,4.107992496,0.864525497,
709,4.113792496,51.000000000,
710,4.119592496,0.864126861,
711,4.125392496,51.000000000,
712,4.131192496,0.867475450,
713,4.136992496,51.000000000,
714,4.142792496,0.814411700,
715,4.148592496,0.861949623,
716,4.154392496,0.896914303,
717,4.160192496,5.285242081,
718,4.165992496,51.000000000,
719,4.171792496,0.872083545,
720,4.177592496,0.887665868,
721,4.183392496,0.904022098,
722,4.189192495,0.918927789,
723,4.194992495,0.924525142,
724,4.200792495,51.000000000,
725,4.206592495,51.000000000,
726,4.212392495,51.000000000,
727,4.218192495,51.000000000,
728,4.223992495,51.000000000,
729,4.229792495,51.000000000,
730,4.235592495,0.892739296,
731,4.241392495,51.000000000,
732,4.247192495,51.000000000,
733,4.252992495,51.000000000,
734,4.258792495,51.000000000,
735,4.264592494,51.000000000,
736,4.270392494,51.000000000,
737,4.276192494,51.000000000,
738,4.281992494,51.000000000,
739,4.287792494,51.000000000,
740,4.293592494,13.582234383,
741,4.299392494,13.615334511,
742,4.305192494,51.000000000,
743,4.310992494,51.000000000,
744,4.316792494,0.835799754,
745,4.322592494,0.839286566,
746,4.328392494,10.600555420,
747,4.334192494,10.625654221,
748,4.339992494,0.835495830,
749,4.345792493,10.273266792,
750,4.351592493,10.240555763,
751,4.357392493,9.821124077,
752,4.363192493,0.828562737,
753,4.368992493,0.838138759,
754,4.374792493,0.869720578,
755,4.380592493,0.991218328,
756,4.386392493,0.836474776,
757,4.392192493,0.870693684,
758,4.397992493,0.858113050,
759,4.403792493,0.881528735,
760,4.409592493,10.029340744,
761,4.415392493,0.864384413,
762,4.421192492,9.911208153,
763,4.426992492,9.844450951,
764,4.432792492,9.791110039,
765,4.438592492,9.788383484,
766,4.444392492,9.880354881,
767,4.450192492,9.916518211,
768,4.455992492,9.861978531,
769,4.461792492,9.870245934,
770,4.467592492,9.807662964,
771,4.473392492,9.861173630,
772,4.479192492,9.942269325,
773,4.484992492,9.911050797,
774,4.490792492,9.907730103,
775,4.496592492,51.000000000,
776,4.502392491,13.363065720,
777,4.508192491,10.122762680,
778,4.513992491,51.000000000,
779,4.519792491,10.235174179,
780,4.525592491,10.106907845,
781,4.531392491,51.000000000,
782,4.537192491,51.000000000,
783,4.542992491,11.477827072,
784,4.548792491,10.191028595,
785,4.554592491,10.179639816,
786,4.560392491,10.155280113,
787,4.566192491,10.145863533,
788,4.571992491,10.172326088,
789,4.577792490,10.159899712,
790,4.583592490,10.062726021,
791,4.589392490,10.016386032,
792,4.595192490,10.033833504,
793,4.600992490,11.903387070,
794,4.606792490,11.788121223,
795,4.612592490,11.578063965,
796,4.618392490,11.329102516,
797,4.624192490,11.310587883,
798,4.629992490,11.229212761,
799,4.635792490,11.266539574,
800,4.641592490,51.000000000,
801,4.647392490,11.863987923,
802,4.653192490,51.000000000,
803,4.658992489,11.882076263,
804,4.664792489,51.000000000,
805,4.670592489,11.808582306,
806,4.676392489,11.635293007,
807,4.682192489,51.000000000,
808,4.687992489,51.000000000,
809,4.693792489,11.867027283,
810,4.699592489,6.053204060,
811,4.705392489,51.000000000,
812,4.711192489,51.000000000,
813,4.716992489,11.968843460,
814,4.722792489,11.656692505,
815,4.728592489,51.000000000,
816,4.734392488,11.381476402,
817,4.740192488,6.146185875,
818,4.745992488,6.142409801,
819,4.751792488,5.981867790,
820,4.757592488,6.761761665,
821,4.763392488,6.750976562,
822,4.769192488,51.000000000,
823,4.774992488,51.000000000,
824,4.780792488,51.000000000,
825,4.786592488,11.645186424,
826,4.792392488,11.549417496,
827,4.798192488,11.460618973,
828,4.803992488,6.331256866,
829,4.809792488,51.000000000,
830,4.815592487,6.559801579,
831,4.821392487,6.442537308,
832,4.827192487,51.000000000,
833,4.832992487,10.687099457,
834,4.838792487,1.782059073,
835,4.844592487,1.777084827,
836,4.850392487,5.481693268,
837,4.856192487,1.704179645,
838,4.861992487,1.640496254,
839,4.867792487,51.000000000,
840,4.873592487,51.000000000,
841,4.879392487,51.000000000,
842,4.885192487,51.000000000,
843,4.890992487,4.793947220,
844,4.896792486,4.804603577,
845,4.902592486,51.000000000,
846,4.908392486,51.000000000,
847,4.914192486,5.916714668,
848,4.919992486,51.000000000,
849,4.925792486,1.688671350,
850,4.931592486,1.699432850,
851,4.937392486,1.666051865,
852,4.943192486,1.716393232,
853,4.948992486,51.000000000,
854,4.954792486,1.711171150,
855,4.960592486,51.000000000,
856,4.966392486,51.000000000,
857,4.972192485,51.000000000,
858,4.977992485,51.000000000,
859,4.983792485,51.000000000,
860,4.989592485,51.000000000,
861,4.995392485,51.000000000,
862,5.001192485,51.000000000,
863,5.006992485,5.179411888,
864,5.012792485,4.868664742,
865,5.018592485,5.055140495,
866,5.024392485,4.767312050,
867,5.030192485,5.010832787,
868,5.035992485,5.171176434,
869,5.041792485,5.621924877,
870,5.047592485,5.606278419,
871,5.053392484,4.693412781,
872,5.059192484,5.630784988,
873,5.064992484,5.519629955,
874,5.070792484,1.227046609,
875,5.076592484,5.599447727,
876,5.082392484,5.586640358,
877,5.088192484,51.000000000,
878,5.093992484,51.000000000,
879,5.099792484,5.061044693,
880,5.105592484,5.012422562,
881,5.111392484,4.932004929,
882,5.117192484,4.963771820,
883,5.122992484,4.939909458,
884,5.128792483,0.844386458,
885,5.134592483,5.082768440,
886,5.140392483,5.059814930,
887,5.146192483,0.837294877,
888,5.151992483,5.068339348,
889,5.157792483,0.840440631,
890,5.163592483,0.844445586,
891,5.169392483,5.036916256,
892,5.175192483,5.068489075,
893,5.180992483,0.841883421,
894,5.186792483,0.850597858,
895,5.192592483,0.833861232,
896,5.198392483,0.855372429,
897,5.204192483,0.848531187,
898,5.209992482,0.857684791,
899,5.215792482,0.839755356,
900,5.221592482,0.856726885,
901,5.227392482,0.857982576,
902,5.233192482,0.871164501,
903,5.238992482,0.891766548,
904,5.244792482,0.846010625,
905,5.250592482,0.871682644,
906,5.256392482,0.900106966,
907,5.262192482,1.700544596,
908,5.267992482,5.406874180,
909,5.273792482,5.332481384,
910,5.279592482,51.000000000,
911,5.285392481,5.259061813,
912,5.291192481,5.220485687,
913,5.296992481,5.166175365,
914,5.302792481,5.172362328,
915,5.308592481,5.194471836,
916,5.314392481,5.209587097,
917,5.320192481,5.202756405,
918,5.325992481,5.209856033,
919,5.331792481,5.298761845,
920,5.337592481,5.365627289,
921,5.343392481,5.371655464,
922,5.349192481,5.325807095,
923,5.354992481,5.392601013,
924,5.360792481,5.499286652,
925,5.366592480,5.531070232,
926,5.372392480,5.515004635,
927,5.378192480,5.553790569,
928,5.383992480,5.603536129,
929,5.389792480,5.513559818,
930,5.395592480,5.519352913,
931,5.401392480,5.575784206,
932,5.407192480,51.000000000,
933,5.412992480,5.443783283,
934,5.418792480,5.375313282,
935,5.424592480,5.407913208,
936,5.430392480,5.441491604,
937,5.436192480,5.713264942,
938,5.441992479,5.702865124,
939,5.447792479,5.758346558,
940,5.453592479,5.866738796,
941,5.459392479,5.921689987,
942,5.465192479,51.000000000,
943,5.470992479,5.653505325,
944,5.476792479,5.770226479,
945,5.482592479,5.656761169,
946,5.488392479,5.672116756,
947,5.494192479,5.800327301,
948,5.499992479,6.096687794,
949,5.505792479,5.887170315,
950,5.511592479,5.891430855,
951,5.517392479,6.045541763,
952,5.523192478,6.061949730,
953,5.528992478,6.096099854,
954,5.534792478,6.081261158,
955,5.540592478,6.088384628,
956,5.546392478,6.196421146,
957,5.552192478,6.238480091,
958,5.557992478,6.135597706,
959,5.563792478,6.000711441,
960,5.569592478,5.921734810,
961,5.575392478,6.044630051,
962,5.581192478,6.186501503,
963,5.586992478,6.150430679,
964,5.592792478,6.132327080,
965,5.598592478,6.089048862,
966,5.604392477,6.062873840,
967,5.610192477,6.039672375,
968,5.615992477,5.955465794,
969,5.621792477,5.922216415,
970,5.627592477,5.932929516,
971,5.633392477,5.940619469,
972,5.639192477,5.968280792,
973,5.644992477,6.169505596,
974,5.650792477,6.372069836,
975,5.656592477,6.678602695,
976,5.662392477,6.499184608,
977,5.668192477,6.255745888,
978,5.673992477,5.240396500,
979,5.679792476,5.305850983,
980,5.685592476,5.306293488,
981,5.691392476,5.244719028,
982,5.697192476,nan,
983,5.702992476,5.465811729,
984,5.708792476,5.645125389,
985,5.714592476,nan,
986,5.720392476,nan,
987,5.726192476,nan,
988,5.731992476,nan,
989,5.737792476,nan,
990,5.743592476,5.859738350,
991,5.749392476,5.951873302,
992,5.755192476,6.021071911,
993,5.760992475,6.061135769,
994,5.766792475,6.271174431,
995,5.772592475,6.606188774,
996,5.778392475,6.636178970,
997,5.784192475,6.734144688,
998,5.789992475,6.297002792,
999,5.795792475,6.190896511,
1000,5.801592475,6.187764168,
1001,5.807392475,6.529603481,
1002,5.813192475,6.705418110,
1003,5.818992475,6.674211502,
1004,5.824792475,6.303734779,
1005,5.830592475,6.086465359,
1006,5.836392474,5.924171925,
1007,5.842192474,5.903848648,
1008,5.847992474,5.971494675,
1009,5.853792474,6.508080006,
1010,5.859592474,6.981642723,
1011,5.865392474,7.027206898,
1012,5.871192474,7.102743149,
1013,5.876992474,7.169254303,
1014,5.882792474,7.294733524,
1015,5.888592474,51.000000000,
1016,5.894392474,51.000000000,
1017,5.900192474,5.561150074,
1018,5.905992474,5.527526855,
1019,5.911792474,5.535869122,
1020,5.917592473,5.514493942,
1021,5.923392473,51.000000000,
1022,5.929192473,5.679954529,
1023,5.934992473,5.745151520,
1024,5.940792473,5.165796757,
1025,5.946592473,5.101997852,
1026,5.952392473,51.000000000,
1027,5.958192473,51.000000000,
1028,5.963992473,51.000000000,
1029,5.969792473,51.000000000,
1030,5.975592473,51.000000000,
1031,5.981392473,51.000000000,
1032,5.987192473,51.000000000,
1033,5.992992472,51.000000000,
1034,5.998792472,51.000000000,
1035,6.004592472,5.517917156,
1036,6.010392472,5.526781082,
1037,6.016192472,5.624541759,
1038,6.021992472,5.697297096,
1039,6.027792472,51.000000000,
1040,6.033592472,51.000000000,
1041,6.039392472,51.000000000,
1042,6.045192472,51.000000000,
1043,6.050992472,51.000000000,
1044,6.056792472,8.087253571,
1045,6.062592472,51.000000000,
1046,6.068392472,51.000000000,
1047,6.074192471,51.000000000,
1048,6.079992471,10.990255356,
1049,6.085792471,51.000000000,
1050,6.091592471,51.000000000,
1051,6.097392471,14.841350555,
1052,6.103192471,14.774806023,
1053,6.108992471,51.000000000,
1054,6.114792471,51.000000000,
1055,6.120592471,51.000000000,
1056,6.126392471,51.000000000,
1057,6.132192471,51.000000000,
1058,6.137992471,51.000000000,
1059,6.143792471,51.000000000,
1060,6.149592470,51.000000000,
1061,6.155392470,51.000000000,
1062,6.161192470,51.000000000,
1063,6.166992470,51.000000000,
1064,6.172792470,51.000000000,
1065,6.178592470,51.000000000,
1066,6.184392470,51.000000000,
1067,6.190192470,51.000000000,
1068,6.195992470,51.000000000,
1069,6.201792470,51.000000000,
1070,6.207592470,51.000000000,
1071,6.213392470,51.000000000,
1072,6.219192470,51.000000000,
1073,6.224992470,51.000000000,
1074,6.230792469,51.000000000,
1075,6.236592469,51.000000000,
1076,6.242392469,51.000000000,
1077,6.248192469,51.000000000,
1078,6.253992469,51.000000000,
1079,6.259792469,51.000000000,
1080,6.265592469,51.000000000,
1081,6.271392469,51.000000000,
1082,6.277192469,51.000000000,
