traversal,profile,method,n_runs,ape_raw_rmse_mean,ape_raw_rmse_std,ape_align_rmse_mean,ape_align_rmse_std,row_correct_fraction_mean,row_correct_fraction_std,failure_rate_mean,failure_rate_std,wrong_row_duration_sec_mean,wrong_row_duration_sec_std,cross_track_mean_mean,cross_track_mean_std,speed_mean_mean,speed_mean_std,accel_rms_mean,accel_rms_std
rh1,drift_bias,AMCL+NoisyGNSS,3,2.0754829949056104,0.12104545731837257,1.6050002495853726,6.024758078547475e-05,0.6159600997506235,0.0,0.38403990024937656,0.0,165.0721755027771,0.0,1.3542836022916347,1.2386987789847798e-05,0.6395196671129718,9.102243978396069e-07,0.37375363897610187,8.395358957553846e-09
rh1,drift_bias,NoisyGNSS,3,4.47141434281358,0.5378470966964758,4.098063210812916,0.4871356352250255,0.44277360066833754,0.0733365291473843,0.5572263993316625,0.0733365291473843,888.0,115.56239296010907,2.979961773713171,0.16106446302307806,0.3668127700416947,0.009868863450717193,0.06898802237996181,0.0014892108983946004
rh1,drift_bias,RTAB RGB+NoisyGNSS,3,39.51165070109436,0.19494765635209169,6.412032572158755,7.209529990251017e-05,0.376657824933687,0.0,0.623342175066313,0.0,259.529723405838,0.0,5.350238186576867,5.879224747849872e-05,0.6068432884672897,1.2789194062075214e-05,0.03543544498768741,5.801740780021772e-06
rh1,drift_bias,RTAB RGBD+NoisyGNSS,3,39.47695339150105,0.19487455001047332,6.454468586954596,6.852848616050228e-05,0.3763157894736842,0.0,0.6236842105263158,0.0,259.9646246433258,0.0,5.37427518528792,5.680094950541622e-05,0.6049457101489345,1.4073517449299472e-05,0.036086708791405575,2.460939914166343e-05
rh1,drift_bias,SLPF,3,3.549828387058234,0.589936535705322,3.26399034995776,0.5926522678076218,0.41938178780284047,0.08721260349778039,0.5806182121971596,0.08721260349778037,925.3333333333334,139.34449716041493,2.5025960877901396,0.2866196506515517,0.17946594383729475,0.0035665270284287566,0.03197391798549581,9.74984653264794e-05
rh1,gaussian_high,AMCL+NoisyGNSS,3,2.0171346854587937,0.056400065509735454,1.6049748967575956,3.015974737524505e-05,0.6159600997506235,0.0,0.38403990024937656,0.0,165.0721755027771,0.0,1.354280282679122,1.6477977117510928e-05,0.6395198000525134,9.109794234870872e-07,0.37375363646773035,5.699085781930863e-09
rh1,gaussian_high,NoisyGNSS,3,3.1986385045610604,0.0500487714391775,3.149931937073127,0.04776679185940641,0.5112781954887219,0.03994330188097553,0.48872180451127817,0.03994330188097552,780.0,63.74950980203691,2.361682555260702,0.0630881623422932,0.9079181853766318,0.01408323599111053,0.15598238878520868,0.005071872967836368
rh1,gaussian_high,RTAB RGB+NoisyGNSS,3,39.43201352067803,0.1004744601062327,6.412002095704047,3.5841021050482664e-05,0.376657824933687,0.0,0.623342175066313,0.0,259.529723405838,0.0,5.350213670876234,2.9587665287318647e-05,0.6068399566807465,1.7726197181397637e-05,0.03543512742479235,7.931997310401894e-06
rh1,gaussian_high,RTAB RGBD+NoisyGNSS,3,39.39717611890068,0.10017848615779565,6.4544394395975,3.389039422385238e-05,0.3763157894736842,0.0,0.6236842105263158,0.0,259.9646246433258,0.0,5.374251108539103,2.8151186553978278e-05,0.6049446607272507,1.823433745752185e-05,0.03608662205944477,3.124202222654143e-05
rh1,gaussian_high,SLPF,3,1.5634724812007903,0.13612383112771292,1.4197595363887083,0.16365251301175937,0.6833751044277361,0.04667908118529323,0.316624895572264,0.0466790811852932,505.3333333333333,74.49981357172796,1.470400947293264,0.11234430154199102,0.1754109191227231,0.0016481181525373775,0.03168557774648659,0.0003349107683299731
rh1,headland_only_degradation,AMCL+NoisyGNSS,3,2.036718762240479,0.09716372523885446,1.6049798381655263,5.081343108345581e-05,0.6159600997506235,0.0,0.38403990024937656,0.0,165.0721755027771,0.0,1.354285103289963,2.0745684099132047e-05,0.6395199765742463,1.2045375691399782e-06,0.373753636052575,8.454133722549632e-09
rh1,headland_only_degradation,NoisyGNSS,3,2.5683332961352847,0.1870872109433081,2.4984160773438147,0.2248390780890877,0.70843776106934,0.0761380610864792,0.29156223893065997,0.07613806108647918,464.0,119.73303637676612,1.8585205500428448,0.1442335647538841,0.43185418081632626,0.033387767988023266,0.11762140859764798,0.037082318783255054
rh1,headland_only_degradation,RTAB RGB+NoisyGNSS,3,39.444881593668846,0.16702428303618824,6.412008343831985,6.064912570919812e-05,0.376657824933687,0.0,0.623342175066313,0.0,259.529723405838,0.0,5.3502182946878944,4.977552053067106e-05,0.6068452606838933,2.209311170900244e-05,0.03543789060493397,1.089315787640624e-05
rh1,headland_only_degradation,RTAB RGBD+NoisyGNSS,3,39.41028345921188,0.16674228604938604,6.454445654715624,5.749772179652777e-05,0.3763157894736842,0.0,0.6236842105263158,0.0,259.9646246433258,0.0,5.374256175814765,4.772287210716494e-05,0.6049494211288623,2.2986167695946813e-05,0.03609506144031532,4.029383404548009e-05
rh1,headland_only_degradation,SLPF,3,1.1698522306325636,0.3234063939001321,1.1116090393910742,0.3000997656963517,0.747702589807853,0.08199060415295102,0.252297410192147,0.08199060415295102,401.3333333333333,129.00990487383345,1.3972422708876966,0.05191311455837752,0.16875137521102715,0.0029533247270161086,0.032466645776719226,0.00040666552172776734
rh1,multipath_bursts,AMCL+NoisyGNSS,3,2.0278239124154527,0.04198616545937107,1.6049856392758806,2.1322820425103413e-05,0.6159600997506235,0.0,0.38403990024937656,0.0,165.0721755027771,0.0,1.3542733388820591,9.665298126295365e-06,0.6395193427629655,5.3158055227417e-07,0.3737536392947594,3.5857544004219677e-09
rh1,multipath_bursts,NoisyGNSS,3,3.466369915592862,0.30087987320323467,3.441533229118635,0.31377298147947363,0.6390977443609022,0.03550297303404477,0.3609022556390977,0.03550297303404474,576.0,56.66274496233541,1.957730808873385,0.19723067985663922,0.6060426250311458,0.060748996143769794,0.2481688467975612,0.02964459455983836
rh1,multipath_bursts,RTAB RGB+NoisyGNSS,3,39.47087753867836,0.06982617233607932,6.412014303022896,2.551538713977392e-05,0.376657824933687,0.0,0.623342175066313,0.0,259.529723405838,0.0,5.350224287545231,2.088668313914548e-05,0.6068321293512645,1.0313058267149534e-05,0.035431262342192536,3.7664156971531996e-06
rh1,multipath_bursts,RTAB RGBD+NoisyGNSS,3,39.43567403793966,0.06972960058236818,6.454450633910947,2.4228489227753726e-05,0.3763157894736842,0.0,0.6236842105263158,0.0,259.9646246433258,0.0,5.374260478501249,2.010411427564771e-05,0.6049360627107893,1.0512138164130434e-05,0.036071358771013216,1.7121703224684306e-05
rh1,multipath_bursts,SLPF,3,1.319639793487952,0.06484413008045997,1.2409293570582078,0.07114045511711102,0.720969089390142,0.02441376640969501,0.27903091060985796,0.024413766409695,445.3333333333333,38.96437118987322,1.3801447626441075,0.09228593093090914,0.1713881064186981,0.00249715245551793,0.031839001082146434,0.0005391446189046703
rh1,nominal,AMCL+NoisyGNSS,3,2.029566697943848,0.02679543777208014,1.604987186570612,1.3636180761385836e-05,0.6159600997506235,0.0,0.38403990024937656,0.0,165.0721755027771,0.0,1.3542729314294804,6.485274740642422e-06,0.6395193006088866,3.5643393190918244e-07,0.37375363963402436,2.3475044005150707e-09
rh1,nominal,NoisyGNSS,3,1.3043671350600439,0.05955182434397505,1.276935090051465,0.06548314278269532,0.7042606516290726,0.0301447260696219,0.29573934837092725,0.030144726069621913,472.0,48.11098280711657,1.4590788316007703,0.08848201363069538,0.33338779705431665,0.01633546042973852,0.07122663727793559,0.008401385423600307
rh1,nominal,RTAB RGB+NoisyGNSS,3,39.4762085360599,0.044776722202311985,6.412016156396611,1.628782061462162e-05,0.376657824933687,0.0,0.623342175066313,0.0,259.529723405838,0.0,5.350225842464186,1.335185785006365e-05,0.606831597149997,6.943829498247742e-06,0.03543082852672694,2.4634351410846333e-06
rh1,nominal,RTAB RGBD+NoisyGNSS,3,39.44098448335884,0.04470095963274202,6.4544523729369,1.5454756129341144e-05,0.3763157894736842,0.0,0.6236842105263158,0.0,259.9646246433258,0.0,5.374261932480819,1.2824281154754635e-05,0.6049353988362258,7.087075886786861e-06,0.03606998197783178,1.1482628161676888e-05
rh1,nominal,SLPF,3,0.9114377777330084,0.0856129269795695,0.8565598887809829,0.07658123283854362,0.7451963241436926,0.03037537002957031,0.2548036758563074,0.03037537002957033,406.6666666666667,48.47909056719425,1.3191820645087773,0.07476485901840452,0.16881097560171063,0.0008312863187795197,0.03192272016256948,0.00021872248407198524
rh1,outage_10s,AMCL+NoisyGNSS,3,2.029566697943848,0.02679543777208014,1.604987186570612,1.3636180761385836e-05,0.6159600997506235,0.0,0.38403990024937656,0.0,165.0721755027771,0.0,1.3542729314294804,6.485274740642422e-06,0.6395193006088866,3.5643393190918244e-07,0.37375363963402436,2.3475044005150707e-09
rh1,outage_10s,NoisyGNSS,3,1.4679776835773684,0.26439436045037873,1.442084205589678,0.27110458947821753,0.7062289562289562,0.027379555500489205,0.29377104377104374,0.027379555500489233,473.3333333333333,40.83571421630281,1.4573090941566538,0.09873679211147947,0.3369783614667889,0.021229762431796664,0.0773806372726455,0.01627794149495828
rh1,outage_10s,RTAB RGB+NoisyGNSS,3,39.4762085360599,0.044776722202311985,6.412016156396611,1.628782061462162e-05,0.376657824933687,0.0,0.623342175066313,0.0,259.529723405838,0.0,5.350225842464186,1.335185785006365e-05,0.606831597149997,6.943829498247742e-06,0.03543082852672694,2.4634351410846333e-06
rh1,outage_10s,RTAB RGBD+NoisyGNSS,3,39.44098448335884,0.04470095963274202,6.4544523729369,1.5454756129341144e-05,0.3763157894736842,0.0,0.6236842105263158,0.0,259.9646246433258,0.0,5.374261932480819,1.2824281154754635e-05,0.6049353988362258,7.087075886786861e-06,0.03606998197783178,1.1482628161676888e-05
rh1,outage_10s,SLPF,3,0.9658771373381358,0.0699150110369349,0.910188734312066,0.07256297372273215,0.7485380116959064,0.04912678505593701,0.25146198830409355,0.049126785055937025,401.3333333333333,78.4063489492755,1.300357672318907,0.09208109878908027,0.1695484833550044,0.0013835655990919499,0.03204529064082103,0.00023699227792920832
rh1,outage_20s,AMCL+NoisyGNSS,3,2.029566697943848,0.02679543777208014,1.604987186570612,1.3636180761385836e-05,0.6159600997506235,0.0,0.38403990024937656,0.0,165.0721755027771,0.0,1.3542729314294804,6.485274740642422e-06,0.6395193006088866,3.5643393190918244e-07,0.37375363963402436,2.3475044005150707e-09
rh1,outage_20s,NoisyGNSS,3,1.4697097585174477,0.2655412185447289,1.4437173479290661,0.2724275594078511,0.7064297800338409,0.028135853042835706,0.29357021996615906,0.028135853042835692,469.3333333333333,49.45929864264375,1.4554133622459968,0.09782772268590786,0.33718336068124116,0.021329462529982683,0.07748006093756098,0.016339384356448414
rh1,outage_20s,RTAB RGB+NoisyGNSS,3,39.4762085360599,0.044776722202311985,6.412016156396611,1.628782061462162e-05,0.376657824933687,0.0,0.623342175066313,0.0,259.529723405838,0.0,5.350225842464186,1.335185785006365e-05,0.606831597149997,6.943829498247742e-06,0.03543082852672694,2.4634351410846333e-06
rh1,outage_20s,RTAB RGBD+NoisyGNSS,3,39.44098448335884,0.04470095963274202,6.4544523729369,1.5454756129341144e-05,0.3763157894736842,0.0,0.6236842105263158,0.0,259.9646246433258,0.0,5.374261932480819,1.2824281154754635e-05,0.6049353988362258,7.087075886786861e-06,0.03606998197783178,1.1482628161676888e-05
rh1,outage_20s,SLPF,3,0.9326300845656911,0.06834551669201216,0.8779629094656604,0.06795487813490653,0.720969089390142,0.034868231837442296,0.27903091060985796,0.03486823183744228,445.3333333333333,55.649698012557884,1.3326888825271201,0.08516667231984877,0.16833662152482617,0.001197314963622053,0.031954986882195176,6.305875211350715e-05
rh1,outage_5s,AMCL+NoisyGNSS,3,2.029566697943848,0.02679543777208014,1.604987186570612,1.3636180761385836e-05,0.6159600997506235,0.0,0.38403990024937656,0.0,165.0721755027771,0.0,1.3542729314294804,6.485274740642422e-06,0.6395193006088866,3.5643393190918244e-07,0.37375363963402436,2.3475044005150707e-09
rh1,outage_5s,NoisyGNSS,3,1.4654370915001522,0.2629930559567218,1.4393484484100896,0.2698859009571478,0.7060301507537688,0.02842640326378077,0.2939698492462312,0.028426403263780823,468.0,45.254833995939045,1.4617946763431842,0.09849512270381043,0.33696920562618077,0.021013800156797505,0.07746251098523098,0.01611499556829036
rh1,outage_5s,RTAB RGB+NoisyGNSS,3,39.4762085360599,0.044776722202311985,6.412016156396611,1.628782061462162e-05,0.376657824933687,0.0,0.623342175066313,0.0,259.529723405838,0.0,5.350225842464186,1.335185785006365e-05,0.606831597149997,6.943829498247742e-06,0.03543082852672694,2.4634351410846333e-06
rh1,outage_5s,RTAB RGBD+NoisyGNSS,3,39.44098448335884,0.04470095963274202,6.4544523729369,1.5454756129341144e-05,0.3763157894736842,0.0,0.6236842105263158,0.0,259.9646246433258,0.0,5.374261932480819,1.2824281154754635e-05,0.6049353988362258,7.087075886786861e-06,0.03606998197783178,1.1482628161676888e-05
rh1,outage_5s,SLPF,3,0.8904707688447114,0.0993694825341158,0.847018021195896,0.09039742768957149,0.7368421052631579,0.03920256710660008,0.2631578947368421,0.03920256710660005,420.0,62.567297102133686,1.3403088028730428,0.08408643911998376,0.16967491111907226,0.0027787047175792893,0.0321825502728934,0.0004964041050895606
rh2,drift_bias,AMCL+NoisyGNSS,3,3.228957070737932,0.9093777274513328,2.033277789780725,0.18296334389542773,0.5355908552558238,0.04879449743583278,0.4644091447441761,0.048794497435832807,209.86652620633444,20.241855464422578,1.6290470343589982,0.12659273131045415,0.627771782758626,0.005862314786576181,0.5128720144543936,0.1943629217902967
rh2,drift_bias,NoisyGNSS,3,4.4380967842016865,0.5292355996466298,4.094489162362056,0.4702367719114157,0.3850720949957591,0.03313320608078815,0.6149279050042409,0.033133206080788145,966.6666666666666,52.08539995899896,3.2166953606193776,0.4102698940663559,0.3665083501975572,0.00876906714276867,0.0683827871807418,0.0029124007321661726
rh2,drift_bias,RTAB RGB+NoisyGNSS,3,40.023635962719915,1.1542613486643731,8.058702933335958,0.427097778701712,0.39657222461804204,0.018652002237087864,0.603427775381958,0.018652002237087826,263.20026659965515,2.933841298008415,6.3163235466552266,0.30110565773772474,0.5910897099865609,0.011057448242739297,0.03222607533716874,0.0003046980220683398
rh2,drift_bias,RTAB RGBD+NoisyGNSS,3,58.58902955657538,24.043068555653573,8.899959037968214,0.44400361321951587,0.41673188339855005,0.002421187730539783,0.5832681166014498,0.0024211877305397567,259.7888126373291,1.039459284235533,6.741480372203558,0.07875377404654901,0.6508192158594986,0.09776648270172884,1.0491547980254843,1.3559098581487048
rh2,drift_bias,SLPF,3,3.634659707586785,0.34651136771581037,3.224669772182304,0.3550981017627294,0.3596268023748939,0.07674004774396963,0.640373197625106,0.07674004774396963,1005.3333333333334,118.76400502209788,2.813362706605726,0.28051691652657407,0.18364919927806714,0.0026149216027612555,0.03066242454287356,0.0006560216794594565
rh2,gaussian_high,AMCL+NoisyGNSS,3,3.2309499260621557,0.8362695004159857,2.0332703130790484,0.18292795834713782,0.5355908552558238,0.04879449743583278,0.4644091447441761,0.048794497435832807,209.86652620633444,20.241855464422578,1.629057081801806,0.12655503352045586,0.6277875490970234,0.0058440878624062545,0.5128722064985403,0.19436370317020393
rh2,gaussian_high,NoisyGNSS,3,3.1965657037682327,0.1049529196331442,3.165122633847552,0.12300534241130791,0.5063613231552163,0.02996356528016232,0.49363867684478374,0.029963565280162342,776.0,47.10272462041518,2.3764807366946687,0.09791894332752672,0.9065180927232431,0.010705272404894621,0.15376142102125354,0.00637048227472297
rh2,gaussian_high,RTAB RGB+NoisyGNSS,3,40.042045067896375,1.0880016082849515,8.058709333566432,0.4270789793140503,0.39657222461804204,0.018652002237087864,0.603427775381958,0.018652002237087826,263.20026659965515,2.933841298008415,6.316321943110066,0.3010933866206343,0.591106303752779,0.011079407042758106,0.03224237587094595,0.0003253873873617219
rh2,gaussian_high,RTAB RGBD+NoisyGNSS,3,58.638933090669866,24.193359023521264,8.9001510605653,0.444298034440028,0.41673188339855005,0.002421187730539783,0.5832681166014498,0.0024211877305397567,259.7888126373291,1.039459284235533,6.741494272205261,0.07879851219555692,0.650831173639569,0.09780763940788928,1.0493324275738138,1.356407226561667
rh2,gaussian_high,SLPF,3,1.689952827546172,0.14448655173032157,1.488898829953593,0.20039761929464606,0.6064461407972859,0.05273720629926992,0.3935538592027142,0.05273720629926994,618.6666666666666,82.90288830245234,1.6433275980239834,0.09517646365949196,0.17857275487570834,0.001534348079569792,0.030311367247208617,0.0004085413365237372
rh2,headland_only_degradation,AMCL+NoisyGNSS,3,3.2204598662716735,0.8616999943717211,2.033268927381847,0.18294128374742796,0.5355908552558238,0.04879449743583278,0.4644091447441761,0.048794497435832807,209.86652620633444,20.241855464422578,1.6290499089706916,0.12656735770613797,0.6277761455160703,0.00584567359926375,0.5128710751761171,0.1943642643854784
rh2,headland_only_degradation,NoisyGNSS,3,2.4775626139609392,0.17500633180130107,2.413134603156324,0.15028047502662367,0.7930449533502969,0.06455062795738911,0.20695504664970313,0.06455062795738913,325.3333333333333,101.47358714901573,1.8565468160420295,0.1252986860028693,0.4308703958656157,0.01706817680367834,0.10973774882989394,0.009502217889929757
rh2,headland_only_degradation,RTAB RGB+NoisyGNSS,3,40.030954172953166,1.1251661027329845,8.058705078267911,0.4270878896400108,0.39657222461804204,0.018652002237087864,0.603427775381958,0.018652002237087826,263.20026659965515,2.933841298008415,6.31632224818616,0.3011020360967004,0.5910958271324425,0.01107615526224751,0.03223181807667543,0.00032164956600674974
rh2,headland_only_degradation,RTAB RGBD+NoisyGNSS,3,58.61686268890694,24.13829455099109,8.90007703266804,0.4441866896092565,0.41673188339855005,0.002421187730539783,0.5832681166014498,0.0024211877305397567,259.7888126373291,1.039459284235533,6.7414884499409,0.07878180786078126,0.6508236932541225,0.09779425526150512,1.0492730895372848,1.3562126946997983
rh2,headland_only_degradation,SLPF,3,1.4627233313255437,0.11407479607533731,1.361323973214126,0.1217807088585392,0.6624257845631891,0.03747365909139017,0.3375742154368109,0.037473659091390214,528.0,57.22470329033316,1.4606649218562149,0.05859033344377662,0.17160179107012485,0.00048617654524659137,0.031113233970475065,0.00021537472484218668
rh2,multipath_bursts,AMCL+NoisyGNSS,3,3.2407953165494323,0.8550964482861692,2.0332758915723628,0.18293503960429375,0.5355908552558238,0.04879449743583278,0.4644091447441761,0.048794497435832807,209.86652620633444,20.241855464422578,1.6290596395576988,0.1265637056487945,0.6277932058334666,0.0058570053302147785,0.512873810719993,0.19436230331644205
rh2,multipath_bursts,NoisyGNSS,3,3.879668448263066,0.4839662481171704,3.8418991940743545,0.46625767531298645,0.628498727735369,0.03963807106207948,0.371501272264631,0.039638071062079464,584.0,62.31104770958892,2.043862159222311,0.03523429856988236,0.6269163927921985,0.06287001087086312,0.2881345460007049,0.04552434867640925
rh2,multipath_bursts,RTAB RGB+NoisyGNSS,3,40.0428391654782,1.0837452431057224,8.058710499154696,0.4270803356122531,0.39657222461804204,0.018652002237087864,0.603427775381958,0.018652002237087826,263.20026659965515,2.933841298008415,6.316322011434797,0.30109058657348664,0.5911102626049455,0.011068139823742038,0.032245811783105406,0.00031405377505106874
rh2,multipath_bursts,RTAB RGBD+NoisyGNSS,3,58.636361721445574,24.16843014123036,8.900124862496675,0.444253540175953,0.41673188339855005,0.002421187730539783,0.5832681166014498,0.0024211877305397567,259.7888126373291,1.039459284235533,6.74149334225357,0.07879156456993423,0.6508353967343344,0.09779698167983256,1.0493132210482419,1.3563278730753012
rh2,multipath_bursts,SLPF,3,1.4650487420401033,0.09536686130517219,1.333587887363736,0.1630871311183783,0.6276505513146735,0.024611735587017652,0.3723494486853265,0.024611735587017642,585.3333333333334,38.689648342791756,1.6074766973857113,0.07802811501054352,0.1758849021803129,0.0015035272538056284,0.03060951461745463,0.0002104134156792145
rh2,nominal,AMCL+NoisyGNSS,3,3.2453247182572365,0.8523554995919206,2.0332779027529293,0.18293249981431625,0.5355908552558238,0.04879449743583278,0.4644091447441761,0.048794497435832807,209.86652620633444,20.241855464422578,1.629061961292536,0.1265624825991884,0.6277963410863112,0.005856238805472333,0.5128741749412261,0.19436206125664196
rh2,nominal,NoisyGNSS,3,1.3184822446208206,0.08501486289901437,1.2920262260868738,0.09538271527377123,0.7065309584393553,0.03180378839567882,0.29346904156064463,0.03180378839567884,461.3333333333333,49.99555535800713,1.4659684860059181,0.036160842830736985,0.3340928596328953,0.017296338743582183,0.07134196110296706,0.009836971212990321
rh2,nominal,RTAB RGB+NoisyGNSS,3,40.046426487259374,1.070537664017192,8.05871182094108,0.4270773907797898,0.39657222461804204,0.018652002237087864,0.603427775381958,0.018652002237087826,263.20026659965515,2.933841298008415,6.316322115812508,0.3010873600447805,0.5911127608903134,0.011068601372756509,0.03224847238480654,0.0003145679175521968
rh2,nominal,RTAB RGBD+NoisyGNSS,3,58.640821627514356,24.175884722096594,8.90013585691156,0.44427021400929034,0.41673188339855005,0.002421187730539783,0.5832681166014498,0.0024211877305397567,259.7888126373291,1.039459284235533,6.7414944038210685,0.07879395256052876,0.6508358093845173,0.09779943427053141,1.0493078903128186,1.3563664370093445
rh2,nominal,SLPF,3,1.0250990714916537,0.05689858927551992,0.9163422315291356,0.10710872501909156,0.6895674300254453,0.03457814607402804,0.3104325699745547,0.034578146074027996,488.0,54.35684562837202,1.4785766295015306,0.03014872918757451,0.1728205183857655,0.00037317980550610665,0.03080228852427348,0.00020175533853536423
rh2,outage_10s,AMCL+NoisyGNSS,3,3.2453247182572365,0.8523554995919206,2.0332779027529293,0.18293249981431625,0.5355908552558238,0.04879449743583278,0.4644091447441761,0.048794497435832807,209.86652620633444,20.241855464422578,1.629061961292536,0.1265624825991884,0.6277963410863112,0.005856238805472333,0.5128741749412261,0.19436206125664196
rh2,outage_10s,NoisyGNSS,3,1.469914892241345,0.228481103527339,1.4453616933907274,0.23004878082818117,0.705982905982906,0.03149662525245859,0.294017094017094,0.0314966252524586,462.6666666666667,46.91363222869115,1.4749618048459137,0.030376320083557787,0.3406818091545345,0.020625505027768862,0.07919069470493915,0.018067132936375702
rh2,outage_10s,RTAB RGB+NoisyGNSS,3,40.046426487259374,1.070537664017192,8.05871182094108,0.4270773907797898,0.39657222461804204,0.018652002237087864,0.603427775381958,0.018652002237087826,263.20026659965515,2.933841298008415,6.316322115812508,0.3010873600447805,0.5911127608903134,0.011068601372756509,0.03224847238480654,0.0003145679175521968
rh2,outage_10s,RTAB RGBD+NoisyGNSS,3,58.640821627514356,24.175884722096594,8.90013585691156,0.44427021400929034,0.41673188339855005,0.002421187730539783,0.5832681166014498,0.0024211877305397567,259.7888126373291,1.039459284235533,6.7414944038210685,0.07879395256052876,0.6508358093845173,0.09779943427053141,1.0493078903128186,1.3563664370093445
rh2,outage_10s,SLPF,3,0.9896058729396118,0.07778866211100627,0.9062679173719701,0.09845366396372034,0.6853265479219677,0.03377829983331615,0.31467345207803227,0.03377829983331615,494.6666666666667,53.099487337973,1.4414092787949144,0.01649818533162936,0.17257800058306505,0.000230559218813815,0.030731442654810856,0.0001429621573687267
rh2,outage_20s,AMCL+NoisyGNSS,3,3.2453247182572365,0.8523554995919206,2.0332779027529293,0.18293249981431625,0.5355908552558238,0.04879449743583278,0.4644091447441761,0.048794497435832807,209.86652620633444,20.241855464422578,1.629061961292536,0.1265624825991884,0.6277963410863112,0.005856238805472333,0.5128741749412261,0.19436206125664196
rh2,outage_20s,NoisyGNSS,3,1.4688328373190858,0.23071468718124444,1.4436809263581811,0.23187916993722174,0.7036082474226805,0.032803922838551165,0.2963917525773196,0.032803922838551186,460.0,50.91168824543142,1.4778690140989224,0.030160751820257813,0.3401303943157344,0.021445596916765324,0.0791105768465914,0.018308238169526855
rh2,outage_20s,RTAB RGB+NoisyGNSS,3,40.046426487259374,1.070537664017192,8.05871182094108,0.4270773907797898,0.39657222461804204,0.018652002237087864,0.603427775381958,0.018652002237087826,263.20026659965515,2.933841298008415,6.316322115812508,0.3010873600447805,0.5911127608903134,0.011068601372756509,0.03224847238480654,0.0003145679175521968
rh2,outage_20s,RTAB RGBD+NoisyGNSS,3,58.640821627514356,24.175884722096594,8.90013585691156,0.44427021400929034,0.41673188339855005,0.002421187730539783,0.5832681166014498,0.0024211877305397567,259.7888126373291,1.039459284235533,6.7414944038210685,0.07879395256052876,0.6508358093845173,0.09779943427053141,1.0493078903128186,1.3563664370093445
rh2,outage_20s,SLPF,3,1.050035558087165,0.062252567701901095,0.9613438736799634,0.10221181832509206,0.6938083121289228,0.0361247488363814,0.30619168787107715,0.03612474883638145,481.3333333333333,56.78810517079161,1.4762741398679076,0.05230530364119702,0.1732574335163631,0.0002633163959056029,0.030883576470952592,0.0003014415316292064
rh2,outage_5s,AMCL+NoisyGNSS,3,3.2453247182572365,0.8523554995919206,2.0332779027529293,0.18293249981431625,0.5355908552558238,0.04879449743583278,0.4644091447441761,0.048794497435832807,209.86652620633444,20.241855464422578,1.629061961292536,0.1265624825991884,0.6277963410863112,0.005856238805472333,0.5128741749412261,0.19436206125664196
rh2,outage_5s,NoisyGNSS,3,1.4686031836649456,0.22651451782810042,1.4443619808243267,0.22817574383412678,0.7074829931972789,0.03133592818484402,0.292517006802721,0.03133592818484401,458.6666666666667,49.13473539383541,1.4712279310669325,0.03034309733182119,0.340625124532779,0.020654684319926588,0.0792511343207426,0.017886099167837427
rh2,outage_5s,RTAB RGB+NoisyGNSS,3,40.046426487259374,1.070537664017192,8.05871182094108,0.4270773907797898,0.39657222461804204,0.018652002237087864,0.603427775381958,0.018652002237087826,263.20026659965515,2.933841298008415,6.316322115812508,0.3010873600447805,0.5911127608903134,0.011068601372756509,0.03224847238480654,0.0003145679175521968
rh2,outage_5s,RTAB RGBD+NoisyGNSS,3,58.640821627514356,24.175884722096594,8.90013585691156,0.44427021400929034,0.41673188339855005,0.002421187730539783,0.5832681166014498,0.0024211877305397567,259.7888126373291,1.039459284235533,6.7414944038210685,0.07879395256052876,0.6508358093845173,0.09779943427053141,1.0493078903128186,1.3563664370093445
rh2,outage_5s,SLPF,3,0.9978553083980874,0.04881928508955582,0.9124134076274749,0.07860003502673489,0.6878710771840543,0.042391854112297886,0.31212892281594573,0.042391854112297886,490.6666666666667,66.63999466453227,1.463059425242875,0.020120920249380534,0.17299434402729053,0.0010589747306458618,0.030905557120534888,0.00026332112970162217
